train_id,route,distance_miles,weather_condition,cargo_weight_tons,scheduled_duration_hours,actual_duration_hours,crew_experience_years,locomotive_age_years,maintenance_score,delayed
TRAIN-0000,Texas-Portland,1271,Rain,1559,91,88.82389213628568,24.0,2,75.724280300374,0
TRAIN-0001,Denver-LA,1753,Clear,4515,32,38.13261745022863,3.0,18,,1
TRAIN-0002,Texas-Portland,501,Snow,2319,32,25.82520633698379,1.0,8,80.93245952266642,0
TRAIN-0003,Texas-Portland,690,Fog,3330,38,49.22031858441294,20.0,14,83.49571311689245,1
TRAIN-0004,Chicago-Seattle,768,Clear,2390,86,89.16202445320981,8.0,23,76.96441074339648,1
TRAIN-0005,Texas-Portland,1655,Fog,5242,87,90.01280235988786,,4,61.46531663104558,1
TRAIN-0006,Texas-Portland,1024,Clear,2599,70,74.15237381270681,21.0,28,67.91344056729136,1
TRAIN-0007,Denver-LA,1137,Clear,2341,90,94.10636107671903,,23,88.50015413855414,1
TRAIN-0008,Texas-Portland,1884,Clear,4962,49,51.77354908996597,14.0,22,97.65991101318022,1
TRAIN-0009,Denver-LA,1895,Fog,6322,24,35.05285353873157,14.0,27,86.20040146293985,1
TRAIN-0010,Texas-Portland,643,Fog,3483,93,98.15718267597516,21.0,11,84.6891370934089,1
TRAIN-0011,Denver-LA,836,Snow,6832,56,66.27423006421141,14.0,29,78.5840401781754,1
TRAIN-0012,Chicago-Seattle,1570,Clear,3229,64,62.55777185877435,20.0,2,74.04509033369908,0
TRAIN-0013,Denver-LA,1167,Clear,1925,51,43.309018414285354,13.0,10,64.82969309827995,0
TRAIN-0014,Texas-Portland,1122,Rain,7038,76,90.31729367526557,6.0,27,70.17695744509476,1
TRAIN-0015,Denver-LA,1993,Clear,7265,75,86.96315115994616,22.0,1,77.4543456548476,1
TRAIN-0016,Chicago-Seattle,973,Clear,1886,35,29.752164312938195,8.0,23,88.43862492418128,0
TRAIN-0017,Texas-Portland,1585,Rain,6542,24,34.65894634738039,10.0,18,68.78058438414556,1
TRAIN-0018,Chicago-Seattle,1069,Snow,5778,46,53.78797681685169,15.0,18,88.51718510647576,1
TRAIN-0019,Denver-LA,1430,Rain,7001,40,54.889008115421056,13.0,26,79.71417880561204,1
TRAIN-0020,Texas-Portland,1508,Fog,6562,46,57.19328836845381,9.0,28,,1
TRAIN-0021,Denver-LA,1803,Snow,2668,63,70.18472375182944,6.0,6,,1
TRAIN-0022,Chicago-Seattle,1825,Clear,6965,56,61.27059835977321,24.0,21,69.02695846903525,1
TRAIN-0023,Chicago-Seattle,1607,Rain,2138,76,80.56805067889849,23.0,18,95.12752857247753,1
TRAIN-0024,Chicago-Seattle,1695,Snow,5726,74,83.23864176749991,15.0,1,68.98124356577695,1
TRAIN-0025,Chicago-Seattle,691,Clear,2479,81,78.8761692015093,17.0,11,96.2644797942149,0
TRAIN-0026,Denver-LA,1922,Snow,2760,75,75.78260303800442,23.0,25,83.42381111313551,0
TRAIN-0027,Texas-Portland,1811,Clear,7560,60,67.20604099201675,1.0,19,63.891015613385456,1
TRAIN-0028,Chicago-Seattle,553,Clear,6343,80,83.00599564459483,20.0,17,65.14424677379108,1
TRAIN-0029,Texas-Portland,953,Snow,1931,44,39.714519164231575,23.0,10,61.68502934192201,0
TRAIN-0030,Chicago-Seattle,969,Rain,5628,89,94.8685202039801,1.0,8,66.0544591290347,1
TRAIN-0031,Chicago-Seattle,1835,Fog,3983,74,75.12466626206047,13.0,13,62.13801360416661,0
TRAIN-0032,Denver-LA,1798,Clear,3163,64,64.24206246193498,9.0,20,82.4175665724356,0
TRAIN-0033,Chicago-Seattle,1728,Rain,7986,81,92.10428829937912,4.0,6,91.66433262761103,1
TRAIN-0034,Denver-LA,1297,Fog,1297,33,32.946716668058485,24.0,20,70.27014959169247,0
TRAIN-0035,Chicago-Seattle,1546,Clear,7743,54,66.59175970259939,22.0,25,88.94407355930493,1
TRAIN-0036,Chicago-Seattle,1898,Clear,2247,48,45.9360901701432,10.0,19,68.80641214674569,0
TRAIN-0037,Chicago-Seattle,557,Rain,1574,47,51.02007254760129,7.0,14,98.21753027765874,1
TRAIN-0038,Texas-Portland,648,Snow,4550,93,100.15166777999951,11.0,28,92.35231870849137,1
TRAIN-0039,Denver-LA,1294,Rain,1581,75,77.46287956379695,24.0,28,82.49005600048503,1
TRAIN-0040,Denver-LA,761,Clear,2177,42,35.32061470133601,10.0,9,66.51765418540617,0
TRAIN-0041,Texas-Portland,972,Fog,2757,57,63.65779311098826,4.0,29,99.85073328237965,1
TRAIN-0042,Texas-Portland,645,Rain,7182,27,31.81225817633543,17.0,21,96.74291113397645,1
TRAIN-0043,Texas-Portland,1710,Clear,5330,86,89.89473458940296,23.0,21,83.60176134724308,1
TRAIN-0044,Denver-LA,996,Rain,4189,32,33.23446797147935,20.0,12,69.40340236559406,0
TRAIN-0045,Chicago-Seattle,661,Fog,1071,88,88.78025450632695,2.0,24,62.44000561462257,0
TRAIN-0046,Chicago-Seattle,1644,Snow,1039,77,77.64641718474131,9.0,15,81.30445332105126,0
TRAIN-0047,Texas-Portland,1354,Fog,3797,71,72.42733151071646,22.0,11,92.27940595165448,0
TRAIN-0048,Denver-LA,1963,Snow,2108,76,81.88130721872375,2.0,25,92.82789825822476,1
TRAIN-0049,Chicago-Seattle,884,Rain,5369,91,100.48268697755866,24.0,24,60.495581622353356,1
TRAIN-0050,Texas-Portland,1332,Rain,4845,71,72.96241386623605,15.0,8,95.79100447067856,0
TRAIN-0051,Texas-Portland,1210,Fog,1233,34,33.8086285845435,22.0,9,93.19164009818641,0
TRAIN-0052,Texas-Portland,1944,Clear,2258,38,37.36015820335939,1.0,21,79.02351461915241,0
TRAIN-0053,Texas-Portland,856,Snow,4300,50,60.96202520342627,9.0,28,74.76923938510484,1
TRAIN-0054,Denver-LA,1182,Fog,3017,86,88.55712832387323,7.0,9,71.57253913455529,1
TRAIN-0055,Texas-Portland,1971,Rain,3630,48,50.43441693897791,20.0,19,72.41607518056979,1
TRAIN-0056,Chicago-Seattle,1105,Snow,5756,90,99.9506028851836,3.0,9,67.93893571722423,1
TRAIN-0057,Denver-LA,1335,Clear,3693,88,87.80259788087886,20.0,28,77.49009036279705,0
TRAIN-0058,Chicago-Seattle,1144,Clear,1167,75,65.63703038839574,24.0,16,96.17568944907987,0
TRAIN-0059,Texas-Portland,1028,Snow,5293,31,36.729128150353304,6.0,12,72.88201044070996,1
TRAIN-0060,Chicago-Seattle,1547,Snow,3728,75,83.01292143762723,17.0,18,65.44020990207906,1
TRAIN-0061,Texas-Portland,1652,Rain,3917,47,41.639112910482716,10.0,1,99.85368948979716,0
TRAIN-0062,Denver-LA,1918,Fog,1902,84,77.60630363651987,17.0,15,89.62119408022939,0
TRAIN-0063,Texas-Portland,1120,Fog,5698,81,89.59850618430757,14.0,15,75.85865077305631,1
TRAIN-0064,Chicago-Seattle,1305,Rain,2970,86,84.00252479635324,5.0,5,76.09503209751236,0
TRAIN-0065,Texas-Portland,1498,Clear,7266,42,53.21622534057586,10.0,15,96.09202550514644,1
TRAIN-0066,Texas-Portland,811,Snow,2144,25,23.517434170350132,24.0,3,91.5733873925357,0
TRAIN-0067,Chicago-Seattle,1107,Fog,3778,24,27.807947203628647,13.0,6,87.0928706038118,1
TRAIN-0068,Texas-Portland,1910,Snow,5185,74,87.91873006678617,23.0,21,64.33172599708065,1
TRAIN-0069,Denver-LA,1159,Rain,5869,79,88.63895123396601,5.0,8,82.6026833041337,1
TRAIN-0070,Texas-Portland,877,Clear,6563,94,101.37936931145758,6.0,15,,1
TRAIN-0071,Denver-LA,989,Snow,5421,60,69.96512772606008,6.0,14,74.56240278265912,1
TRAIN-0072,Denver-LA,719,Snow,6014,68,75.49457593326173,,6,91.03322281990766,1
TRAIN-0073,Texas-Portland,1978,Fog,3562,89,95.99677083460874,4.0,24,83.09642724268784,1
TRAIN-0074,Chicago-Seattle,941,Snow,4416,40,46.45249602710863,16.0,15,94.83685930599026,1
TRAIN-0075,Chicago-Seattle,1967,Snow,1364,35,32.55943314993799,7.0,14,61.74952630034558,0
TRAIN-0076,Denver-LA,969,Rain,3018,71,70.77803350944347,23.0,17,87.67432230238288,0
TRAIN-0077,Chicago-Seattle,1952,Clear,1617,88,84.45809443434221,10.0,19,72.92093162682579,0
TRAIN-0078,Texas-Portland,1655,Fog,4983,74,79.95456039917975,16.0,29,62.23661962169123,1
TRAIN-0079,Denver-LA,1380,Snow,2727,81,82.09748565750904,7.0,13,64.48473178076068,0
TRAIN-0080,Denver-LA,1231,Fog,4103,69,73.03883911804084,16.0,4,83.1935608258047,1
TRAIN-0081,Chicago-Seattle,1312,Fog,4438,53,57.834359279904625,13.0,8,87.81208496137789,1
TRAIN-0082,Denver-LA,1486,Rain,6966,90,97.61011100417414,17.0,18,86.69980677109058,1
TRAIN-0083,Denver-LA,1284,Snow,3041,77,82.32312838574603,8.0,16,79.56310716711519,1
TRAIN-0084,Chicago-Seattle,1339,Snow,2690,95,97.01227475393782,13.0,19,69.27654686423332,1
TRAIN-0085,Chicago-Seattle,869,Rain,1760,61,57.78550366912425,6.0,20,63.64027813856198,0
TRAIN-0086,Denver-LA,1514,Rain,6690,81,95.04735981796395,19.0,7,80.69268241386429,1
TRAIN-0087,Texas-Portland,750,Clear,6531,52,54.91664832142951,11.0,8,81.16132957499482,1
TRAIN-0088,Denver-LA,661,Fog,4050,49,59.807728711208085,11.0,23,61.53555866995482,1
TRAIN-0089,Denver-LA,1162,Rain,2631,61,62.8154336148286,18.0,25,84.95399063296978,0
TRAIN-0090,Denver-LA,912,Rain,3448,79,80.88950862016641,8.0,16,83.34491582700346,0
TRAIN-0091,Texas-Portland,1992,Snow,3726,83,90.77956737647945,7.0,19,92.68281445737986,1
TRAIN-0092,Chicago-Seattle,946,Clear,3094,56,58.46776182211762,22.0,21,84.11603823974045,1
TRAIN-0093,Texas-Portland,1092,Snow,4756,81,86.9032800425004,16.0,7,89.80303155438102,1
TRAIN-0094,Texas-Portland,1838,Snow,1059,68,64.79457527121704,1.0,16,96.77847728072757,0
TRAIN-0095,Denver-LA,682,Snow,7041,41,56.189459214357484,1.0,23,84.8035572779958,1
TRAIN-0096,Texas-Portland,1332,Rain,5186,80,90.00410359901153,18.0,22,82.74568220271689,1
TRAIN-0097,Texas-Portland,821,Fog,5868,39,46.6587720364616,12.0,24,66.49411524172282,1
TRAIN-0098,Denver-LA,1492,Snow,4455,84,90.47586877256356,23.0,15,61.46322468229301,1
TRAIN-0099,Texas-Portland,682,Clear,2372,73,68.64853215976787,,6,86.12541458611412,0
TRAIN-0100,Chicago-Seattle,1443,Clear,3505,53,49.38146986163262,12.0,2,77.50841464839928,0
TRAIN-0101,Texas-Portland,1658,Snow,3196,91,89.5475374115857,3.0,8,79.84915388705369,0
TRAIN-0102,Texas-Portland,1249,Rain,4174,33,37.87367722116739,12.0,14,76.37083857697627,1
TRAIN-0103,Denver-LA,1062,Fog,5123,60,65.883344082637,20.0,27,92.8964437436213,1
TRAIN-0104,Denver-LA,1455,Clear,4779,64,64.75480371952776,21.0,13,64.74813030046086,0
TRAIN-0105,Texas-Portland,1617,Rain,2107,93,91.51893841124038,22.0,29,94.70321767818392,0
TRAIN-0106,Texas-Portland,691,Rain,7914,66,77.38389414387477,20.0,18,86.48918510006267,1
TRAIN-0107,Chicago-Seattle,1237,Clear,3513,30,27.532797016997065,11.0,14,61.466425562666615,0
TRAIN-0108,Denver-LA,1121,Snow,1088,52,58.383736924996214,18.0,27,,1
TRAIN-0109,Denver-LA,812,Snow,2919,30,39.365364641119925,6.0,9,76.82410875485913,1
TRAIN-0110,Chicago-Seattle,1774,Rain,2482,93,90.3799558009156,19.0,17,77.54547805280204,0
TRAIN-0111,Denver-LA,1517,Fog,1247,79,81.57995254810247,19.0,18,65.96297651195036,1
TRAIN-0112,Chicago-Seattle,775,Clear,7066,64,67.61967262626858,20.0,20,69.26593117051837,1
TRAIN-0113,Denver-LA,889,Rain,5505,41,48.781392381488146,17.0,6,89.39010641375634,1
TRAIN-0114,Texas-Portland,1403,Snow,4023,88,98.17263738230598,20.0,22,61.998157769346975,1
TRAIN-0115,Texas-Portland,1562,Rain,4399,63,62.974000148772255,7.0,7,60.27744764521386,0
TRAIN-0116,Chicago-Seattle,1583,Snow,6763,61,71.1773294167464,5.0,6,99.32259269992889,1
TRAIN-0117,Denver-LA,1538,Snow,4088,41,49.742941672000114,11.0,15,78.78091983635991,1
TRAIN-0118,Denver-LA,1634,Rain,7348,57,66.23449984677355,15.0,12,71.26220596628549,1
TRAIN-0119,Denver-LA,1383,Clear,6268,26,30.894371543278602,18.0,14,64.89985698059094,1
TRAIN-0120,Chicago-Seattle,1918,Fog,6430,90,102.00477004070403,9.0,20,75.0509300894783,1
TRAIN-0121,Denver-LA,1490,Fog,2840,54,56.95966157844852,10.0,10,69.86876926153,1
TRAIN-0122,Denver-LA,1826,Clear,6504,91,94.86695380331176,12.0,14,65.87550458695485,1
TRAIN-0123,Chicago-Seattle,1090,Fog,5059,42,44.21553934967609,14.0,11,86.10564266254947,1
TRAIN-0124,Texas-Portland,1076,Clear,3557,68,71.12626114467629,20.0,25,65.31670275337434,1
TRAIN-0125,Denver-LA,1281,Snow,5188,65,71.37646215464034,22.0,12,93.92552986351998,1
TRAIN-0126,Texas-Portland,1385,Rain,1470,74,70.2548607841095,19.0,7,93.86390150543707,0
TRAIN-0127,Chicago-Seattle,866,Clear,7429,41,48.24970523732401,2.0,17,86.26596278858142,1
TRAIN-0128,Denver-LA,1420,Snow,7792,60,72.0025237493775,12.0,7,90.21210184307853,1
TRAIN-0129,Chicago-Seattle,1189,Clear,1710,47,41.74445064507249,24.0,4,97.57031155836364,0
TRAIN-0130,Texas-Portland,1305,Rain,5439,84,92.0594367231677,17.0,12,86.46995459330121,1
TRAIN-0131,Chicago-Seattle,1631,Snow,1593,84,90.24447235487695,8.0,16,97.6628639662867,1
TRAIN-0132,Chicago-Seattle,1245,Fog,5146,42,53.292589717542725,5.0,12,85.18075677260109,1
TRAIN-0133,Texas-Portland,1488,Fog,3971,80,83.08619625567218,5.0,10,99.78425925840871,1
TRAIN-0134,Chicago-Seattle,959,Fog,4035,88,95.84609330806641,4.0,17,80.55338720904285,1
TRAIN-0135,Texas-Portland,889,Snow,1821,91,95.8468833802927,8.0,28,60.82354314595061,1
TRAIN-0136,Denver-LA,634,Fog,6617,45,55.335912441811004,20.0,8,78.8426327642628,1
TRAIN-0137,Chicago-Seattle,1747,Rain,4674,24,31.08108096529441,22.0,27,68.40121269719013,1
TRAIN-0138,Chicago-Seattle,1391,Fog,7595,46,56.59132795200258,13.0,16,,1
TRAIN-0139,Chicago-Seattle,1538,Fog,7109,63,74.01344810863472,7.0,8,82.28309518277186,1
TRAIN-0140,Chicago-Seattle,1046,Clear,1086,32,26.425434094030386,5.0,16,84.27890954728528,0
TRAIN-0141,Chicago-Seattle,1411,Snow,3540,94,97.20575313731895,19.0,2,74.56101510773107,1
TRAIN-0142,Chicago-Seattle,828,Clear,6979,86,95.36537535868321,16.0,25,75.8083437895599,1
TRAIN-0143,Denver-LA,1919,Rain,2783,92,88.33836762190255,7.0,8,,0
TRAIN-0144,Chicago-Seattle,1025,Clear,7255,47,55.25096745722572,13.0,3,94.68847178934871,1
TRAIN-0145,Chicago-Seattle,1227,Clear,6231,64,71.95547396236374,,24,98.03907482291974,1
TRAIN-0146,Chicago-Seattle,932,Snow,1035,61,59.88373734483495,12.0,12,,0
TRAIN-0147,Texas-Portland,1031,Clear,2646,71,70.54754404156414,11.0,24,67.22363827887602,0
TRAIN-0148,Texas-Portland,1508,Snow,2667,94,97.41864268537384,17.0,3,65.9212689036471,1
TRAIN-0149,Denver-LA,853,Fog,3461,41,39.56010899379758,24.0,7,65.31995420284959,0
TRAIN-0150,Denver-LA,1407,Clear,2290,29,29.337554138775754,16.0,20,93.65665660032425,0
TRAIN-0151,Chicago-Seattle,885,Fog,5580,45,54.771940537233135,5.0,14,89.29291446886734,1
TRAIN-0152,Texas-Portland,1151,Snow,4937,30,37.08760126022753,14.0,14,65.43093230996516,1
TRAIN-0153,Texas-Portland,710,Rain,6145,56,62.9906999657172,19.0,15,75.63338749909578,1
TRAIN-0154,Denver-LA,1453,Rain,3554,56,54.54463701929315,22.0,10,60.52260634944312,0
TRAIN-0155,Texas-Portland,1678,Fog,2280,24,23.668249758558456,6.0,26,70.906516002758,0
TRAIN-0156,Texas-Portland,675,Clear,2501,48,45.63074008133305,20.0,22,72.48792808940738,0
TRAIN-0157,Chicago-Seattle,1159,Fog,7605,65,78.99327382759212,12.0,16,60.8178044090265,1
TRAIN-0158,Texas-Portland,1878,Clear,2066,30,29.57321691555606,9.0,7,90.897050570643,0
TRAIN-0159,Chicago-Seattle,580,Snow,1958,53,53.22933945849222,23.0,6,74.98615582008492,0
TRAIN-0160,Chicago-Seattle,1963,Fog,2903,94,96.8601274491328,12.0,10,,1
TRAIN-0161,Denver-LA,1164,Fog,6950,51,67.58566257057366,13.0,28,85.10378812158248,1
TRAIN-0162,Texas-Portland,1735,Snow,3413,30,33.051897896942044,4.0,22,77.34867829189048,1
TRAIN-0163,Denver-LA,525,Rain,5935,91,95.55954971754079,24.0,23,65.5458498108207,1
TRAIN-0164,Denver-LA,1055,Snow,6327,80,93.1844998434531,15.0,11,78.06486072897432,1
TRAIN-0165,Chicago-Seattle,1562,Clear,5041,42,41.40090091843518,4.0,19,74.4259040967628,0
TRAIN-0166,Denver-LA,1292,Rain,5378,38,38.45059764224359,20.0,7,84.20393730795904,0
TRAIN-0167,Denver-LA,1658,Snow,4750,41,49.00098246854497,2.0,3,94.54298220434761,1
TRAIN-0168,Texas-Portland,1487,Clear,6280,38,39.42655647541281,7.0,8,92.56230432118319,0
TRAIN-0169,Chicago-Seattle,540,Snow,2955,32,37.836628233166216,1.0,27,70.25435603908096,1
TRAIN-0170,Denver-LA,1799,Rain,6694,75,83.97155650196723,1.0,19,86.89192003020358,1
TRAIN-0171,Denver-LA,1237,Rain,6863,67,73.5678533176253,24.0,9,69.12347473607113,1
TRAIN-0172,Chicago-Seattle,921,Fog,3137,58,61.31775973410374,1.0,28,77.19718192243788,1
TRAIN-0173,Texas-Portland,1854,Clear,7223,66,77.32682995295991,9.0,20,84.1461811322082,1
TRAIN-0174,Denver-LA,849,Rain,2536,45,48.6013759673832,5.0,20,74.53764211958867,1
TRAIN-0175,Denver-LA,1206,Rain,6648,26,35.78261638295714,10.0,24,74.8195125320091,1
TRAIN-0176,Texas-Portland,578,Clear,4450,32,34.76912565406722,4.0,13,95.80078201304111,1
TRAIN-0177,Denver-LA,1078,Snow,3414,94,99.08855364362859,2.0,21,77.78168433286899,1
TRAIN-0178,Texas-Portland,1854,Clear,2661,32,30.204300651497046,3.0,27,97.37461733802013,0
TRAIN-0179,Texas-Portland,1622,Rain,3881,70,74.82365947099329,2.0,28,60.86770956332207,1
TRAIN-0180,Texas-Portland,585,Clear,3607,52,51.2970330260241,3.0,11,89.80295494433486,0
TRAIN-0181,Denver-LA,1925,Snow,5476,87,96.63230084586658,6.0,21,94.61647615520388,1
TRAIN-0182,Denver-LA,928,Snow,4914,60,72.99423460117205,12.0,27,64.77715095401548,1
TRAIN-0183,Texas-Portland,1510,Fog,6211,46,49.076054007638014,18.0,1,81.94932072952462,1
TRAIN-0184,Texas-Portland,1329,Rain,4982,51,56.37252484267728,1.0,1,97.84787048769024,1
TRAIN-0185,Texas-Portland,1648,Rain,7186,77,94.01960071408902,23.0,25,84.18215404572823,1
TRAIN-0186,Denver-LA,1575,Rain,7317,66,79.79100122228924,13.0,27,,1
TRAIN-0187,Denver-LA,774,Snow,2390,53,54.608123295671646,,7,66.96829282673735,0
TRAIN-0188,Texas-Portland,1569,Snow,2467,53,53.65860344463549,18.0,16,83.01472047300473,0
TRAIN-0189,Texas-Portland,1563,Snow,1930,38,38.06804588681476,19.0,1,60.09386461540571,0
TRAIN-0190,Chicago-Seattle,1450,Fog,2550,54,55.4080330068452,9.0,17,98.07314261574048,0
TRAIN-0191,Chicago-Seattle,546,Clear,1878,52,48.35366934700826,18.0,5,75.6734021948882,0
TRAIN-0192,Texas-Portland,1716,Snow,3349,78,81.70614609196278,20.0,1,97.39639138318108,1
TRAIN-0193,Denver-LA,1523,Fog,1351,40,39.33019862888244,17.0,26,,0
TRAIN-0194,Texas-Portland,716,Rain,6332,28,38.81127089547857,5.0,22,61.71326569668799,1
TRAIN-0195,Texas-Portland,1148,Rain,3254,24,27.575032882457105,21.0,20,83.14440503889337,1
TRAIN-0196,Denver-LA,1453,Fog,3682,34,39.07593903926253,14.0,22,75.43036485192886,1
TRAIN-0197,Denver-LA,1922,Fog,6070,73,85.07138010536845,4.0,27,86.61061445420877,1
TRAIN-0198,Texas-Portland,1244,Clear,5015,55,56.91915862238724,19.0,1,73.04510755205072,0
TRAIN-0199,Texas-Portland,1630,Snow,7434,92,108.65749024463636,7.0,6,78.4725175282456,1
TRAIN-0200,Denver-LA,1061,Rain,5973,79,86.18862115068403,,22,,1
TRAIN-0201,Texas-Portland,707,Rain,5787,92,101.7644730184264,5.0,22,60.49457521509427,1
TRAIN-0202,Chicago-Seattle,1834,Clear,2819,50,55.009385309998855,24.0,27,,1
TRAIN-0203,Chicago-Seattle,1982,Snow,5798,84,100.28594214131957,19.0,22,88.40200684602112,1
TRAIN-0204,Chicago-Seattle,691,Fog,4989,49,57.544054159597344,10.0,12,90.09281522727231,1
TRAIN-0205,Chicago-Seattle,1307,Snow,4622,84,92.14364999099676,10.0,11,80.22893190257565,1
TRAIN-0206,Denver-LA,1822,Clear,6519,94,102.26961107608614,22.0,10,68.78856221244251,1
TRAIN-0207,Chicago-Seattle,1645,Rain,6345,65,76.41601267137662,24.0,4,63.96445626363508,1
TRAIN-0208,Chicago-Seattle,1242,Rain,1582,40,35.20810456484291,16.0,19,60.831524534652466,0
TRAIN-0209,Chicago-Seattle,694,Snow,4579,72,77.16359680430676,18.0,8,90.65802020097203,1
TRAIN-0210,Denver-LA,857,Snow,2981,38,39.874659174580444,11.0,19,71.94723431115197,0
TRAIN-0211,Texas-Portland,517,Rain,7040,88,98.72673163679349,2.0,7,79.17462973725935,1
TRAIN-0212,Denver-LA,667,Snow,6078,24,42.119123921470006,24.0,28,74.37268764495067,1
TRAIN-0213,Denver-LA,1227,Snow,3939,94,94.98829369730895,8.0,23,99.49236168742851,0
TRAIN-0214,Denver-LA,1665,Clear,7654,69,75.18121298032914,3.0,26,69.78189196206573,1
TRAIN-0215,Chicago-Seattle,1800,Rain,7810,92,104.36723185612965,1.0,5,68.52355353838833,1
TRAIN-0216,Denver-LA,1800,Clear,7494,95,98.59299447456397,18.0,21,75.71629894084369,1
TRAIN-0217,Chicago-Seattle,1406,Rain,5658,33,38.41508191606599,5.0,17,81.75406402991399,1
TRAIN-0218,Texas-Portland,1056,Snow,2386,43,49.284165751775255,6.0,15,62.39217062451374,1
TRAIN-0219,Texas-Portland,1942,Rain,3434,72,79.44237221779096,9.0,15,97.8645648849855,1
TRAIN-0220,Chicago-Seattle,919,Snow,7982,72,86.49013594927628,12.0,18,67.73233676916033,1
TRAIN-0221,Chicago-Seattle,1439,Clear,6188,94,101.8243053529619,12.0,23,,1
TRAIN-0222,Texas-Portland,1660,Fog,1400,56,53.07122458937678,13.0,25,69.54985165283631,0
TRAIN-0223,Denver-LA,501,Fog,6867,58,67.075588237601,7.0,13,97.59199310752777,1
TRAIN-0224,Denver-LA,1606,Fog,4520,27,33.56705926905339,12.0,19,92.52903229496728,1
TRAIN-0225,Denver-LA,917,Snow,4431,74,78.92233838607851,5.0,19,89.04781270465054,1
TRAIN-0226,Denver-LA,563,Snow,6389,85,93.9829185337036,17.0,9,78.69993990447628,1
TRAIN-0227,Denver-LA,1577,Snow,5205,85,92.02583902006435,20.0,29,70.55743750922403,1
TRAIN-0228,Texas-Portland,1734,Clear,3996,58,60.8178439957862,19.0,9,88.57267100564394,1
TRAIN-0229,Texas-Portland,1010,Fog,5863,46,56.13706160620654,13.0,14,68.71339430241775,1
TRAIN-0230,Denver-LA,1394,Snow,7783,93,103.75099390064415,19.0,9,,1
TRAIN-0231,Texas-Portland,620,Fog,5265,62,64.22918139668539,16.0,15,,1
TRAIN-0232,Chicago-Seattle,1732,Snow,7233,51,66.0174427028349,8.0,22,77.84383141690236,1
TRAIN-0233,Denver-LA,608,Fog,2309,48,51.74095496519303,21.0,16,97.16919255040781,1
TRAIN-0234,Chicago-Seattle,901,Clear,1570,33,26.9030949731499,9.0,15,91.71070561489006,0
TRAIN-0235,Denver-LA,984,Clear,2500,79,75.44568839703396,23.0,11,77.82860805709568,0
TRAIN-0236,Denver-LA,1614,Rain,4929,43,47.982622074390434,1.0,12,95.94772799456379,1
TRAIN-0237,Texas-Portland,1578,Clear,5069,28,35.00000588437519,17.0,28,63.14033695122147,1
TRAIN-0238,Denver-LA,841,Clear,7967,43,50.61477233498759,15.0,1,72.47954476794371,1
TRAIN-0239,Texas-Portland,1670,Snow,4308,35,40.80985258130628,3.0,1,72.7594520998708,1
TRAIN-0240,Chicago-Seattle,1851,Rain,2902,32,34.821955232362875,17.0,5,85.1291740042184,1
TRAIN-0241,Texas-Portland,1469,Rain,1666,71,69.50381818740682,14.0,5,86.25197917033107,0
TRAIN-0242,Denver-LA,867,Clear,4291,82,80.49244654223614,15.0,25,77.0360081139417,0
TRAIN-0243,Denver-LA,1328,Snow,1296,67,69.66261921354663,23.0,21,,1
TRAIN-0244,Chicago-Seattle,1757,Rain,6620,71,82.08361718090927,16.0,23,71.85926804555115,1
TRAIN-0245,Denver-LA,781,Fog,5475,46,60.06098953556709,20.0,26,84.70523499715736,1
TRAIN-0246,Chicago-Seattle,1053,Snow,5896,25,35.19864156221313,1.0,8,79.05978434967828,1
TRAIN-0247,Texas-Portland,1720,Clear,1131,87,86.64611457143342,7.0,7,63.6273570677792,0
TRAIN-0248,Chicago-Seattle,1338,Rain,2101,69,72.0424713505834,2.0,4,78.97090405309845,1
TRAIN-0249,Denver-LA,1137,Clear,6997,66,72.06858663962672,11.0,7,83.83720916900519,1
TRAIN-0250,Denver-LA,1624,Rain,5109,47,53.01049557329876,11.0,20,86.12628784680032,1
TRAIN-0251,Texas-Portland,1826,Clear,4326,59,67.9355848561563,14.0,15,77.67625110926573,1
TRAIN-0252,Chicago-Seattle,1674,Fog,7085,29,39.24689050762776,15.0,25,90.64996564075592,1
TRAIN-0253,Chicago-Seattle,877,Rain,5377,81,83.00501215746556,18.0,10,87.9927563113109,1
TRAIN-0254,Chicago-Seattle,1828,Fog,7864,88,100.28897281055974,18.0,3,97.03401011967804,1
TRAIN-0255,Denver-LA,985,Snow,6122,50,62.32015317777556,6.0,1,66.54818304963247,1
TRAIN-0256,Chicago-Seattle,871,Snow,2613,62,61.31763794943576,4.0,5,97.42233689368155,0
TRAIN-0257,Denver-LA,1814,Rain,7014,74,91.27232159956945,7.0,10,74.5341781616654,1
TRAIN-0258,Chicago-Seattle,999,Snow,5490,78,91.55109351609313,18.0,28,73.31316889075346,1
TRAIN-0259,Denver-LA,1537,Clear,7538,62,69.16394956685367,1.0,12,75.0141586905773,1
TRAIN-0260,Texas-Portland,1652,Fog,2504,44,44.48174816521113,14.0,14,65.53608129693147,0
TRAIN-0261,Texas-Portland,1515,Rain,2231,27,22.88542553305639,1.0,22,89.86407385547572,0
TRAIN-0262,Texas-Portland,1256,Clear,6302,80,91.69070352586746,7.0,8,90.28457543326554,1
TRAIN-0263,Chicago-Seattle,1445,Rain,1639,59,60.669628944115786,6.0,28,95.53203304092519,0
TRAIN-0264,Denver-LA,702,Clear,2140,57,53.22123918987264,24.0,5,77.08927867853014,0
TRAIN-0265,Chicago-Seattle,823,Clear,3164,84,84.96291947612981,23.0,14,68.64589152785524,0
TRAIN-0266,Chicago-Seattle,792,Snow,2031,27,23.920218357978293,7.0,1,87.13959425054824,0
TRAIN-0267,Texas-Portland,1711,Snow,2879,47,50.41462709357577,12.0,5,90.84179001558618,1
TRAIN-0268,Chicago-Seattle,1337,Clear,6499,85,94.2535618623305,9.0,28,62.542819127921746,1
TRAIN-0269,Texas-Portland,655,Clear,4499,39,33.78935716535383,18.0,4,75.49885023603589,0
TRAIN-0270,Denver-LA,708,Snow,6761,92,107.16910792193545,11.0,14,61.207488680956736,1
TRAIN-0271,Chicago-Seattle,584,Rain,3316,24,22.684993758848574,4.0,2,96.54500670047827,0
TRAIN-0272,Texas-Portland,669,Fog,3583,42,44.77691548807933,9.0,23,84.44488449162851,1
TRAIN-0273,Texas-Portland,953,Rain,6116,36,45.698413091478656,,4,80.5570134913865,1
TRAIN-0274,Chicago-Seattle,1288,Fog,2723,60,60.57418501162112,8.0,14,,0
TRAIN-0275,Texas-Portland,1853,Clear,7740,73,81.54422385900553,9.0,12,67.29095018723558,1
TRAIN-0276,Denver-LA,988,Fog,4638,72,77.54616680730877,11.0,21,96.3931646942458,1
TRAIN-0277,Chicago-Seattle,1463,Snow,4109,75,82.34706302608558,11.0,20,64.66930766904814,1
TRAIN-0278,Denver-LA,1604,Fog,3570,49,51.77850024427673,17.0,1,,1
TRAIN-0279,Chicago-Seattle,618,Snow,4007,73,80.42739241607784,13.0,22,78.80079954278321,1
TRAIN-0280,Denver-LA,1031,Clear,6901,24,31.68285130804521,7.0,24,99.98153095025026,1
TRAIN-0281,Texas-Portland,706,Snow,3000,57,62.809546891151165,4.0,14,75.50544280148381,1
TRAIN-0282,Texas-Portland,1880,Rain,3681,59,59.2760626718474,,27,75.0959192023771,0
TRAIN-0283,Texas-Portland,1353,Clear,6792,26,27.944068565234492,19.0,4,,0
TRAIN-0284,Texas-Portland,666,Fog,3713,45,45.8679123723957,16.0,18,93.36193043351889,0
TRAIN-0285,Texas-Portland,1594,Fog,4589,54,56.72077845150563,18.0,8,60.78150663472726,1
TRAIN-0286,Texas-Portland,1068,Clear,2056,90,86.89179197392092,10.0,21,76.7239905615125,0
TRAIN-0287,Denver-LA,733,Rain,5445,49,54.913566171199975,19.0,24,,1
TRAIN-0288,Chicago-Seattle,1802,Snow,3980,29,41.238286374429094,13.0,14,89.17114829142866,1
TRAIN-0289,Chicago-Seattle,746,Clear,1548,90,84.5651638387603,22.0,11,79.4480730622208,0
TRAIN-0290,Denver-LA,1212,Rain,6791,52,61.850591930022276,8.0,28,78.09010805783015,1
TRAIN-0291,Denver-LA,1666,Clear,3219,70,70.62906595788442,24.0,8,94.77530632908037,0
TRAIN-0292,Texas-Portland,797,Snow,7619,43,57.36426530935452,22.0,15,87.56382301610424,1
TRAIN-0293,Texas-Portland,613,Fog,6608,79,85.66233151981095,4.0,7,84.7679244600713,1
TRAIN-0294,Denver-LA,1940,Rain,3056,73,80.775190381461,11.0,23,67.15925213108733,1
TRAIN-0295,Denver-LA,1933,Rain,5187,69,77.87511058897752,18.0,13,67.88228587832496,1
TRAIN-0296,Texas-Portland,1974,Rain,3242,51,54.296816698383445,,13,78.71721363643172,1
TRAIN-0297,Chicago-Seattle,647,Fog,1714,25,28.163737665213088,8.0,19,60.42626403360795,1
TRAIN-0298,Denver-LA,1414,Clear,2153,47,45.44677137494615,8.0,7,95.96807645147425,0
TRAIN-0299,Texas-Portland,1306,Fog,2419,49,52.35641715011881,2.0,4,84.65120736721022,1
TRAIN-0300,Denver-LA,1316,Fog,6353,24,35.13922510461571,5.0,16,70.5259792255197,1
TRAIN-0301,Texas-Portland,1848,Snow,4452,92,99.79510865118671,21.0,19,68.97209464630802,1
TRAIN-0302,Texas-Portland,1490,Rain,3791,69,70.736057352074,18.0,18,74.54213881916772,0
TRAIN-0303,Denver-LA,903,Fog,5752,87,92.71469049880659,20.0,21,71.59314681791358,1
TRAIN-0304,Denver-LA,1759,Clear,4884,59,60.918815380575325,9.0,25,77.44021909990904,0
TRAIN-0305,Denver-LA,904,Rain,3627,70,74.88788450623451,9.0,17,63.585957142018216,1
TRAIN-0306,Denver-LA,1639,Rain,7922,32,41.38923808028656,19.0,28,89.69766972426405,1
TRAIN-0307,Denver-LA,836,Clear,5147,87,94.7187729892757,1.0,21,98.79706757434874,1
TRAIN-0308,Denver-LA,1276,Rain,3008,26,34.26195672849258,9.0,7,76.21894400516152,1
TRAIN-0309,Denver-LA,710,Clear,3084,53,54.8590493203022,24.0,24,63.72791777216924,0
TRAIN-0310,Denver-LA,1376,Rain,1119,90,84.98395719421688,1.0,11,83.58891277295999,0
TRAIN-0311,Denver-LA,672,Rain,2134,68,69.73196547672262,19.0,6,84.17719544877244,0
TRAIN-0312,Denver-LA,1003,Fog,2794,57,56.798482121490736,10.0,28,65.22638981869248,0
TRAIN-0313,Denver-LA,707,Clear,7450,50,58.380166368421364,6.0,18,64.20932825200802,1
TRAIN-0314,Texas-Portland,1220,Clear,1613,38,34.22861753345401,20.0,4,96.81030781027593,0
TRAIN-0315,Texas-Portland,1932,Fog,4221,33,33.081524418608495,5.0,24,96.7908837099469,0
TRAIN-0316,Denver-LA,612,Fog,5613,57,64.69122457601387,14.0,11,85.690790054625,1
TRAIN-0317,Denver-LA,963,Clear,4219,38,38.17211670432691,24.0,7,70.72689313882093,0
TRAIN-0318,Denver-LA,925,Fog,2009,88,90.14464882142772,1.0,23,67.45410483044628,1
TRAIN-0319,Chicago-Seattle,781,Fog,4118,49,49.60597771909258,15.0,4,72.16873188812653,0
TRAIN-0320,Texas-Portland,1812,Clear,7763,32,44.76428496926422,14.0,15,79.32200280765937,1
TRAIN-0321,Chicago-Seattle,1433,Fog,5440,55,64.44964337603275,3.0,26,97.64923816300083,1
TRAIN-0322,Texas-Portland,1803,Fog,7290,59,69.24696906195646,8.0,14,93.300841361511,1
TRAIN-0323,Chicago-Seattle,822,Fog,2501,57,64.99234146430427,9.0,12,83.63761413167855,1
TRAIN-0324,Texas-Portland,913,Rain,3069,67,65.9840428232871,17.0,25,73.62125462517452,0
TRAIN-0325,Chicago-Seattle,1979,Snow,2674,45,50.905787424345725,22.0,17,71.37052915815909,1
TRAIN-0326,Chicago-Seattle,1698,Clear,1044,78,69.77882697833637,5.0,29,85.36660056640468,0
TRAIN-0327,Texas-Portland,877,Fog,5966,71,81.25676574986532,1.0,20,73.37720358567209,1
TRAIN-0328,Texas-Portland,1853,Fog,6566,65,76.13600872148834,20.0,12,60.28818135745019,1
TRAIN-0329,Texas-Portland,1721,Fog,5989,41,44.10873858498008,19.0,17,83.76393714492491,1
TRAIN-0330,Denver-LA,889,Snow,7942,85,96.82123148415269,5.0,1,63.47012692375221,1
TRAIN-0331,Texas-Portland,800,Snow,6226,73,85.23577004027513,,7,98.92115179796563,1
TRAIN-0332,Denver-LA,1943,Clear,5641,27,29.81157934955605,3.0,23,62.77635921208987,1
TRAIN-0333,Chicago-Seattle,770,Clear,6934,54,59.1780664673276,13.0,13,84.14058185479132,1
TRAIN-0334,Chicago-Seattle,1213,Clear,4249,48,53.618500350312914,4.0,18,66.83012544297564,1
TRAIN-0335,Texas-Portland,1092,Rain,6210,43,53.32187778867326,23.0,23,66.45759471416024,1
TRAIN-0336,Texas-Portland,928,Snow,5013,64,76.15527220316284,13.0,8,65.08431608060533,1
TRAIN-0337,Denver-LA,1530,Clear,6730,68,71.40873074524085,9.0,15,69.75668390155175,1
TRAIN-0338,Texas-Portland,647,Snow,1526,50,50.346161045628236,,27,88.34050868442908,0
TRAIN-0339,Denver-LA,829,Snow,2446,46,46.736271559038634,13.0,9,66.73594066118568,0
TRAIN-0340,Texas-Portland,566,Fog,2873,49,48.34247596179293,12.0,1,91.47638642184188,0
TRAIN-0341,Denver-LA,1039,Rain,3345,59,63.359451880352566,,23,88.16467944835989,1
TRAIN-0342,Chicago-Seattle,1824,Rain,2286,26,21.831824033032238,5.0,29,72.62943736696543,0
TRAIN-0343,Denver-LA,1815,Rain,3393,58,60.4322944202092,10.0,19,81.64246412664826,1
TRAIN-0344,Denver-LA,1466,Fog,3982,44,49.54715156058429,23.0,9,97.51479430982735,1
TRAIN-0345,Denver-LA,1551,Clear,3996,38,39.04924166615262,22.0,27,65.4574978269733,0
TRAIN-0346,Texas-Portland,1049,Clear,7539,40,50.006760602484086,19.0,2,75.64995597437792,1
TRAIN-0347,Texas-Portland,1352,Clear,3112,78,72.03480036198398,1.0,23,74.55896734550217,0
TRAIN-0348,Texas-Portland,687,Snow,5619,42,51.747639336274,17.0,22,67.65618335798527,1
TRAIN-0349,Chicago-Seattle,952,Snow,4587,46,51.052288492791206,20.0,10,94.25560446345486,1
TRAIN-0350,Texas-Portland,1369,Snow,3679,56,58.323876129719224,2.0,11,79.99976102372392,1
TRAIN-0351,Denver-LA,1576,Clear,6822,35,40.31784843075929,3.0,8,75.0074543445446,1
TRAIN-0352,Denver-LA,1429,Snow,5498,94,105.8698877964211,4.0,24,92.49604474960302,1
TRAIN-0353,Texas-Portland,582,Clear,3850,83,86.24177168398002,5.0,18,66.38677671516311,1
TRAIN-0354,Texas-Portland,1503,Clear,6952,26,35.140293230293885,16.0,20,74.26973399611155,1
TRAIN-0355,Chicago-Seattle,1422,Fog,3187,59,58.02248721181409,4.0,17,73.21311688062563,0
TRAIN-0356,Denver-LA,1552,Clear,5046,53,55.433731495204874,14.0,13,76.62125733952188,1
TRAIN-0357,Chicago-Seattle,1452,Snow,2744,54,53.65170835738039,2.0,20,61.071194174964305,0
TRAIN-0358,Chicago-Seattle,1006,Fog,1984,60,63.035033442899454,,24,78.51120903866476,1
TRAIN-0359,Texas-Portland,1045,Snow,2753,90,95.66488637168341,15.0,20,90.44159779036474,1
TRAIN-0360,Texas-Portland,653,Clear,4815,83,83.49938349162005,3.0,14,96.65308761394232,0
TRAIN-0361,Denver-LA,689,Fog,7710,40,51.442233926728406,19.0,19,93.02185695163196,1
TRAIN-0362,Texas-Portland,1743,Snow,6090,33,37.96566124035424,7.0,25,77.75843303284559,1
TRAIN-0363,Denver-LA,1593,Rain,6172,52,62.81092948076566,18.0,3,77.5005236211143,1
TRAIN-0364,Denver-LA,1882,Snow,3959,40,43.919542977642735,19.0,5,86.90693580575108,1
TRAIN-0365,Chicago-Seattle,1539,Fog,1686,47,47.05890677812904,13.0,11,73.85979250391415,0
TRAIN-0366,Texas-Portland,1469,Fog,5752,75,83.13777089522813,17.0,22,80.28475790037899,1
TRAIN-0367,Texas-Portland,591,Snow,3427,28,26.960370460754834,12.0,17,66.43533821499655,0
TRAIN-0368,Denver-LA,1861,Clear,2172,70,69.54052969686828,1.0,9,91.29604500967439,0
TRAIN-0369,Chicago-Seattle,582,Fog,4037,46,56.17594852348725,20.0,1,88.8083710186954,1
TRAIN-0370,Texas-Portland,1029,Rain,6071,48,58.290201075769026,18.0,9,97.45726353146938,1
TRAIN-0371,Texas-Portland,1366,Clear,4420,41,43.640087380672725,4.0,3,85.54104792959791,1
TRAIN-0372,Texas-Portland,905,Fog,6208,56,65.35043406183256,9.0,12,95.5076238158035,1
TRAIN-0373,Texas-Portland,1065,Rain,1380,48,42.24788829538377,8.0,11,80.19956175757616,0
TRAIN-0374,Texas-Portland,1955,Snow,6369,39,53.518597711103055,22.0,26,72.78116050721408,1
TRAIN-0375,Chicago-Seattle,533,Snow,4713,51,60.8864361125966,17.0,26,88.48245785585209,1
TRAIN-0376,Texas-Portland,1928,Fog,4910,66,74.8877751501065,4.0,7,75.82797895948997,1
TRAIN-0377,Denver-LA,986,Rain,5468,84,94.45897848404864,24.0,14,98.6939702455307,1
TRAIN-0378,Chicago-Seattle,1307,Fog,4771,54,54.81939416857775,6.0,1,90.42455949296252,0
TRAIN-0379,Texas-Portland,862,Snow,7773,76,85.91221763692567,,21,75.52524560154511,1
TRAIN-0380,Denver-LA,1881,Rain,1018,32,29.487939581276855,12.0,18,79.02944825841149,0
TRAIN-0381,Chicago-Seattle,1515,Clear,2807,77,75.1978709151343,1.0,11,75.28673065397518,0
TRAIN-0382,Texas-Portland,1196,Rain,7244,94,101.50931961350928,21.0,6,61.914933201321645,1
TRAIN-0383,Texas-Portland,1406,Rain,7612,40,50.02299796945166,6.0,15,88.22319450020058,1
TRAIN-0384,Denver-LA,1215,Rain,3780,42,45.94008193937052,22.0,21,75.39438601035972,1
TRAIN-0385,Texas-Portland,1772,Rain,7123,92,106.9670474924657,3.0,22,96.13280346088257,1
TRAIN-0386,Chicago-Seattle,1184,Fog,2607,61,62.98025314644819,16.0,3,79.72938734049704,0
TRAIN-0387,Texas-Portland,1805,Snow,5191,37,46.62379403004707,17.0,22,84.71356581761293,1
TRAIN-0388,Chicago-Seattle,1993,Rain,2951,25,27.952184431437818,22.0,22,92.43908872806884,1
TRAIN-0389,Denver-LA,915,Rain,2892,93,92.35791054743724,1.0,17,97.85458583675344,0
TRAIN-0390,Denver-LA,1457,Clear,1011,44,41.490645214150994,22.0,9,67.1525095460787,0
TRAIN-0391,Chicago-Seattle,989,Clear,2248,71,63.53803264440119,14.0,2,74.13342716422758,0
TRAIN-0392,Chicago-Seattle,1743,Snow,1504,57,57.23203215892231,24.0,19,91.1976297530054,0
TRAIN-0393,Denver-LA,1936,Clear,7735,31,40.41690366649413,19.0,8,74.058119851269,1
TRAIN-0394,Chicago-Seattle,1499,Clear,2807,44,42.009960029517686,10.0,2,85.01991942417524,0
TRAIN-0395,Texas-Portland,795,Snow,3110,42,52.20253514850316,1.0,19,65.92000960846661,1
TRAIN-0396,Denver-LA,550,Fog,3959,32,38.35309526415077,7.0,2,,1
TRAIN-0397,Denver-LA,847,Snow,2235,90,97.54938878085287,17.0,5,63.53041568404014,1
TRAIN-0398,Chicago-Seattle,1459,Fog,2024,24,18.615545815590295,1.0,19,68.28062849098714,0
TRAIN-0399,Chicago-Seattle,1086,Snow,3241,74,79.07662240245908,15.0,6,63.04972406150724,1
TRAIN-0400,Chicago-Seattle,1841,Rain,4806,68,71.4924504536257,4.0,19,,1
TRAIN-0401,Chicago-Seattle,1009,Snow,2204,43,41.59816626376983,2.0,8,94.47723090543224,0
TRAIN-0402,Denver-LA,611,Fog,3552,55,56.30118906599208,17.0,17,88.9131812246971,0
TRAIN-0403,Texas-Portland,1448,Fog,6975,70,80.10770774403677,3.0,7,87.10750921030711,1
TRAIN-0404,Denver-LA,1081,Rain,2358,48,46.03297053296108,3.0,24,81.70267097990958,0
TRAIN-0405,Denver-LA,1772,Clear,6262,37,49.610533631562475,10.0,2,86.93524002425465,1
TRAIN-0406,Texas-Portland,1373,Clear,2167,91,90.78696724411627,9.0,12,92.04990994397633,0
TRAIN-0407,Chicago-Seattle,1302,Rain,2327,49,54.64721888004018,3.0,29,,1
TRAIN-0408,Chicago-Seattle,683,Clear,1164,77,72.30535050749364,11.0,19,79.7264568803026,0
TRAIN-0409,Denver-LA,794,Clear,3672,33,36.593347947253584,,20,82.27684239924241,1
TRAIN-0410,Chicago-Seattle,1467,Fog,6367,51,62.821988279886455,13.0,17,69.2454527008674,1
TRAIN-0411,Denver-LA,1973,Snow,4190,95,102.16095277658285,6.0,7,65.74076827736303,1
TRAIN-0412,Denver-LA,1907,Clear,3606,42,41.13674936297312,8.0,7,76.81857060960938,0
TRAIN-0413,Chicago-Seattle,1205,Rain,3054,64,71.63514159713948,17.0,23,78.8399738322158,1
TRAIN-0414,Chicago-Seattle,592,Fog,3907,55,52.52456531323717,12.0,4,99.32559985734208,0
TRAIN-0415,Chicago-Seattle,773,Clear,1235,94,92.1641854558426,10.0,14,62.292376872829195,0
TRAIN-0416,Chicago-Seattle,1895,Clear,2094,71,70.41296750437863,23.0,7,79.42068405465113,0
TRAIN-0417,Chicago-Seattle,1618,Clear,2700,47,45.43789537057267,22.0,12,95.19119027053664,0
TRAIN-0418,Texas-Portland,619,Rain,2696,32,31.05663050297225,12.0,1,66.42334821889068,0
TRAIN-0419,Chicago-Seattle,605,Snow,1546,73,72.56518420634835,24.0,2,84.8797090755008,0
TRAIN-0420,Texas-Portland,1342,Rain,6324,39,49.31285039219485,16.0,15,60.84999010750522,1
TRAIN-0421,Denver-LA,1628,Fog,6734,37,49.758752810844534,21.0,12,60.10405237687963,1
TRAIN-0422,Denver-LA,806,Clear,1740,89,87.41578586009632,1.0,3,91.1744836833492,0
TRAIN-0423,Chicago-Seattle,780,Clear,1279,90,84.6041487939773,5.0,12,94.05773768050517,0
TRAIN-0424,Texas-Portland,1554,Rain,2498,77,79.59035254667184,3.0,29,79.6390765184974,1
TRAIN-0425,Chicago-Seattle,1141,Fog,2170,55,53.743682478340354,24.0,7,63.954934999235626,0
TRAIN-0426,Chicago-Seattle,629,Rain,4412,38,42.43145176157959,12.0,24,65.72037316807248,1
TRAIN-0427,Denver-LA,577,Snow,3683,37,40.22844812068112,19.0,2,96.74277496536867,1
TRAIN-0428,Denver-LA,1400,Clear,7986,74,85.38235344728409,1.0,3,98.60223242888574,1
TRAIN-0429,Chicago-Seattle,1903,Snow,6529,46,60.307985311927965,14.0,4,69.51945041412498,1
TRAIN-0430,Texas-Portland,1598,Clear,1935,47,42.587558223503756,15.0,26,88.9276361761935,0
TRAIN-0431,Denver-LA,1234,Fog,1675,61,62.27782348507918,17.0,25,79.53665461146554,0
TRAIN-0432,Denver-LA,1727,Clear,3056,92,84.9650176012539,4.0,4,97.22444453771567,0
TRAIN-0433,Denver-LA,1141,Rain,1648,52,42.09151898901832,22.0,5,84.97026175255615,0
TRAIN-0434,Texas-Portland,1043,Clear,1670,42,39.53608281763036,6.0,21,83.35388733657801,0
TRAIN-0435,Texas-Portland,842,Snow,4385,71,76.94686368095347,21.0,4,96.57960881946426,1
TRAIN-0436,Texas-Portland,877,Snow,6474,37,47.05731661050966,23.0,9,98.85035669114677,1
TRAIN-0437,Denver-LA,742,Snow,6250,94,101.36953282393284,1.0,18,95.30641614039669,1
TRAIN-0438,Denver-LA,1096,Rain,1455,59,59.8467445913173,3.0,23,74.0709789197617,0
TRAIN-0439,Denver-LA,1716,Clear,1021,95,91.8964053294825,23.0,20,81.64625291729496,0
TRAIN-0440,Texas-Portland,979,Fog,2482,81,75.34097962041173,12.0,22,85.2690495204782,0
TRAIN-0441,Texas-Portland,1492,Fog,5921,79,87.9639125671444,4.0,5,97.80635486882389,1
TRAIN-0442,Texas-Portland,1853,Rain,5048,74,80.89956606181734,8.0,28,87.05624767808018,1
TRAIN-0443,Denver-LA,1234,Fog,5132,34,37.595418838430085,22.0,21,,1
TRAIN-0444,Denver-LA,1430,Clear,5410,58,57.6583994479292,21.0,13,68.66936199474821,0
TRAIN-0445,Denver-LA,616,Clear,6454,61,65.58542441308256,21.0,20,64.81067743220972,1
TRAIN-0446,Chicago-Seattle,1292,Clear,7806,77,83.55925111882047,20.0,8,61.33952448469443,1
TRAIN-0447,Chicago-Seattle,1545,Snow,3994,61,67.19206148013096,5.0,28,84.51568175540817,1
TRAIN-0448,Texas-Portland,1928,Fog,3647,61,59.86034512663253,,28,86.85406097737652,0
TRAIN-0449,Texas-Portland,733,Snow,1458,31,35.40284533300443,8.0,18,62.31547820522591,1
TRAIN-0450,Denver-LA,1607,Rain,4674,33,33.046162101991584,6.0,11,80.6704164122182,0
TRAIN-0451,Texas-Portland,1073,Rain,5005,30,32.14467801781466,10.0,2,81.11557145881973,1
TRAIN-0452,Texas-Portland,893,Rain,2299,35,30.418506646879706,19.0,13,80.17813877462612,0
TRAIN-0453,Denver-LA,1807,Rain,3942,38,46.70463946570533,18.0,3,91.30771076954152,1
TRAIN-0454,Denver-LA,1331,Clear,4728,76,74.40067678840506,4.0,9,62.43898808380225,0
TRAIN-0455,Texas-Portland,1760,Snow,4408,94,103.28338032516453,12.0,29,67.00935991273198,1
TRAIN-0456,Chicago-Seattle,1705,Clear,1393,26,20.553101285396632,6.0,12,78.27819594913478,0
TRAIN-0457,Denver-LA,832,Fog,5838,92,100.04381172733574,8.0,26,93.99813461051296,1
TRAIN-0458,Chicago-Seattle,1019,Rain,2902,49,51.701469941941674,14.0,11,60.30188638431775,1
TRAIN-0459,Texas-Portland,544,Fog,5564,74,75.16423674720002,7.0,12,72.26736250167163,0
TRAIN-0460,Texas-Portland,1094,Rain,4737,30,30.711870462977295,22.0,11,77.34825997810984,0
TRAIN-0461,Denver-LA,1162,Rain,5379,62,70.8130174969795,19.0,7,81.29828753921127,1
TRAIN-0462,Chicago-Seattle,1091,Fog,5111,76,83.45100621246372,11.0,29,95.56752783030528,1
TRAIN-0463,Texas-Portland,1525,Fog,6196,55,67.58128149088128,16.0,29,63.38224155149283,1
TRAIN-0464,Chicago-Seattle,1584,Rain,7668,24,36.110066623916964,23.0,29,81.33314847220473,1
TRAIN-0465,Texas-Portland,761,Snow,3744,28,28.89065403529398,9.0,7,84.07443885758929,0
TRAIN-0466,Texas-Portland,1169,Rain,3628,43,43.91242722551806,17.0,6,67.2277265156028,0
TRAIN-0467,Chicago-Seattle,1464,Fog,3661,68,75.25874271595679,21.0,4,73.26202465847109,1
TRAIN-0468,Texas-Portland,1123,Snow,6014,76,87.54761407121123,13.0,26,72.23354641811008,1
TRAIN-0469,Chicago-Seattle,931,Snow,6747,63,77.89978024488734,16.0,2,63.484440390380826,1
TRAIN-0470,Chicago-Seattle,1738,Snow,1619,65,68.21080866621138,2.0,12,60.23419073931419,1
TRAIN-0471,Denver-LA,723,Rain,3460,28,32.25484799085544,1.0,13,71.86530529859354,1
TRAIN-0472,Texas-Portland,1380,Rain,4522,66,67.1235551162006,1.0,13,93.91875784016555,0
TRAIN-0473,Denver-LA,570,Snow,4954,33,39.90059867655723,14.0,20,77.06668854271982,1
TRAIN-0474,Chicago-Seattle,1280,Clear,3160,36,33.39668421816674,5.0,22,69.55186214713086,0
TRAIN-0475,Texas-Portland,1093,Rain,7392,31,41.58489747157044,3.0,18,76.24775012974865,1
TRAIN-0476,Texas-Portland,1277,Rain,2265,95,94.60996753264239,8.0,9,,0
TRAIN-0477,Chicago-Seattle,714,Fog,2781,45,45.23542198192168,20.0,6,67.70108110534703,0
TRAIN-0478,Chicago-Seattle,1867,Fog,6732,47,50.11294897420859,21.0,8,69.84232031100478,1
TRAIN-0479,Texas-Portland,862,Rain,7220,68,76.80006833078578,21.0,27,65.62326409238906,1
TRAIN-0480,Chicago-Seattle,1719,Snow,7546,89,101.1976812139289,12.0,9,79.4085952941021,1
TRAIN-0481,Denver-LA,1514,Fog,2296,70,73.22821025722249,9.0,29,76.20840254474467,1
TRAIN-0482,Texas-Portland,1658,Snow,7365,63,77.36453263454294,11.0,17,86.26499181099227,1
TRAIN-0483,Chicago-Seattle,866,Rain,6909,73,89.03558179315466,17.0,22,61.23874280721088,1
TRAIN-0484,Denver-LA,1562,Snow,5875,60,72.58825449405181,8.0,15,88.06693762311986,1
TRAIN-0485,Denver-LA,1830,Clear,4401,65,66.6586615953918,19.0,16,75.37697467078738,0
TRAIN-0486,Chicago-Seattle,1775,Fog,6736,34,47.72977245272987,13.0,24,95.64774054113781,1
TRAIN-0487,Chicago-Seattle,1924,Clear,6571,65,70.20781350053532,23.0,6,96.46937900926775,1
TRAIN-0488,Denver-LA,1414,Fog,6789,83,90.20349719906518,6.0,6,60.354304227687805,1
TRAIN-0489,Texas-Portland,1571,Fog,1929,42,42.03862502190109,21.0,6,61.5351809402802,0
TRAIN-0490,Chicago-Seattle,1759,Rain,7778,80,95.7824851113992,4.0,16,94.58863717639728,1
TRAIN-0491,Texas-Portland,1999,Fog,5356,43,57.090282682205796,23.0,25,98.21351908444296,1
TRAIN-0492,Chicago-Seattle,745,Clear,7854,73,79.97242746029409,15.0,23,81.32437537069549,1
TRAIN-0493,Chicago-Seattle,1519,Fog,5801,34,33.75802565909782,12.0,20,61.87225056651647,0
TRAIN-0494,Chicago-Seattle,726,Snow,5885,64,71.25052487883961,21.0,29,,1
TRAIN-0495,Chicago-Seattle,872,Clear,5515,63,66.28526528403235,23.0,16,63.95208935960857,1
TRAIN-0496,Denver-LA,1118,Clear,3007,85,80.7805465939539,15.0,10,95.3631935632584,0
TRAIN-0497,Texas-Portland,1871,Rain,4809,80,88.5876238882702,,24,65.69224661019798,1
TRAIN-0498,Texas-Portland,1209,Snow,3091,28,32.8141085709441,5.0,1,75.08535348452571,1
TRAIN-0499,Texas-Portland,1479,Rain,6977,62,72.15488889825492,12.0,24,66.92094774451304,1
TRAIN-0500,Chicago-Seattle,1676,Fog,4987,58,58.63476900153382,24.0,4,74.74705600170101,0
TRAIN-0501,Denver-LA,738,Fog,7278,67,81.85609235811027,24.0,8,84.43933197723611,1
TRAIN-0502,Texas-Portland,1682,Clear,4944,51,53.88384713866177,16.0,21,81.671664928024,1
TRAIN-0503,Chicago-Seattle,666,Clear,5671,30,33.09318273720766,21.0,4,91.96561280797346,1
TRAIN-0504,Chicago-Seattle,1220,Fog,4077,50,50.66329628296678,9.0,14,61.72097526287996,0
TRAIN-0505,Chicago-Seattle,1185,Clear,6249,34,38.09774836619861,2.0,21,86.19616782909779,1
TRAIN-0506,Texas-Portland,1397,Rain,1611,88,88.18676486282143,23.0,23,69.70231650964195,0
TRAIN-0507,Denver-LA,602,Fog,7883,67,83.45227540180876,14.0,29,61.27474467059621,1
TRAIN-0508,Texas-Portland,1203,Fog,5366,42,57.95162404591478,4.0,24,87.44208730669541,1
TRAIN-0509,Texas-Portland,1082,Fog,4009,86,91.64517146254387,9.0,22,95.2188215604967,1
TRAIN-0510,Texas-Portland,1567,Snow,2958,58,61.5900852765162,18.0,11,87.9682965294051,1
TRAIN-0511,Chicago-Seattle,1830,Clear,4746,40,42.89350078605589,20.0,8,81.59223292766313,1
TRAIN-0512,Denver-LA,1036,Clear,3171,37,39.6322039908602,21.0,18,92.32705469512965,1
TRAIN-0513,Denver-LA,1030,Rain,3762,68,70.9958912560538,18.0,6,66.76012016457189,1
TRAIN-0514,Denver-LA,1540,Rain,4419,39,40.44489582796478,24.0,26,94.10491891575296,0
TRAIN-0515,Texas-Portland,1499,Clear,1505,52,48.17003133573816,6.0,27,94.11968331393288,0
TRAIN-0516,Chicago-Seattle,1409,Rain,2828,63,69.13148447144357,12.0,13,91.18180844669322,1
TRAIN-0517,Texas-Portland,954,Clear,3376,58,51.9872787784937,8.0,4,96.5812997091509,0
TRAIN-0518,Texas-Portland,1543,Rain,1386,78,74.38321687548209,8.0,1,88.08628670360412,0
TRAIN-0519,Chicago-Seattle,1860,Rain,6492,46,55.654340644609704,5.0,13,96.88621500451612,1
TRAIN-0520,Denver-LA,830,Fog,5224,47,53.409140345640246,5.0,25,95.13301330070954,1
TRAIN-0521,Chicago-Seattle,1211,Fog,2382,77,77.54558829602935,17.0,19,65.27874553875694,0
TRAIN-0522,Denver-LA,1260,Clear,1293,42,39.09879500444633,23.0,27,65.07184312677698,0
TRAIN-0523,Texas-Portland,1729,Clear,3555,81,78.1239720122927,15.0,4,78.66988791052107,0
TRAIN-0524,Chicago-Seattle,918,Fog,6555,30,38.70246629230614,7.0,11,78.37881694499008,1
TRAIN-0525,Denver-LA,661,Clear,6932,73,78.83533512201296,22.0,13,77.5562162209493,1
TRAIN-0526,Chicago-Seattle,1156,Fog,4568,30,34.996588422519594,12.0,5,80.2528339205849,1
TRAIN-0527,Chicago-Seattle,1477,Rain,4144,59,59.97008759662076,1.0,10,95.75748066965309,0
TRAIN-0528,Denver-LA,853,Clear,1862,75,68.60263980100854,8.0,12,83.68433037757615,0
TRAIN-0529,Denver-LA,1871,Clear,4321,26,31.616463917335743,17.0,8,64.89145945355061,1
TRAIN-0530,Texas-Portland,1610,Clear,5412,71,72.81822950272814,16.0,7,69.22453394895888,0
TRAIN-0531,Chicago-Seattle,1136,Fog,7722,53,65.36175679482851,8.0,26,92.85579853091852,1
TRAIN-0532,Denver-LA,1081,Snow,4627,88,95.72879290127564,23.0,6,71.3138070125155,1
TRAIN-0533,Denver-LA,1272,Fog,6846,77,94.50460171321735,9.0,25,75.4319757693337,1
TRAIN-0534,Denver-LA,1874,Snow,6348,30,46.56569404347228,21.0,8,95.72549959342757,1
TRAIN-0535,Chicago-Seattle,1338,Fog,7559,47,57.62559969284378,23.0,16,61.33867435123304,1
TRAIN-0536,Denver-LA,635,Fog,6697,95,108.0003344121802,18.0,26,88.25480304807722,1
TRAIN-0537,Chicago-Seattle,1329,Snow,2078,36,39.68140863900379,23.0,24,91.61893570588063,1
TRAIN-0538,Denver-LA,1202,Clear,6129,50,58.9238653948739,17.0,29,87.36056162703454,1
TRAIN-0539,Denver-LA,888,Rain,1213,33,29.70130997083558,18.0,9,65.13574083846105,0
TRAIN-0540,Chicago-Seattle,853,Fog,4570,94,100.59710556139454,9.0,15,61.17167768234553,1
TRAIN-0541,Texas-Portland,1063,Fog,4790,33,40.10326674419297,18.0,21,79.75646699550504,1
TRAIN-0542,Chicago-Seattle,833,Fog,1626,82,83.05462381897352,12.0,1,95.8414550178833,0
TRAIN-0543,Texas-Portland,913,Snow,4213,43,50.56459968181896,20.0,14,93.74470559369368,1
TRAIN-0544,Texas-Portland,1505,Fog,7909,87,102.58263379262819,7.0,9,93.74764268715884,1
TRAIN-0545,Denver-LA,1329,Snow,6204,85,100.49142478311087,19.0,11,73.68456924466722,1
TRAIN-0546,Chicago-Seattle,1775,Rain,1455,88,93.99351091009545,21.0,26,94.41974851295309,1
TRAIN-0547,Texas-Portland,1341,Fog,4166,31,31.06278986040475,24.0,9,78.70663674038754,0
TRAIN-0548,Chicago-Seattle,1875,Rain,6347,44,55.635711641792234,13.0,16,94.3399870147696,1
TRAIN-0549,Texas-Portland,1597,Snow,1311,40,38.04783213868763,24.0,28,65.09583231752966,0
TRAIN-0550,Chicago-Seattle,682,Snow,6974,60,68.11286223400877,24.0,17,90.76597207156105,1
TRAIN-0551,Texas-Portland,1150,Clear,1952,48,44.735531226498985,3.0,18,97.91101272149146,0
TRAIN-0552,Denver-LA,1294,Snow,6080,66,73.69810835275914,1.0,26,61.63767051278904,1
TRAIN-0553,Denver-LA,673,Snow,4141,63,60.40293194248464,13.0,6,89.71001480406773,0
TRAIN-0554,Chicago-Seattle,1760,Fog,2396,26,24.99168927525898,24.0,25,90.5755276542373,0
TRAIN-0555,Texas-Portland,1896,Fog,7717,44,56.38011575975548,1.0,6,97.84377716897926,1
TRAIN-0556,Texas-Portland,512,Rain,5517,95,102.54252336696027,4.0,7,63.17360315134731,1
TRAIN-0557,Texas-Portland,735,Rain,7335,25,35.233736135489615,3.0,1,86.8589078045358,1
TRAIN-0558,Denver-LA,536,Fog,2832,75,78.21941896814607,19.0,9,75.85594741312762,1
TRAIN-0559,Texas-Portland,1400,Rain,3394,57,56.30207110099516,1.0,16,99.59333339607008,0
TRAIN-0560,Chicago-Seattle,1451,Fog,5065,89,92.30520901141774,10.0,4,65.73759936651659,1
TRAIN-0561,Texas-Portland,1970,Clear,5310,70,71.22433033185202,6.0,11,85.46836325397094,0
TRAIN-0562,Chicago-Seattle,1442,Rain,2235,81,78.57297462374122,,29,86.38780197230716,0
TRAIN-0563,Texas-Portland,1427,Snow,7692,67,84.39118910316509,19.0,19,64.6003681428955,1
TRAIN-0564,Texas-Portland,1432,Snow,5310,47,55.255142774737784,18.0,24,89.22842613649067,1
TRAIN-0565,Chicago-Seattle,505,Clear,5441,62,65.45852240646241,7.0,16,74.93437598953038,1
TRAIN-0566,Chicago-Seattle,940,Clear,3303,64,64.75809692909792,15.0,15,77.34271537934366,0
TRAIN-0567,Chicago-Seattle,1761,Clear,2531,50,49.54470533351444,,28,68.75469344200873,0
TRAIN-0568,Denver-LA,1722,Rain,6441,84,92.75268476586416,7.0,7,79.55358163304446,1
TRAIN-0569,Texas-Portland,1692,Rain,3628,87,93.63812909115629,9.0,2,72.41734053738978,1
TRAIN-0570,Chicago-Seattle,1851,Clear,4156,69,71.94879413779479,15.0,5,67.84234495357848,1
TRAIN-0571,Texas-Portland,1911,Fog,1187,51,53.29007829956028,3.0,10,87.25379409595774,1
TRAIN-0572,Chicago-Seattle,1811,Fog,4313,62,66.29738741532134,11.0,24,78.32593263113158,1
TRAIN-0573,Denver-LA,1967,Fog,7123,42,49.424110069277596,2.0,1,78.35071529700095,1
TRAIN-0574,Texas-Portland,806,Snow,1388,52,49.58895721121314,3.0,9,85.51785295018297,0
TRAIN-0575,Denver-LA,1915,Rain,4503,84,91.59976548385058,15.0,23,96.73513130888722,1
TRAIN-0576,Texas-Portland,1488,Snow,6894,78,95.86848173578102,2.0,6,99.19369907352569,1
TRAIN-0577,Chicago-Seattle,1343,Rain,4567,61,62.14452565217421,14.0,27,62.53697279202852,0
TRAIN-0578,Chicago-Seattle,1031,Snow,6099,68,81.04913390838169,6.0,19,65.08938057894122,1
TRAIN-0579,Chicago-Seattle,607,Rain,3980,28,36.188815446411866,19.0,13,61.023523453435146,1
TRAIN-0580,Denver-LA,535,Rain,4066,89,95.27598906074228,20.0,10,63.3554989719008,1
TRAIN-0581,Chicago-Seattle,827,Clear,4654,50,48.87057715520406,11.0,9,78.46173426596451,0
TRAIN-0582,Chicago-Seattle,860,Fog,1525,57,57.92023236992382,6.0,12,78.31367418259336,0
TRAIN-0583,Chicago-Seattle,1673,Snow,6145,71,83.57212106012018,1.0,13,86.75759208062789,1
TRAIN-0584,Denver-LA,1176,Snow,1228,67,64.59007414414363,13.0,8,92.29311232560823,0
TRAIN-0585,Denver-LA,1007,Clear,3895,76,72.5770173889129,14.0,10,93.4971578705029,0
TRAIN-0586,Texas-Portland,684,Snow,5580,26,38.48156212612624,14.0,10,89.39707818251442,1
TRAIN-0587,Texas-Portland,1482,Rain,2429,73,78.04058529406923,,20,70.2138595673106,1
TRAIN-0588,Chicago-Seattle,1070,Fog,6314,27,36.47054002964765,19.0,25,82.79167878235388,1
TRAIN-0589,Chicago-Seattle,1798,Fog,4874,58,59.818768637715316,23.0,11,76.25338831052949,0
TRAIN-0590,Chicago-Seattle,1165,Rain,7843,28,39.17538480515867,,25,70.13376033436602,1
TRAIN-0591,Chicago-Seattle,1111,Clear,4821,46,50.51074755342417,16.0,5,84.95031076769678,1
TRAIN-0592,Chicago-Seattle,1836,Snow,3919,46,56.43918936921147,10.0,3,99.7945288472955,1
TRAIN-0593,Denver-LA,1716,Clear,5172,52,58.30282735538488,7.0,28,60.346301891714155,1
TRAIN-0594,Denver-LA,1020,Rain,2721,33,31.86608426222153,14.0,26,61.91011056876319,0
TRAIN-0595,Chicago-Seattle,1044,Fog,4761,53,58.04483509311068,8.0,13,,1
TRAIN-0596,Texas-Portland,658,Snow,5833,72,83.41983169132897,5.0,11,97.79155507078679,1
TRAIN-0597,Denver-LA,1973,Fog,1842,42,46.57964829378849,17.0,22,90.01348455403945,1
TRAIN-0598,Denver-LA,962,Fog,4079,65,75.18253511182924,23.0,24,77.66346042100407,1
TRAIN-0599,Chicago-Seattle,1073,Snow,3808,33,34.19531313786335,12.0,25,81.3042674697057,0
TRAIN-0600,Denver-LA,1576,Clear,5790,51,51.951493686885364,11.0,6,75.4907812054958,0
TRAIN-0601,Texas-Portland,1154,Fog,6985,95,107.09644147374073,22.0,10,78.4639894370975,1
TRAIN-0602,Texas-Portland,898,Fog,3582,36,37.18320637424779,18.0,12,67.0125304555288,0
TRAIN-0603,Texas-Portland,749,Snow,5781,56,68.71522525913623,1.0,21,79.29058791343235,1
TRAIN-0604,Denver-LA,1185,Fog,2527,63,71.71031035170945,8.0,8,89.684125288684,1
TRAIN-0605,Denver-LA,1103,Snow,2683,37,39.59729615906155,23.0,17,92.70186545628874,1
TRAIN-0606,Chicago-Seattle,747,Snow,2171,27,23.723005341545125,22.0,23,61.770694193207696,0
TRAIN-0607,Texas-Portland,1028,Snow,6617,84,97.09860759699858,1.0,15,83.2545039858382,1
TRAIN-0608,Denver-LA,779,Clear,2809,77,74.8589089094635,,4,63.52785175015855,0
TRAIN-0609,Texas-Portland,994,Fog,3255,41,44.78537081717941,2.0,17,99.08877581591524,1
TRAIN-0610,Denver-LA,620,Clear,7841,42,45.94002173416069,5.0,2,80.78098978265518,1
TRAIN-0611,Denver-LA,1781,Fog,2111,28,27.785986275194688,16.0,13,71.87434216063339,0
TRAIN-0612,Denver-LA,1883,Rain,2690,50,54.16030833115946,1.0,17,94.81988874794826,1
TRAIN-0613,Denver-LA,872,Rain,4514,68,71.93597303755071,,25,,1
TRAIN-0614,Denver-LA,1541,Rain,3904,38,40.44133367018514,13.0,12,79.52407489573818,1
TRAIN-0615,Chicago-Seattle,1974,Rain,6212,31,42.802380082932345,22.0,25,94.44262720220337,1
TRAIN-0616,Texas-Portland,1718,Rain,4069,83,91.53175595088659,20.0,28,64.93676297489841,1
TRAIN-0617,Chicago-Seattle,1892,Rain,3696,33,39.661190549434174,14.0,22,71.93213106169412,1
TRAIN-0618,Texas-Portland,1800,Fog,4652,84,85.09141189455758,9.0,28,61.78842255406819,0
TRAIN-0619,Denver-LA,664,Snow,7015,59,69.64557338951259,10.0,14,77.32884835366515,1
TRAIN-0620,Denver-LA,698,Fog,2522,74,77.80044739831689,3.0,5,62.74665385137788,1
TRAIN-0621,Texas-Portland,1995,Fog,1741,54,53.33195861666223,15.0,4,81.91567706689881,0
TRAIN-0622,Denver-LA,1610,Rain,2587,43,45.24491993594033,19.0,8,72.95928894171251,1
TRAIN-0623,Denver-LA,1266,Snow,6620,30,39.32480963566682,7.0,24,,1
TRAIN-0624,Texas-Portland,801,Snow,4076,90,94.05118585414316,2.0,19,76.12218990903368,1
TRAIN-0625,Denver-LA,1141,Clear,2375,68,66.71971626777929,3.0,17,83.0269943423238,0
TRAIN-0626,Denver-LA,883,Clear,3612,63,64.76638475806028,9.0,21,,0
TRAIN-0627,Chicago-Seattle,1373,Rain,2245,26,23.76120666889938,24.0,19,,0
TRAIN-0628,Denver-LA,1759,Fog,5192,87,94.06966699190328,5.0,14,90.55775534592104,1
TRAIN-0629,Chicago-Seattle,1012,Rain,5444,42,47.09464248510148,24.0,27,66.75472638727305,1
TRAIN-0630,Texas-Portland,1386,Fog,4030,84,90.76088386606484,13.0,8,86.86280269862463,1
TRAIN-0631,Texas-Portland,1353,Fog,2466,30,28.737110891878167,6.0,7,75.92329667263915,0
TRAIN-0632,Texas-Portland,1186,Clear,1048,65,61.84042372648254,3.0,10,,0
TRAIN-0633,Texas-Portland,1648,Fog,5377,64,70.40932327854591,15.0,7,,1
TRAIN-0634,Denver-LA,1622,Clear,6299,92,95.86708855344406,11.0,8,60.71927573719427,1
TRAIN-0635,Denver-LA,1053,Clear,7652,71,81.12019280724783,21.0,28,98.48540813115298,1
TRAIN-0636,Denver-LA,519,Clear,1111,55,51.657932535255966,22.0,7,93.78132174713187,0
TRAIN-0637,Texas-Portland,1089,Rain,2732,93,94.74536277906797,1.0,13,71.6891626157582,0
TRAIN-0638,Texas-Portland,1977,Snow,1445,82,84.23633515885359,20.0,8,75.67118973468779,1
TRAIN-0639,Texas-Portland,1949,Snow,2647,94,95.79102950009607,4.0,23,61.90803783416503,0
TRAIN-0640,Chicago-Seattle,1095,Rain,1201,48,45.29310875594641,11.0,4,,0
TRAIN-0641,Denver-LA,1937,Snow,7326,53,70.35347744989271,15.0,16,87.56301496246445,1
TRAIN-0642,Texas-Portland,1268,Rain,1095,75,75.98788093944096,8.0,11,90.68609079761777,0
TRAIN-0643,Chicago-Seattle,957,Rain,2075,72,68.03973507720832,5.0,1,92.79587986164331,0
TRAIN-0644,Texas-Portland,563,Fog,3743,34,35.189218417926746,8.0,12,98.66664470552014,0
TRAIN-0645,Denver-LA,897,Fog,6357,66,71.8401761241628,4.0,11,90.59755954223743,1
TRAIN-0646,Texas-Portland,1933,Snow,7181,32,36.94470762998617,3.0,1,91.06720190594481,1
TRAIN-0647,Chicago-Seattle,1969,Clear,2428,61,53.42230719265041,16.0,7,94.62251057542531,0
TRAIN-0648,Denver-LA,638,Rain,4300,62,72.6810112926375,18.0,21,74.37886606893589,1
TRAIN-0649,Denver-LA,1176,Fog,6860,27,40.17249010928883,4.0,29,80.64662554188209,1
TRAIN-0650,Chicago-Seattle,1295,Fog,2499,62,65.89248178842325,18.0,23,85.37791349455006,1
TRAIN-0651,Chicago-Seattle,1142,Clear,6796,90,101.90356295205494,15.0,20,84.52042753673277,1
TRAIN-0652,Denver-LA,1956,Clear,4845,49,55.25793479633766,17.0,25,72.17373419067621,1
TRAIN-0653,Texas-Portland,1512,Clear,6811,77,79.66075329044843,22.0,7,66.50018640459525,1
TRAIN-0654,Denver-LA,644,Clear,4130,83,87.41623434267248,9.0,15,94.1493221946753,1
TRAIN-0655,Denver-LA,917,Rain,5053,77,80.46678163217761,15.0,17,60.21635986562551,1
TRAIN-0656,Chicago-Seattle,1261,Clear,7380,86,98.24405493882652,10.0,2,89.10258250283094,1
TRAIN-0657,Texas-Portland,1682,Snow,3402,92,101.27808089179132,15.0,18,60.54206466716697,1
TRAIN-0658,Denver-LA,508,Clear,3978,26,25.09541125669241,19.0,3,70.11885377903911,0
TRAIN-0659,Texas-Portland,1973,Fog,2257,24,26.150284166477654,8.0,8,70.95561229948396,1
TRAIN-0660,Chicago-Seattle,1213,Clear,7123,95,98.64091694418534,10.0,12,61.6760969714347,1
TRAIN-0661,Texas-Portland,1733,Clear,7425,44,50.76359491496042,8.0,14,65.42305237235928,1
TRAIN-0662,Texas-Portland,1763,Fog,4484,68,68.71893368652042,6.0,12,92.9576969023399,0
TRAIN-0663,Denver-LA,850,Clear,6945,73,78.29946961805382,3.0,3,82.33924758185475,1
TRAIN-0664,Denver-LA,1037,Snow,6514,24,36.71555169022759,18.0,4,61.34198330610009,1
TRAIN-0665,Chicago-Seattle,1471,Snow,7192,63,76.89985734985484,12.0,2,99.07513370661417,1
TRAIN-0666,Chicago-Seattle,1116,Snow,2153,72,77.92612004806178,14.0,2,62.17274806465283,1
TRAIN-0667,Denver-LA,1980,Rain,1155,77,78.37439653659015,13.0,29,,0
TRAIN-0668,Denver-LA,682,Clear,1732,67,64.31200311730801,18.0,25,60.1715026771924,0
TRAIN-0669,Chicago-Seattle,1066,Rain,4890,50,59.77217907974179,13.0,8,81.86137516750455,1
TRAIN-0670,Texas-Portland,657,Rain,1452,68,60.32090606426173,24.0,12,71.98621480427393,0
TRAIN-0671,Chicago-Seattle,1805,Rain,3962,79,83.80923135984438,6.0,18,72.15026111638451,1
TRAIN-0672,Chicago-Seattle,1186,Rain,2530,80,83.84868278401679,23.0,8,65.93180961046906,1
TRAIN-0673,Texas-Portland,1369,Snow,1271,64,66.79628377663623,2.0,27,79.90361544723726,1
TRAIN-0674,Denver-LA,1262,Fog,5146,33,39.61161507202659,13.0,25,69.62925113726372,1
TRAIN-0675,Denver-LA,1250,Snow,6658,57,70.50655280404696,4.0,23,68.64964891848774,1
TRAIN-0676,Denver-LA,1138,Fog,2681,95,97.70538603128104,8.0,19,88.92288025160776,1
TRAIN-0677,Texas-Portland,617,Rain,7833,95,108.4302121054041,7.0,15,63.225586170200145,1
TRAIN-0678,Texas-Portland,1829,Snow,3827,49,57.72230846284902,3.0,26,97.08499803344407,1
TRAIN-0679,Texas-Portland,1837,Snow,7589,54,70.50545953278531,2.0,10,77.70764018463493,1
TRAIN-0680,Denver-LA,1916,Snow,2075,52,53.7517672175779,4.0,11,89.12551377513618,0
TRAIN-0681,Chicago-Seattle,1340,Fog,3085,46,48.66737055606586,1.0,28,,1
TRAIN-0682,Texas-Portland,1878,Snow,6827,62,71.50675937083884,6.0,13,84.6062594630023,1
TRAIN-0683,Texas-Portland,1022,Snow,4496,50,58.345494883095434,22.0,5,,1
TRAIN-0684,Chicago-Seattle,849,Rain,4827,61,69.58694395327373,19.0,27,86.82608877355489,1
TRAIN-0685,Texas-Portland,1520,Fog,1373,53,54.14287479747567,5.0,9,74.39931568674243,0
TRAIN-0686,Texas-Portland,1880,Fog,2094,69,67.20573334505633,5.0,1,95.47717440980088,0
TRAIN-0687,Denver-LA,1766,Fog,6977,45,52.73081547877303,3.0,15,72.99359862272854,1
TRAIN-0688,Chicago-Seattle,541,Clear,5460,31,34.305081921178164,16.0,15,99.15092295989419,1
TRAIN-0689,Texas-Portland,1830,Clear,5105,33,34.867951626943174,22.0,1,76.01962375759129,0
TRAIN-0690,Denver-LA,1444,Clear,7666,53,59.82330192231564,16.0,3,66.56407909778667,1
TRAIN-0691,Denver-LA,1832,Clear,1567,78,70.6536977678082,17.0,1,68.6692922400234,0
TRAIN-0692,Chicago-Seattle,745,Rain,2288,85,83.3287949994728,13.0,23,82.38071187160895,0
TRAIN-0693,Denver-LA,1389,Fog,4766,66,72.09746608805789,13.0,11,76.50583688579391,1
TRAIN-0694,Chicago-Seattle,1836,Snow,6929,61,67.54635249499584,22.0,1,72.50663009412986,1
TRAIN-0695,Chicago-Seattle,1244,Clear,6248,60,69.97756425695604,5.0,24,76.83886700321433,1
TRAIN-0696,Denver-LA,1727,Snow,7553,95,107.31278997952492,,5,95.53024528719587,1
TRAIN-0697,Denver-LA,1437,Fog,1548,85,87.61492402971992,13.0,3,96.18957036020683,1
TRAIN-0698,Denver-LA,1802,Clear,2997,79,79.70180645048676,3.0,22,61.74871021195181,0
TRAIN-0699,Texas-Portland,1011,Clear,6678,38,40.72801499930945,4.0,3,91.2090028422339,1
TRAIN-0700,Denver-LA,788,Fog,4434,76,84.48400389068884,12.0,27,72.432986397099,1
TRAIN-0701,Denver-LA,622,Clear,6498,62,69.31224151177494,4.0,12,73.12412069286242,1
TRAIN-0702,Texas-Portland,1306,Snow,5207,81,88.97894008586404,,19,70.15481921471324,1
TRAIN-0703,Chicago-Seattle,1709,Fog,1121,75,78.90330020240599,22.0,24,77.3210035508026,1
TRAIN-0704,Chicago-Seattle,1157,Rain,4641,57,63.38653580572857,4.0,3,99.87144303052855,1
TRAIN-0705,Texas-Portland,1996,Rain,1839,80,83.89624567422048,5.0,28,95.36162419346525,1
TRAIN-0706,Texas-Portland,1492,Snow,3405,32,33.68043015143222,22.0,6,62.161351067129914,0
TRAIN-0707,Texas-Portland,1247,Fog,7265,31,41.57522957271761,11.0,25,75.34450108444975,1
TRAIN-0708,Denver-LA,849,Clear,4545,77,74.87205527742658,18.0,7,60.95647549964615,0
TRAIN-0709,Texas-Portland,1445,Snow,2522,25,23.660072404207323,22.0,3,69.23418080119453,0
TRAIN-0710,Denver-LA,1947,Rain,1053,54,52.39172187664686,16.0,29,63.38768533707725,0
TRAIN-0711,Chicago-Seattle,1342,Rain,6065,46,52.464059164623826,15.0,6,95.47255909914388,1
TRAIN-0712,Denver-LA,1514,Rain,7207,64,66.33293864908062,8.0,11,60.88089339363623,1
TRAIN-0713,Chicago-Seattle,1629,Clear,5819,92,92.74064880116799,11.0,10,,0
TRAIN-0714,Denver-LA,619,Snow,1542,77,81.15419020345082,7.0,10,76.56367588457579,1
TRAIN-0715,Chicago-Seattle,1853,Snow,5412,61,69.90557882929407,14.0,22,87.67958606585519,1
TRAIN-0716,Denver-LA,694,Rain,7823,37,50.82557837998846,24.0,29,60.444306379534055,1
TRAIN-0717,Texas-Portland,1709,Clear,2401,45,41.75465564933075,8.0,7,80.52103763063025,0
TRAIN-0718,Denver-LA,1999,Clear,5745,75,83.76383506462332,2.0,6,70.01492005430707,1
TRAIN-0719,Texas-Portland,1115,Rain,4455,45,51.30373834789944,17.0,19,90.45561243416613,1
TRAIN-0720,Chicago-Seattle,1313,Clear,4448,33,30.5219571345032,17.0,2,67.42667304440903,0
TRAIN-0721,Texas-Portland,854,Rain,2670,47,49.83514871302202,7.0,27,62.543089432772746,1
TRAIN-0722,Chicago-Seattle,693,Rain,7040,71,78.63811813198241,6.0,9,96.69345246682727,1
TRAIN-0723,Denver-LA,1540,Fog,7748,69,83.73863116495065,21.0,28,64.85627760330732,1
TRAIN-0724,Chicago-Seattle,1180,Fog,3741,31,34.653124812560314,4.0,18,60.77902709544062,1
TRAIN-0725,Texas-Portland,1255,Clear,4647,75,77.22821019100923,9.0,5,,1
TRAIN-0726,Texas-Portland,1110,Fog,6006,38,46.97884867971792,4.0,10,94.63535163079081,1
TRAIN-0727,Chicago-Seattle,1763,Rain,1312,59,59.039425242858535,10.0,23,72.05093892115408,0
TRAIN-0728,Texas-Portland,1790,Fog,2690,36,44.48060271694111,11.0,14,,1
TRAIN-0729,Denver-LA,1832,Snow,5161,27,32.707522934694396,6.0,28,71.14337413474088,1
TRAIN-0730,Chicago-Seattle,627,Snow,6355,93,104.50577925658982,18.0,20,89.4667080464366,1
TRAIN-0731,Denver-LA,1686,Rain,6336,72,79.99861620667102,23.0,24,80.0304458354794,1
TRAIN-0732,Denver-LA,1145,Snow,2473,93,95.9629790905718,14.0,22,75.60243721221158,1
TRAIN-0733,Denver-LA,758,Snow,3324,85,96.09957737638231,23.0,19,92.04073784016931,1
TRAIN-0734,Denver-LA,1894,Clear,1958,39,38.141451710267724,19.0,24,82.44022870587958,0
TRAIN-0735,Texas-Portland,1278,Rain,7990,63,70.55050197566825,8.0,5,98.4040907003515,1
TRAIN-0736,Texas-Portland,804,Clear,4761,35,42.0800232788105,22.0,26,91.90272570433953,1
TRAIN-0737,Denver-LA,1593,Fog,5335,30,34.95736840592548,10.0,23,93.0011939846786,1
TRAIN-0738,Texas-Portland,1968,Clear,4424,47,40.220492796029326,,2,60.29916562062207,0
TRAIN-0739,Denver-LA,1664,Fog,6444,78,86.17934448469912,20.0,8,89.20941306867351,1
TRAIN-0740,Texas-Portland,1012,Rain,7762,87,98.04697887468609,,13,97.4724442176769,1
TRAIN-0741,Denver-LA,1605,Clear,5202,60,64.51345895998163,3.0,22,83.79058930383235,1
TRAIN-0742,Texas-Portland,1315,Snow,2550,75,75.05099090503936,11.0,3,73.5757120820022,0
TRAIN-0743,Denver-LA,876,Fog,2032,38,38.27472232765881,12.0,25,77.18746038449065,0
TRAIN-0744,Denver-LA,1927,Clear,5010,64,68.29542419533698,13.0,12,92.18975044236467,1
TRAIN-0745,Denver-LA,1874,Fog,1747,74,73.60455176405047,1.0,13,68.47244102632317,0
TRAIN-0746,Denver-LA,848,Snow,4205,90,98.64083496490147,11.0,16,60.738675861137715,1
TRAIN-0747,Texas-Portland,1455,Fog,3847,77,79.35405245851834,2.0,5,60.96169299560792,1
TRAIN-0748,Chicago-Seattle,1740,Fog,5355,31,33.43864550281603,20.0,22,,1
TRAIN-0749,Texas-Portland,1625,Snow,1277,81,85.84668912185248,,9,82.11375826146788,1
TRAIN-0750,Texas-Portland,525,Snow,1592,33,41.02760977407188,5.0,17,,1
TRAIN-0751,Chicago-Seattle,889,Snow,3072,56,61.33804571333469,17.0,13,96.18473628746204,1
TRAIN-0752,Denver-LA,945,Fog,7751,85,102.87583731397166,22.0,21,97.75416942345159,1
TRAIN-0753,Chicago-Seattle,531,Fog,3536,35,41.787228545355525,11.0,13,95.63077144104913,1
TRAIN-0754,Texas-Portland,807,Fog,1685,65,61.435364720575926,19.0,27,96.47563322489759,0
TRAIN-0755,Texas-Portland,1910,Snow,7510,56,70.39658454678604,12.0,6,72.06196235887087,1
TRAIN-0756,Denver-LA,1703,Rain,2312,58,55.46290996010506,23.0,4,68.78866289339119,0
TRAIN-0757,Chicago-Seattle,757,Rain,3803,38,40.59950606378186,10.0,10,70.98710855126525,1
TRAIN-0758,Chicago-Seattle,679,Rain,7718,27,42.57548211143101,16.0,25,89.1334394903347,1
TRAIN-0759,Texas-Portland,1829,Clear,3824,40,38.8170471994412,17.0,2,98.99737028185474,0
TRAIN-0760,Chicago-Seattle,1726,Fog,5874,37,47.2533675659341,6.0,27,66.4082909190281,1
TRAIN-0761,Texas-Portland,638,Fog,2493,26,30.104023783137105,11.0,5,79.50822260109514,1
TRAIN-0762,Denver-LA,536,Rain,3832,47,49.50901175862569,12.0,11,77.91423381746932,1
TRAIN-0763,Chicago-Seattle,1915,Clear,5528,91,102.92089474018724,24.0,20,87.35016370855247,1
TRAIN-0764,Denver-LA,567,Fog,1502,43,44.5758851524079,9.0,25,74.11788431408124,0
TRAIN-0765,Denver-LA,533,Fog,7702,91,99.5444002425898,18.0,18,85.71701594219243,1
TRAIN-0766,Denver-LA,1329,Rain,2454,75,70.27131756950703,15.0,4,95.71834663344663,0
TRAIN-0767,Denver-LA,902,Rain,1341,35,28.759715764508403,18.0,14,80.11199253100361,0
TRAIN-0768,Texas-Portland,1008,Snow,4884,88,96.37123778531164,5.0,11,60.15409855708919,1
TRAIN-0769,Chicago-Seattle,1473,Snow,6418,78,89.58605497819353,20.0,25,71.79188316117597,1
TRAIN-0770,Chicago-Seattle,1786,Snow,6905,82,96.50046467300909,14.0,15,98.61484293490318,1
TRAIN-0771,Denver-LA,770,Snow,5946,76,82.2256544183864,20.0,4,81.96760575320582,1
TRAIN-0772,Chicago-Seattle,1581,Clear,4415,42,42.038261343464875,20.0,3,94.91712575976852,0
TRAIN-0773,Denver-LA,1993,Rain,5571,92,97.75377943825868,20.0,4,72.44930504521994,1
TRAIN-0774,Chicago-Seattle,723,Clear,5593,28,34.02652797080508,19.0,20,78.85914437719693,1
TRAIN-0775,Denver-LA,665,Rain,7706,43,53.18635803584428,9.0,6,65.33347784432931,1
TRAIN-0776,Denver-LA,1939,Fog,2545,93,94.00023524524207,3.0,23,74.15587176575696,0
TRAIN-0777,Texas-Portland,571,Rain,3038,85,89.57985762417695,21.0,2,61.614576698862955,1
TRAIN-0778,Chicago-Seattle,684,Fog,4916,75,84.17824123325691,22.0,8,67.5613839372379,1
TRAIN-0779,Texas-Portland,1816,Rain,3291,40,46.20092448936848,11.0,5,93.24451081356295,1
TRAIN-0780,Texas-Portland,1758,Snow,2767,83,87.28530628971025,11.0,21,73.8532271438195,1
TRAIN-0781,Chicago-Seattle,1710,Rain,6186,50,58.5068852900784,10.0,6,89.17511195816637,1
TRAIN-0782,Texas-Portland,659,Fog,7045,72,86.75740179384788,24.0,6,91.74572986647135,1
TRAIN-0783,Denver-LA,1902,Snow,5221,71,83.85754780905475,14.0,8,73.4029963556851,1
TRAIN-0784,Denver-LA,1707,Rain,4839,46,50.67849881807901,24.0,17,81.73231688476932,1
TRAIN-0785,Chicago-Seattle,849,Rain,7179,45,56.826613367663995,13.0,8,86.44318615202991,1
TRAIN-0786,Denver-LA,1241,Rain,4802,45,51.89129115781582,23.0,9,96.46173633361926,1
TRAIN-0787,Chicago-Seattle,1240,Fog,6546,67,77.32248675473647,20.0,4,99.1115350149525,1
TRAIN-0788,Texas-Portland,1573,Fog,2936,85,84.4041836277172,22.0,1,79.65697277602742,0
TRAIN-0789,Denver-LA,613,Clear,7776,75,86.26798846383265,4.0,20,90.8891029597286,1
TRAIN-0790,Texas-Portland,987,Snow,6769,58,75.22748494607707,13.0,17,86.60065696529185,1
TRAIN-0791,Denver-LA,1136,Fog,5465,55,67.83314710728592,22.0,26,81.09193789003808,1
TRAIN-0792,Denver-LA,605,Clear,4682,64,64.84138785781525,14.0,15,64.01814853942395,0
TRAIN-0793,Chicago-Seattle,1978,Clear,1917,49,48.12948038795812,22.0,19,67.35085117816078,0
TRAIN-0794,Chicago-Seattle,1601,Clear,2985,31,32.47482202088817,12.0,15,61.600053605962394,0
TRAIN-0795,Chicago-Seattle,1517,Fog,6202,72,77.97807583634037,16.0,5,75.45723128434277,1
TRAIN-0796,Chicago-Seattle,1600,Snow,6367,38,49.93922912726263,,16,98.3477465292927,1
TRAIN-0797,Texas-Portland,579,Snow,5612,38,48.658404715536385,16.0,23,99.82794332806394,1
TRAIN-0798,Chicago-Seattle,1520,Snow,4721,76,84.40558399448659,7.0,11,69.28630549444054,1
TRAIN-0799,Texas-Portland,720,Fog,6185,47,56.39321301718554,23.0,2,96.24452784276615,1
TRAIN-0800,Denver-LA,705,Rain,5452,28,34.602653728605326,6.0,4,83.01489905529114,1
TRAIN-0801,Texas-Portland,689,Clear,4816,38,40.06577983361376,,9,69.28771066684453,1
TRAIN-0802,Denver-LA,1486,Rain,6065,82,88.09504817467004,7.0,6,99.42699156290473,1
TRAIN-0803,Denver-LA,1355,Clear,6975,91,98.73363543375008,8.0,26,,1
TRAIN-0804,Texas-Portland,1357,Clear,6943,67,71.53498076286174,9.0,6,66.51364371512804,1
TRAIN-0805,Chicago-Seattle,1035,Clear,5147,55,56.85138066236503,10.0,11,94.48207015349936,0
TRAIN-0806,Texas-Portland,1727,Snow,7277,47,58.9299772851589,8.0,15,87.50927882185081,1
TRAIN-0807,Texas-Portland,1598,Rain,6534,70,77.5950070055437,8.0,17,88.82410462751821,1
TRAIN-0808,Denver-LA,1552,Snow,4128,37,47.050722559018475,8.0,3,63.58393234830109,1
TRAIN-0809,Denver-LA,1261,Snow,3534,40,42.633205751635806,7.0,4,84.06843706229887,1
TRAIN-0810,Chicago-Seattle,716,Snow,1896,53,51.145773632854755,3.0,12,81.74531166823024,0
TRAIN-0811,Chicago-Seattle,1399,Snow,5619,50,57.179401965418506,18.0,6,84.20044040941312,1
TRAIN-0812,Chicago-Seattle,1595,Rain,4844,95,105.42275566053407,17.0,17,63.03127987649149,1
TRAIN-0813,Denver-LA,1136,Fog,3145,72,78.63752819585861,23.0,11,76.89320590583539,1
TRAIN-0814,Chicago-Seattle,1808,Rain,6340,27,39.99298991095449,4.0,25,72.36036792782416,1
TRAIN-0815,Texas-Portland,1951,Rain,2545,74,75.64989481953822,13.0,2,,0
TRAIN-0816,Texas-Portland,1706,Rain,2848,25,26.48127722569354,18.0,25,94.01652358101921,0
TRAIN-0817,Chicago-Seattle,991,Rain,7954,90,107.23470606627617,21.0,12,82.0947794450413,1
TRAIN-0818,Chicago-Seattle,844,Clear,4849,57,61.722469343217945,14.0,16,97.84880282103526,1
TRAIN-0819,Texas-Portland,1341,Fog,6489,53,63.47899222102404,17.0,13,71.32760029962486,1
TRAIN-0820,Chicago-Seattle,1335,Fog,3246,50,51.62971332425912,18.0,4,67.30194425523159,0
TRAIN-0821,Denver-LA,1808,Clear,2116,56,55.80467294373416,15.0,25,83.68126162006371,0
TRAIN-0822,Denver-LA,1328,Rain,5304,33,37.98042618952981,9.0,10,99.24243026869064,1
TRAIN-0823,Texas-Portland,1433,Clear,1269,74,67.74982515641354,7.0,11,87.41401613347502,0
TRAIN-0824,Denver-LA,1489,Clear,2426,93,88.43813380205957,14.0,12,93.21508603179862,0
TRAIN-0825,Denver-LA,1199,Rain,7210,55,64.33509055691165,17.0,3,97.35464185398769,1
TRAIN-0826,Denver-LA,855,Snow,3784,70,75.52536823192052,13.0,13,92.03217746150128,1
TRAIN-0827,Denver-LA,1055,Snow,4335,35,41.667921292248195,,3,81.21789318390067,1
TRAIN-0828,Chicago-Seattle,909,Rain,3140,29,31.30434439566805,6.0,27,83.19216261437647,1
TRAIN-0829,Denver-LA,550,Rain,7688,51,59.558891245815595,20.0,5,90.71084598252911,1
TRAIN-0830,Texas-Portland,1033,Snow,5016,46,50.239452260673104,3.0,4,94.62417827614655,1
TRAIN-0831,Chicago-Seattle,684,Rain,1272,42,41.22667956835692,24.0,6,76.67176096319157,0
TRAIN-0832,Texas-Portland,1273,Fog,4845,45,52.80465765510058,17.0,26,,1
TRAIN-0833,Denver-LA,1899,Clear,5670,44,49.4042994204725,17.0,11,68.59605170998444,1
TRAIN-0834,Chicago-Seattle,513,Clear,1032,83,79.44265477692026,6.0,17,98.61469428494131,0
TRAIN-0835,Chicago-Seattle,1118,Fog,2619,90,94.6112104689465,23.0,17,66.41555808110361,1
TRAIN-0836,Chicago-Seattle,1353,Snow,1140,26,26.295919350151408,8.0,14,84.03963257559825,0
TRAIN-0837,Denver-LA,1218,Rain,7293,37,46.87141332457964,,15,83.86061818907092,1
TRAIN-0838,Texas-Portland,1316,Snow,2316,87,89.41216107490311,7.0,3,82.4809164516211,1
TRAIN-0839,Chicago-Seattle,1942,Rain,6578,42,48.572104989375084,22.0,8,78.56840291035522,1
TRAIN-0840,Texas-Portland,950,Rain,3111,75,71.69022304803798,14.0,1,67.18364947220732,0
TRAIN-0841,Texas-Portland,785,Fog,4672,56,63.68533144255965,14.0,19,60.02074137445351,1
TRAIN-0842,Chicago-Seattle,539,Snow,6058,50,54.168299145621006,17.0,8,95.10714505866015,1
TRAIN-0843,Denver-LA,515,Snow,1839,85,88.28136093603068,7.0,6,69.66996576802066,1
TRAIN-0844,Denver-LA,836,Snow,5475,58,65.23934414673568,1.0,25,66.75427510886269,1
TRAIN-0845,Texas-Portland,1969,Snow,2481,90,96.6272499066172,17.0,10,63.6485255192797,1
TRAIN-0846,Chicago-Seattle,1174,Clear,1941,32,32.92133668660778,24.0,12,65.977295991828,0
TRAIN-0847,Texas-Portland,798,Snow,6409,64,78.83415501484963,12.0,19,75.15484063773113,1
TRAIN-0848,Texas-Portland,943,Rain,1769,94,84.55580523373939,6.0,18,67.81975534066824,0
TRAIN-0849,Denver-LA,1333,Snow,4820,66,75.7064826985262,24.0,28,79.6065367774676,1
TRAIN-0850,Denver-LA,1088,Rain,2471,87,83.35815867242832,12.0,13,78.29737110835313,0
TRAIN-0851,Denver-LA,572,Fog,3580,56,57.05741036917795,3.0,18,79.08387564219021,0
TRAIN-0852,Chicago-Seattle,999,Clear,3062,68,71.23187747943744,11.0,24,65.06610844939395,1
TRAIN-0853,Chicago-Seattle,1859,Snow,3880,28,34.48187144866292,13.0,7,67.88699280633979,1
TRAIN-0854,Chicago-Seattle,777,Clear,5009,35,30.150492627410387,1.0,11,60.19165453973996,0
TRAIN-0855,Chicago-Seattle,1245,Clear,5989,51,53.73983310661985,16.0,6,74.19552080117415,1
TRAIN-0856,Denver-LA,1874,Snow,3471,84,91.66590899324537,11.0,11,77.96166885784197,1
TRAIN-0857,Texas-Portland,961,Rain,2839,41,45.45697352748594,16.0,2,60.40743927389156,1
TRAIN-0858,Denver-LA,1196,Clear,3306,35,39.94261554583641,24.0,22,86.29598726592619,1
TRAIN-0859,Texas-Portland,1960,Clear,6540,91,101.00738944515335,22.0,11,75.2841685153849,1
TRAIN-0860,Chicago-Seattle,862,Rain,1396,53,54.719717315337256,16.0,28,68.28544484261415,0
TRAIN-0861,Chicago-Seattle,1575,Rain,2932,41,40.30560463062436,10.0,7,93.3302920576771,0
TRAIN-0862,Denver-LA,858,Snow,1164,71,70.12469422799833,6.0,14,,0
TRAIN-0863,Chicago-Seattle,853,Fog,3106,73,79.30539143115658,13.0,24,85.61994492293765,1
TRAIN-0864,Denver-LA,711,Fog,6898,92,102.57680763039039,9.0,14,99.34639213669153,1
TRAIN-0865,Texas-Portland,958,Snow,5685,28,36.85676245151557,7.0,5,75.3637770880623,1
TRAIN-0866,Chicago-Seattle,1810,Snow,3319,89,89.40543372338178,9.0,12,82.0049421129222,0
TRAIN-0867,Texas-Portland,1087,Clear,7335,60,64.94980466281518,2.0,1,66.6619391952405,1
TRAIN-0868,Denver-LA,819,Rain,3176,64,64.23629137601303,6.0,15,74.97543912358914,0
TRAIN-0869,Denver-LA,1226,Clear,6637,62,76.42482890573982,12.0,27,,1
TRAIN-0870,Texas-Portland,803,Clear,4273,48,47.454685287928235,11.0,1,81.28546798302659,0
TRAIN-0871,Chicago-Seattle,740,Clear,3217,57,58.72468074319099,8.0,9,73.61797075992052,0
TRAIN-0872,Chicago-Seattle,1680,Snow,2132,80,85.90133851938089,24.0,18,85.89149995197819,1
TRAIN-0873,Denver-LA,1929,Clear,4266,58,61.249126978710756,14.0,23,75.74351117105564,1
TRAIN-0874,Denver-LA,1132,Fog,2687,49,49.18793935023685,4.0,3,,0
TRAIN-0875,Denver-LA,706,Clear,3971,38,42.33198842147482,19.0,24,80.34826305455441,1
TRAIN-0876,Chicago-Seattle,795,Fog,6562,62,71.24980653581488,1.0,2,72.13736048596016,1
TRAIN-0877,Texas-Portland,1713,Clear,6535,61,67.07607359228194,16.0,6,64.76982687024275,1
TRAIN-0878,Texas-Portland,879,Clear,2933,91,87.1481506809134,21.0,12,93.42674437272257,0
TRAIN-0879,Chicago-Seattle,910,Fog,5393,27,35.610556185515016,24.0,23,71.28204438118271,1
TRAIN-0880,Texas-Portland,1621,Clear,2644,63,60.40163449480917,6.0,16,60.08779281178409,0
TRAIN-0881,Denver-LA,1375,Snow,6128,45,54.287035686464925,12.0,15,84.10503169382704,1
TRAIN-0882,Texas-Portland,1827,Snow,7220,52,66.43192035977727,11.0,27,73.54842761237579,1
TRAIN-0883,Denver-LA,724,Clear,6465,87,89.80787568417068,15.0,18,80.82818348926125,1
TRAIN-0884,Denver-LA,800,Rain,7512,47,58.949285322715305,13.0,1,97.54372280837885,1
TRAIN-0885,Chicago-Seattle,932,Rain,3509,83,87.62289127422986,24.0,18,93.07115130141773,1
TRAIN-0886,Texas-Portland,567,Clear,7200,38,46.97100493720741,19.0,25,95.49629983437413,1
TRAIN-0887,Texas-Portland,1628,Snow,1294,58,54.9038432420737,11.0,9,69.02625346490167,0
TRAIN-0888,Denver-LA,670,Clear,1446,93,93.07010640933787,12.0,27,89.70110025807372,0
TRAIN-0889,Chicago-Seattle,1027,Rain,7732,54,62.423123445053434,15.0,26,64.44089098715283,1
TRAIN-0890,Chicago-Seattle,1686,Snow,2756,58,63.72328059995898,15.0,27,96.13349282023451,1
TRAIN-0891,Texas-Portland,1742,Snow,2417,48,53.976272625451585,20.0,6,,1
TRAIN-0892,Chicago-Seattle,1086,Clear,3101,77,77.49896761345292,8.0,4,95.81063277658227,0
TRAIN-0893,Texas-Portland,1094,Snow,4602,76,85.55940636623566,16.0,4,92.9986162449663,1
TRAIN-0894,Denver-LA,1860,Fog,6956,39,47.54256051157396,24.0,27,61.878125972089514,1
TRAIN-0895,Denver-LA,1634,Rain,3694,66,65.73876906817205,2.0,23,80.81287780748568,0
TRAIN-0896,Texas-Portland,1150,Clear,2405,86,86.44706055759669,21.0,3,65.81966409807559,0
TRAIN-0897,Chicago-Seattle,582,Rain,5052,45,52.10921269773495,22.0,19,90.27972214801844,1
TRAIN-0898,Denver-LA,1189,Fog,3814,74,79.11531221177555,13.0,6,63.26988850962104,1
TRAIN-0899,Texas-Portland,1663,Snow,6791,92,106.36932123114913,13.0,26,78.19153575307226,1
TRAIN-0900,Denver-LA,1309,Fog,1683,61,63.84409126807911,23.0,23,92.05837147396427,1
TRAIN-0901,Texas-Portland,1620,Clear,4379,64,66.11739585192933,16.0,8,79.26969367515903,1
TRAIN-0902,Chicago-Seattle,644,Snow,2697,86,88.83200217478546,1.0,11,93.35992981395856,1
TRAIN-0903,Denver-LA,1161,Clear,5410,65,75.2798996262442,,15,97.63174463659539,1
TRAIN-0904,Denver-LA,993,Snow,4021,27,28.899778154690974,3.0,17,64.57458615416336,0
TRAIN-0905,Denver-LA,803,Fog,1771,89,85.95992165958761,7.0,25,78.44893796550792,0
TRAIN-0906,Chicago-Seattle,760,Fog,3236,89,97.29794918011352,18.0,13,67.45174982095645,1
TRAIN-0907,Chicago-Seattle,834,Snow,1962,44,42.60430834432556,24.0,4,87.05685383193571,0
TRAIN-0908,Denver-LA,675,Rain,5509,53,57.42333967467106,11.0,6,,1
TRAIN-0909,Chicago-Seattle,1720,Fog,3068,54,53.88033567484502,9.0,27,65.71374873778997,0
TRAIN-0910,Chicago-Seattle,1595,Rain,6907,61,70.3027332050318,14.0,21,88.44613996392053,1
TRAIN-0911,Texas-Portland,1394,Clear,4464,25,30.654146684192245,9.0,15,69.98013049276095,1
TRAIN-0912,Texas-Portland,1630,Rain,5019,37,41.33152770684609,16.0,15,96.03950321008956,1
TRAIN-0913,Texas-Portland,1454,Fog,4994,33,34.57183297658128,22.0,8,62.712609497701564,0
TRAIN-0914,Denver-LA,1758,Snow,4019,34,39.107408405594455,20.0,19,67.22251769073272,1
TRAIN-0915,Texas-Portland,1791,Rain,3135,37,35.53721931135321,4.0,13,75.01120139702208,0
TRAIN-0916,Chicago-Seattle,1028,Rain,1225,88,86.43717447419084,10.0,19,60.41457097011681,0
TRAIN-0917,Denver-LA,1645,Fog,4888,28,31.65785762042751,13.0,19,86.05886801878285,1
TRAIN-0918,Denver-LA,1012,Fog,5797,65,72.37896095669744,,5,74.45300083332025,1
TRAIN-0919,Chicago-Seattle,1794,Clear,6729,57,65.3478188209361,17.0,18,68.10222498340295,1
TRAIN-0920,Texas-Portland,1417,Clear,2506,68,64.35482703823625,19.0,6,93.5522598862637,0
TRAIN-0921,Texas-Portland,1678,Clear,7419,76,81.992362685865,12.0,7,64.30473254354462,1
TRAIN-0922,Texas-Portland,581,Snow,5669,93,98.92301509928645,7.0,8,,1
TRAIN-0923,Denver-LA,1115,Rain,7254,95,99.93682680387828,14.0,2,98.85860661583635,1
TRAIN-0924,Denver-LA,1606,Snow,6396,79,85.25637532984288,12.0,15,90.91909287799264,1
TRAIN-0925,Texas-Portland,1444,Clear,3929,74,74.49239183649567,,27,92.56095275883656,0
TRAIN-0926,Texas-Portland,1227,Fog,1395,80,78.25778168364081,9.0,8,69.10169885545756,0
TRAIN-0927,Denver-LA,1082,Fog,2651,36,36.184367427699456,15.0,29,95.18864882863579,0
TRAIN-0928,Chicago-Seattle,1395,Clear,6834,60,63.90898983041827,17.0,5,79.13032190911308,1
TRAIN-0929,Chicago-Seattle,546,Rain,7655,43,49.01695592891697,12.0,24,78.1920083645337,1
TRAIN-0930,Denver-LA,530,Snow,4181,75,83.14362437238631,16.0,28,90.03174047709325,1
TRAIN-0931,Texas-Portland,1450,Fog,2195,36,36.787988207900945,3.0,10,94.4469331361217,0
TRAIN-0932,Texas-Portland,1790,Snow,6206,89,102.7000279049528,21.0,16,62.41037313612039,1
TRAIN-0933,Texas-Portland,998,Clear,1319,46,40.12542535727977,14.0,21,99.19067615657355,0
TRAIN-0934,Chicago-Seattle,1953,Clear,6502,66,69.56806518579496,1.0,25,68.85719297153051,1
TRAIN-0935,Texas-Portland,902,Clear,7945,94,105.84549088785774,22.0,19,88.87817602092592,1
TRAIN-0936,Chicago-Seattle,690,Snow,4919,75,83.26741384166476,3.0,13,85.1216243680393,1
TRAIN-0937,Chicago-Seattle,1636,Fog,7324,27,39.426546939453615,21.0,4,62.36963091513918,1
TRAIN-0938,Texas-Portland,1598,Fog,7027,58,65.4063146304013,19.0,11,87.32874308131201,1
TRAIN-0939,Texas-Portland,1165,Clear,2479,93,94.7776779281769,21.0,9,90.6374005641372,0
TRAIN-0940,Chicago-Seattle,770,Rain,3837,35,39.13552597648304,2.0,11,99.39187657985401,1
TRAIN-0941,Denver-LA,1022,Snow,4840,82,83.53536154126529,23.0,4,74.35352333120679,0
TRAIN-0942,Chicago-Seattle,1287,Snow,6935,62,72.32458041734789,22.0,1,86.69870560395468,1
TRAIN-0943,Chicago-Seattle,1937,Rain,2066,52,52.3091253918472,19.0,21,86.7316321540624,0
TRAIN-0944,Texas-Portland,1859,Snow,7884,87,97.71940595578684,4.0,1,85.27880998821274,1
TRAIN-0945,Chicago-Seattle,691,Fog,4023,53,59.06840844224712,2.0,21,86.80440278449676,1
TRAIN-0946,Chicago-Seattle,1119,Clear,6618,60,69.38272592217305,16.0,16,85.63142858829117,1
TRAIN-0947,Denver-LA,1784,Snow,6200,88,96.3568223581936,5.0,6,96.1639138866108,1
TRAIN-0948,Chicago-Seattle,645,Clear,7726,77,86.63124147375784,24.0,22,64.58743831866046,1
TRAIN-0949,Chicago-Seattle,1097,Clear,2932,82,79.49058192847204,8.0,22,90.79925426111302,0
TRAIN-0950,Chicago-Seattle,1074,Snow,6078,50,64.49879680746879,16.0,24,91.69322555055695,1
TRAIN-0951,Denver-LA,1347,Rain,3835,75,85.86476354860733,19.0,23,94.84765138507211,1
TRAIN-0952,Texas-Portland,596,Snow,2475,36,39.64421262007991,11.0,8,62.51608392597504,1
TRAIN-0953,Chicago-Seattle,1256,Snow,6603,24,40.99788882394314,11.0,14,98.1598212183769,1
TRAIN-0954,Texas-Portland,1769,Rain,6469,56,64.69710089243772,23.0,13,63.34732344890723,1
TRAIN-0955,Chicago-Seattle,1837,Fog,5158,33,47.817353845796006,18.0,15,75.61600675802916,1
TRAIN-0956,Texas-Portland,1801,Fog,1804,89,87.84945978230958,1.0,21,83.43476825949412,0
TRAIN-0957,Denver-LA,711,Clear,6805,69,78.91224278795602,10.0,16,68.55356930920685,1
TRAIN-0958,Chicago-Seattle,573,Snow,7291,77,93.49510545810449,4.0,4,,1
TRAIN-0959,Denver-LA,1837,Fog,4485,94,99.52569681918627,7.0,21,76.28499725218283,1
TRAIN-0960,Texas-Portland,578,Fog,4954,46,56.73885553251378,15.0,17,91.51587959574383,1
TRAIN-0961,Chicago-Seattle,752,Fog,2827,64,66.36000612172619,16.0,3,78.52776182413116,1
TRAIN-0962,Chicago-Seattle,653,Snow,1699,39,37.18324221814243,15.0,3,68.21622916803337,0
TRAIN-0963,Denver-LA,679,Fog,1431,88,89.32300951599434,16.0,24,98.4283816638687,0
TRAIN-0964,Denver-LA,1318,Snow,5541,25,34.63355688834053,23.0,4,92.60740652610556,1
TRAIN-0965,Chicago-Seattle,984,Fog,6800,46,52.62077428807951,8.0,17,73.46492928067678,1
TRAIN-0966,Texas-Portland,1596,Clear,2698,34,28.782943022172645,5.0,6,63.42028284264085,0
TRAIN-0967,Texas-Portland,648,Snow,7083,71,79.10397223619184,8.0,18,85.26735667155086,1
TRAIN-0968,Chicago-Seattle,938,Fog,1939,58,55.98804960921685,16.0,2,,0
TRAIN-0969,Texas-Portland,975,Fog,5440,67,77.1386175006531,6.0,12,69.08742154058496,1
TRAIN-0970,Chicago-Seattle,1245,Rain,5030,74,80.81542089594895,3.0,27,94.21708292814338,1
TRAIN-0971,Texas-Portland,1304,Snow,2373,27,33.82703952540125,16.0,23,93.67325961843855,1
TRAIN-0972,Denver-LA,620,Clear,5646,81,82.612726525488,14.0,25,68.09595561056335,0
TRAIN-0973,Denver-LA,993,Fog,6121,36,43.9392094943002,1.0,13,71.7536008964101,1
TRAIN-0974,Texas-Portland,1594,Clear,2900,91,89.92444572588342,1.0,10,,0
TRAIN-0975,Denver-LA,1669,Rain,2072,82,81.16248239291447,24.0,15,78.82423771587517,0
TRAIN-0976,Chicago-Seattle,1334,Rain,6322,94,100.96084147880464,5.0,8,79.23221523238597,1
TRAIN-0977,Denver-LA,804,Rain,3275,70,73.62757387999613,13.0,5,98.24887520652487,1
TRAIN-0978,Chicago-Seattle,618,Rain,1768,88,86.6414285358143,19.0,16,66.02700377361502,0
TRAIN-0979,Chicago-Seattle,1916,Fog,2725,72,75.00476068627376,19.0,28,89.04311819403483,1
TRAIN-0980,Texas-Portland,1220,Rain,3104,83,84.16208067932887,19.0,28,91.96711128793407,0
TRAIN-0981,Denver-LA,1793,Clear,2983,59,57.0140926535897,5.0,15,67.29258315105533,0
TRAIN-0982,Denver-LA,1763,Rain,2192,25,27.416232341037478,10.0,23,68.88318632263966,1
TRAIN-0983,Texas-Portland,1527,Rain,5749,31,42.14355045358115,3.0,6,76.37497372891968,1
TRAIN-0984,Chicago-Seattle,1478,Rain,5962,36,44.20235340404577,18.0,21,84.49258210569616,1
TRAIN-0985,Texas-Portland,1286,Snow,2801,86,89.40619188498434,13.0,12,75.14664739016315,1
TRAIN-0986,Texas-Portland,1234,Fog,1108,57,59.87356626255136,17.0,29,88.08104883537001,1
TRAIN-0987,Denver-LA,730,Clear,2534,93,92.91494724880222,7.0,22,70.39722448011203,0
TRAIN-0988,Chicago-Seattle,1708,Snow,6582,95,108.9756685614786,19.0,20,73.58215239644127,1
TRAIN-0989,Chicago-Seattle,1262,Rain,1248,77,73.22446700204091,22.0,17,84.04052152904559,0
TRAIN-0990,Chicago-Seattle,962,Clear,3882,57,59.60334746375164,11.0,22,67.5400318493493,1
TRAIN-0991,Texas-Portland,580,Rain,7139,41,52.46688869335022,13.0,7,83.07115642472851,1
TRAIN-0992,Texas-Portland,899,Fog,6950,26,33.43929838774708,17.0,15,99.05407912343358,1
TRAIN-0993,Texas-Portland,1121,Fog,7483,86,98.57910436403898,18.0,4,92.58746735411628,1
TRAIN-0994,Texas-Portland,1112,Fog,6031,74,85.53462162937234,24.0,24,62.858465646290455,1
TRAIN-0995,Chicago-Seattle,961,Snow,1964,39,38.30832077094867,8.0,25,77.70161058461218,0
TRAIN-0996,Denver-LA,1399,Snow,7870,44,62.86153734772878,9.0,21,67.06430965395319,1
TRAIN-0997,Chicago-Seattle,772,Snow,7804,68,81.40903275271388,2.0,18,90.17820882387228,1
TRAIN-0998,Chicago-Seattle,1649,Snow,3942,67,73.48249599201142,9.0,19,68.50813363587659,1
TRAIN-0999,Chicago-Seattle,1555,Fog,7420,89,102.00260062390022,18.0,11,67.90053845121183,1
TRAIN-1000,Chicago-Seattle,697,Snow,3764,35,39.58122351175307,10.0,5,,1
TRAIN-1001,Texas-Portland,1784,Fog,7491,70,76.735511166395,10.0,10,67.02247978340856,1
TRAIN-1002,Chicago-Seattle,1464,Fog,6499,26,35.43541395011314,21.0,10,82.18873275231239,1
TRAIN-1003,Chicago-Seattle,1224,Clear,5763,90,88.88778547663271,6.0,11,79.67697323840228,0
TRAIN-1004,Denver-LA,1343,Snow,6395,53,63.768086125143675,,24,74.34097210389035,1
TRAIN-1005,Chicago-Seattle,718,Snow,1388,93,96.4534390683704,1.0,28,80.09943813778273,1
TRAIN-1006,Denver-LA,1469,Fog,1148,84,86.59925462388622,22.0,29,92.80821817487018,1
TRAIN-1007,Chicago-Seattle,811,Clear,2530,77,76.63291724896938,1.0,11,83.05408620279042,0
TRAIN-1008,Chicago-Seattle,1154,Fog,1186,26,21.174837005952426,3.0,23,,0
TRAIN-1009,Texas-Portland,507,Fog,3518,72,77.96046468465472,10.0,6,98.7691263869316,1
TRAIN-1010,Denver-LA,634,Clear,4244,32,39.82352190786097,24.0,27,98.59493168584467,1
TRAIN-1011,Chicago-Seattle,1550,Snow,7763,82,96.08442360662922,24.0,25,97.26326486448174,1
TRAIN-1012,Texas-Portland,1482,Rain,1006,48,46.031857769926674,18.0,1,80.81893006324614,0
TRAIN-1013,Denver-LA,1724,Clear,6200,85,92.40878197755161,20.0,28,,1
TRAIN-1014,Chicago-Seattle,1288,Snow,1424,54,59.87075463568811,2.0,4,75.71011559213358,1
TRAIN-1015,Texas-Portland,1349,Fog,5031,86,94.78110322593413,7.0,12,60.25079545464594,1
TRAIN-1016,Chicago-Seattle,965,Clear,1299,70,66.1967931110309,1.0,16,91.68232070935031,0
TRAIN-1017,Denver-LA,1636,Clear,2691,88,91.34728940977467,11.0,13,90.23432273757392,1
TRAIN-1018,Denver-LA,1970,Fog,7316,64,78.69824240996925,1.0,5,64.70042361062261,1
TRAIN-1019,Texas-Portland,1963,Fog,2392,60,62.325939892056006,6.0,8,92.7085398140255,1
TRAIN-1020,Chicago-Seattle,1337,Clear,4080,89,91.72782556512205,15.0,16,74.59789827213395,1
TRAIN-1021,Denver-LA,1863,Fog,6991,87,89.49854151176567,7.0,6,66.48663362124776,1
TRAIN-1022,Chicago-Seattle,1822,Rain,2810,33,33.28117481218406,4.0,26,95.49755252064301,0
TRAIN-1023,Denver-LA,858,Clear,2917,87,87.32098144578252,17.0,11,75.74484375077458,0
TRAIN-1024,Texas-Portland,507,Clear,7729,73,79.99911228777103,5.0,17,80.92914424505773,1
TRAIN-1025,Chicago-Seattle,1657,Snow,4754,54,56.18452925739312,21.0,6,95.80109603233088,1
TRAIN-1026,Texas-Portland,1978,Fog,1743,47,47.21998930148314,5.0,10,96.46252505382206,0
TRAIN-1027,Texas-Portland,1534,Fog,5800,31,37.83779979454977,24.0,25,77.91676283085852,1
TRAIN-1028,Denver-LA,744,Clear,5201,73,82.67961164739795,22.0,27,80.95436425730357,1
TRAIN-1029,Texas-Portland,1549,Fog,2074,39,33.908660181470395,7.0,1,75.84633075611414,0
TRAIN-1030,Texas-Portland,1479,Clear,1554,59,59.84286028843691,6.0,28,92.65135053302576,0
TRAIN-1031,Chicago-Seattle,1547,Rain,6714,40,49.79038046604667,8.0,19,84.19250142897646,1
TRAIN-1032,Chicago-Seattle,699,Fog,7653,70,81.85643053831889,18.0,22,78.79260623721441,1
TRAIN-1033,Texas-Portland,1171,Fog,3291,87,93.25250304433125,21.0,26,89.69535112533372,1
TRAIN-1034,Denver-LA,1202,Rain,7592,56,72.02885913550922,9.0,9,86.64659324890252,1
TRAIN-1035,Chicago-Seattle,892,Snow,1892,88,93.83094717887474,,22,83.89310158768193,1
TRAIN-1036,Texas-Portland,1455,Fog,6359,93,105.88180750193226,7.0,26,88.17360400732409,1
TRAIN-1037,Chicago-Seattle,1418,Snow,1328,64,62.36367725034294,2.0,5,76.35815989751121,0
TRAIN-1038,Denver-LA,1728,Fog,4918,51,58.33170436702966,4.0,9,87.86417438228656,1
TRAIN-1039,Denver-LA,1000,Rain,6174,77,86.29871198569008,18.0,10,62.69196003335418,1
TRAIN-1040,Chicago-Seattle,1381,Fog,2991,67,65.30489516384634,20.0,20,78.82859632698298,0
TRAIN-1041,Chicago-Seattle,779,Snow,5465,24,31.081785954102546,9.0,4,95.1147574994182,1
TRAIN-1042,Texas-Portland,1205,Fog,4011,77,81.35018947648751,22.0,1,85.82307178430842,1
TRAIN-1043,Chicago-Seattle,1526,Fog,5016,60,69.9268260426348,5.0,23,62.60005383074543,1
TRAIN-1044,Texas-Portland,867,Clear,7744,69,73.85408468112115,1.0,1,97.53390325262454,1
TRAIN-1045,Texas-Portland,861,Snow,6343,93,102.63455197855046,16.0,17,97.67542623538986,1
TRAIN-1046,Chicago-Seattle,1664,Clear,7152,43,52.0423592288168,21.0,1,71.32796072334558,1
TRAIN-1047,Denver-LA,1492,Rain,3235,91,93.76785588096921,11.0,20,74.3420068325851,1
TRAIN-1048,Texas-Portland,1850,Rain,2154,81,83.67784329424894,2.0,29,72.47601067676845,1
TRAIN-1049,Texas-Portland,1054,Snow,5239,37,44.39009793024769,8.0,18,78.16903303016772,1
TRAIN-1050,Chicago-Seattle,1106,Clear,4858,39,41.22307988702009,14.0,3,,1
TRAIN-1051,Chicago-Seattle,1846,Fog,5794,38,48.273906732482196,7.0,26,98.80233313102778,1
TRAIN-1052,Denver-LA,510,Rain,2890,87,90.07000849238648,19.0,10,88.4359675954513,1
TRAIN-1053,Chicago-Seattle,1142,Rain,7293,83,88.35497850788411,5.0,18,71.23577047550496,1
TRAIN-1054,Texas-Portland,973,Fog,6249,27,32.659654022872374,12.0,12,72.19660478911833,1
TRAIN-1055,Chicago-Seattle,1745,Rain,7992,49,55.8860234224346,1.0,5,81.12744501867914,1
TRAIN-1056,Texas-Portland,1814,Snow,3859,62,68.55510053647359,11.0,6,83.28363393250451,1
TRAIN-1057,Chicago-Seattle,1041,Snow,1397,77,80.68157396543464,,12,83.90111396152959,1
TRAIN-1058,Chicago-Seattle,1332,Rain,6938,81,90.12545234099098,19.0,2,74.40402045185077,1
TRAIN-1059,Chicago-Seattle,1322,Clear,1361,69,66.44834742496793,15.0,18,76.29872715734524,0
TRAIN-1060,Chicago-Seattle,1197,Snow,3050,60,67.1775692287671,7.0,13,92.61441164233067,1
TRAIN-1061,Denver-LA,1931,Fog,5661,36,46.05160018734175,11.0,13,,1
TRAIN-1062,Texas-Portland,1576,Clear,6010,25,32.09869489549162,23.0,13,89.30443307866148,1
TRAIN-1063,Denver-LA,766,Rain,6821,26,34.2226872909231,12.0,26,61.76701742874177,1
TRAIN-1064,Chicago-Seattle,1147,Clear,1561,58,58.0395684265482,14.0,11,75.43971853118698,0
TRAIN-1065,Denver-LA,1564,Clear,3494,83,77.25014970661388,18.0,6,81.45633357181781,0
TRAIN-1066,Chicago-Seattle,636,Clear,4269,38,38.93893963496947,14.0,25,78.50958873268527,0
TRAIN-1067,Texas-Portland,595,Fog,5824,76,84.17199841604176,5.0,24,80.64115012953499,1
TRAIN-1068,Texas-Portland,1050,Rain,6861,32,48.79904438009678,7.0,16,68.09265735761873,1
TRAIN-1069,Denver-LA,1060,Fog,5755,89,101.69279466569596,3.0,27,68.24954227863442,1
TRAIN-1070,Denver-LA,1192,Snow,7165,46,55.572360097807646,13.0,3,91.35206901819727,1
TRAIN-1071,Texas-Portland,1968,Snow,1165,42,46.83080699019748,17.0,22,99.06976191961343,1
TRAIN-1072,Chicago-Seattle,1270,Clear,6477,58,71.77218987717573,19.0,23,60.81657179621965,1
TRAIN-1073,Chicago-Seattle,1919,Clear,6414,41,50.07426539623686,21.0,20,62.50395412750621,1
TRAIN-1074,Texas-Portland,1987,Snow,4236,79,89.21780299240952,10.0,13,99.85298854328997,1
TRAIN-1075,Denver-LA,1527,Snow,7144,65,79.26578271743678,16.0,23,87.5016431279002,1
TRAIN-1076,Chicago-Seattle,1944,Snow,4309,64,69.99403910489707,20.0,7,93.69754882682278,1
TRAIN-1077,Chicago-Seattle,658,Snow,2348,42,46.74913582360128,24.0,11,85.73783743518099,1
TRAIN-1078,Texas-Portland,1368,Clear,5293,59,65.01723248498398,13.0,25,76.98783193333466,1
TRAIN-1079,Denver-LA,1390,Fog,6937,83,93.62064002752916,13.0,9,82.88208024711099,1
TRAIN-1080,Chicago-Seattle,1914,Rain,7736,87,98.65293597968113,11.0,23,78.60727662628878,1
TRAIN-1081,Denver-LA,1899,Clear,7792,39,53.762446295684875,23.0,2,73.48916322546573,1
TRAIN-1082,Denver-LA,1181,Snow,2441,52,54.65518547134969,16.0,4,88.86558609925434,1
TRAIN-1083,Denver-LA,1222,Snow,6670,78,89.9410376348154,20.0,5,96.48118239318501,1
TRAIN-1084,Chicago-Seattle,1024,Snow,4105,38,42.82452416598778,15.0,24,63.947769020085666,1
TRAIN-1085,Denver-LA,998,Rain,6198,68,77.83150752890312,6.0,26,96.21972667656371,1
TRAIN-1086,Chicago-Seattle,998,Fog,1287,35,36.0979327153108,20.0,12,71.93802444438406,0
TRAIN-1087,Texas-Portland,761,Snow,7363,81,95.77513023072484,5.0,3,72.6594873749955,1
TRAIN-1088,Chicago-Seattle,1455,Snow,6677,95,111.89902154552648,5.0,28,83.21510702584764,1
TRAIN-1089,Chicago-Seattle,595,Clear,6511,48,49.60366569090379,7.0,11,70.51971018609827,0
TRAIN-1090,Texas-Portland,1326,Snow,2881,66,69.66088072180115,16.0,16,87.23314621119933,1
TRAIN-1091,Chicago-Seattle,1301,Snow,4688,42,48.081344884045116,9.0,8,83.03204586511528,1
TRAIN-1092,Chicago-Seattle,1318,Rain,6406,24,31.867473572867098,2.0,19,70.6153489195348,1
TRAIN-1093,Texas-Portland,1860,Snow,2979,94,99.81850543589212,15.0,19,85.10091385588076,1
TRAIN-1094,Texas-Portland,1005,Fog,2299,88,88.18371709491548,23.0,22,63.60671204470164,0
TRAIN-1095,Chicago-Seattle,1701,Fog,1528,54,51.445478105687286,7.0,19,73.40318342540851,0
TRAIN-1096,Chicago-Seattle,1853,Fog,6101,38,47.53260676610144,3.0,25,67.33567527748446,1
TRAIN-1097,Chicago-Seattle,1950,Clear,5685,95,103.7149079161618,4.0,14,71.29381334952019,1
TRAIN-1098,Texas-Portland,663,Clear,4985,79,79.3234041628435,9.0,18,77.92824168109583,0
TRAIN-1099,Chicago-Seattle,653,Clear,2999,47,48.84722805563091,23.0,1,78.40763581289097,0
TRAIN-1100,Chicago-Seattle,640,Snow,6565,93,103.54606483950472,12.0,17,76.05085836968524,1
TRAIN-1101,Denver-LA,1233,Rain,3630,68,72.2234026874763,21.0,27,86.054881626835,1
TRAIN-1102,Denver-LA,1537,Fog,3057,58,64.992765205919,3.0,18,70.6477227626224,1
TRAIN-1103,Chicago-Seattle,1534,Clear,6673,39,43.19414496197987,12.0,13,66.53709033667586,1
TRAIN-1104,Texas-Portland,1456,Rain,3731,49,49.597052076246115,3.0,8,78.2281773452655,0
TRAIN-1105,Texas-Portland,773,Rain,3650,71,73.12516744710317,18.0,14,83.5715130555739,1
TRAIN-1106,Chicago-Seattle,1737,Fog,2593,67,69.12147744430136,19.0,13,93.90189252935741,1
TRAIN-1107,Texas-Portland,1418,Clear,2979,57,56.256776628484985,11.0,15,88.70273818975724,0
TRAIN-1108,Chicago-Seattle,984,Snow,6862,74,84.77137559808979,23.0,3,75.12219119589604,1
TRAIN-1109,Chicago-Seattle,1514,Rain,3038,76,79.61960667300087,11.0,13,70.00376624805216,1
TRAIN-1110,Texas-Portland,1530,Rain,3199,73,76.49940106239585,23.0,20,83.5294683440593,1
TRAIN-1111,Chicago-Seattle,565,Clear,7834,25,29.84751910916591,15.0,8,91.42099729401366,1
TRAIN-1112,Texas-Portland,1886,Rain,4124,89,94.00812988636594,23.0,10,78.49974229364953,1
TRAIN-1113,Denver-LA,1446,Clear,4999,69,73.76243147945952,12.0,29,96.5576037804934,1
TRAIN-1114,Chicago-Seattle,1668,Snow,2369,34,38.80984617589411,9.0,12,94.17065298326024,1
TRAIN-1115,Denver-LA,1318,Rain,6330,70,74.59883622753156,19.0,5,76.96828832930439,1
TRAIN-1116,Chicago-Seattle,1931,Snow,1075,24,20.702747554480503,17.0,14,79.26375602978645,0
TRAIN-1117,Texas-Portland,1418,Clear,2357,36,31.761169484164967,1.0,21,96.62121600761495,0
TRAIN-1118,Denver-LA,598,Clear,2482,90,84.46205140497753,5.0,14,83.07374583727247,0
TRAIN-1119,Denver-LA,700,Rain,7696,38,46.27217957347518,15.0,12,,1
TRAIN-1120,Denver-LA,1218,Rain,5049,75,81.23336654452248,24.0,15,93.10570908720818,1
TRAIN-1121,Denver-LA,1545,Rain,5916,70,72.6383205784902,17.0,1,77.98867549228666,1
TRAIN-1122,Texas-Portland,1661,Fog,6427,37,46.76136613962127,9.0,29,82.43271618100812,1
TRAIN-1123,Chicago-Seattle,1118,Snow,6017,45,55.00277642135671,3.0,10,93.21317925024624,1
TRAIN-1124,Texas-Portland,613,Rain,3805,37,34.2277724544784,21.0,1,68.43866226620614,0
TRAIN-1125,Denver-LA,1080,Clear,5623,66,69.49526870562816,4.0,12,73.49782993613478,1
TRAIN-1126,Chicago-Seattle,1661,Fog,1832,81,78.39488890590734,2.0,12,88.9759638769232,0
TRAIN-1127,Denver-LA,1430,Rain,7625,66,80.56637574312735,24.0,27,,1
TRAIN-1128,Denver-LA,1032,Fog,6013,61,72.8221505822867,17.0,8,74.18366945028328,1
TRAIN-1129,Chicago-Seattle,1278,Snow,5163,49,57.65073584119342,14.0,27,,1
TRAIN-1130,Denver-LA,1499,Rain,7989,34,45.824129905912756,17.0,22,77.36405998930526,1
TRAIN-1131,Denver-LA,1904,Rain,4027,42,47.637159593319694,14.0,11,71.03592453072027,1
TRAIN-1132,Texas-Portland,1639,Fog,6215,90,92.76206411854031,4.0,4,96.91206315784343,1
TRAIN-1133,Denver-LA,758,Rain,2340,79,80.39701113034587,9.0,21,83.4669703590621,0
TRAIN-1134,Denver-LA,1226,Clear,3854,68,64.54945777550192,8.0,18,89.03155069468036,0
TRAIN-1135,Texas-Portland,1888,Clear,2797,71,75.4171604040503,6.0,16,74.55717406696081,1
TRAIN-1136,Denver-LA,1573,Snow,2672,90,89.61403645876459,18.0,10,75.43900541272188,0
TRAIN-1137,Texas-Portland,602,Rain,3747,48,48.18121821158485,1.0,6,96.12056564288768,0
TRAIN-1138,Texas-Portland,842,Clear,6059,50,49.09599340103361,23.0,7,,0
TRAIN-1139,Texas-Portland,1385,Rain,2407,91,94.4979446100132,13.0,23,95.536861002481,1
TRAIN-1140,Chicago-Seattle,1189,Rain,1852,45,46.173149098555335,8.0,22,99.85602423667851,0
TRAIN-1141,Denver-LA,1822,Clear,5145,49,47.73104579271355,3.0,16,93.87258775959678,0
TRAIN-1142,Texas-Portland,508,Fog,3869,93,99.82872511655809,22.0,8,97.64632652053322,1
TRAIN-1143,Texas-Portland,631,Fog,2850,26,25.31819248738705,4.0,10,61.427056636229686,0
TRAIN-1144,Texas-Portland,1634,Fog,4655,93,98.68228415550828,2.0,9,81.15121201447985,1
TRAIN-1145,Chicago-Seattle,1276,Clear,6053,59,66.2473872882612,9.0,25,84.23910013295753,1
TRAIN-1146,Denver-LA,1212,Clear,4341,33,41.622078903271266,2.0,16,89.91574035935034,1
TRAIN-1147,Denver-LA,1857,Snow,3626,27,36.057968025575356,19.0,13,73.28404885360078,1
TRAIN-1148,Denver-LA,1825,Rain,5039,52,53.73557833029707,21.0,2,65.86887731248264,0
TRAIN-1149,Texas-Portland,1758,Rain,6105,83,90.34505123173236,21.0,17,,1
TRAIN-1150,Denver-LA,602,Snow,5219,70,78.20759742584157,21.0,29,86.74602798456512,1
TRAIN-1151,Texas-Portland,910,Rain,5456,41,54.091719480682684,14.0,21,62.62618505707988,1
TRAIN-1152,Denver-LA,554,Fog,2591,55,51.913264200532126,23.0,3,98.34156975692076,0
TRAIN-1153,Denver-LA,1222,Snow,1577,25,32.14406453725131,11.0,20,95.73137894839198,1
TRAIN-1154,Denver-LA,622,Rain,6321,44,53.236095200653985,20.0,23,66.43270303141736,1
TRAIN-1155,Chicago-Seattle,1234,Snow,6109,64,75.50567626412888,8.0,22,65.98915589174584,1
TRAIN-1156,Chicago-Seattle,1505,Snow,4753,49,61.75408465568354,4.0,29,61.74252005400642,1
TRAIN-1157,Denver-LA,1781,Clear,3780,26,26.369318395184457,12.0,21,64.96018886753436,0
TRAIN-1158,Denver-LA,1147,Fog,3023,95,96.13703778042938,17.0,18,94.07380186506848,0
TRAIN-1159,Denver-LA,1465,Clear,5085,41,43.18822408554992,19.0,12,86.90854883864272,1
TRAIN-1160,Denver-LA,1445,Fog,3597,62,62.7673011648778,22.0,25,86.0018137904743,0
TRAIN-1161,Texas-Portland,910,Clear,2297,39,34.65459756280229,12.0,13,98.67344259155628,0
TRAIN-1162,Chicago-Seattle,1183,Rain,7197,40,49.566579171654666,17.0,22,,1
TRAIN-1163,Denver-LA,838,Rain,4569,54,56.22944798272283,21.0,24,,1
TRAIN-1164,Chicago-Seattle,1589,Snow,2522,32,39.19241394001044,9.0,12,94.15674745069106,1
TRAIN-1165,Texas-Portland,1652,Clear,4045,39,38.08719925053882,13.0,17,80.43388357626017,0
TRAIN-1166,Chicago-Seattle,1722,Clear,3494,31,28.118626215205836,14.0,7,65.59765214818863,0
TRAIN-1167,Denver-LA,1824,Fog,6371,69,75.490091256257,17.0,10,85.18303188196828,1
TRAIN-1168,Denver-LA,906,Clear,5997,71,76.38676183919658,3.0,8,98.36902353405495,1
TRAIN-1169,Texas-Portland,1385,Snow,6779,66,82.37605103912969,8.0,15,78.56189831294915,1
TRAIN-1170,Denver-LA,620,Clear,5619,52,56.72517223021309,20.0,12,73.6522126405521,1
TRAIN-1171,Denver-LA,914,Clear,5808,48,55.34976568464379,6.0,29,77.8935392001543,1
TRAIN-1172,Denver-LA,1901,Clear,3555,40,41.911809429130194,20.0,16,70.35612796823497,0
TRAIN-1173,Denver-LA,869,Clear,7079,63,69.46050039748724,24.0,18,93.34435851497607,1
TRAIN-1174,Denver-LA,903,Clear,6101,43,40.08536763503029,11.0,9,91.3186060907822,0
TRAIN-1175,Chicago-Seattle,1497,Rain,5291,51,59.4005587316784,20.0,6,61.6179247400528,1
TRAIN-1176,Texas-Portland,1812,Clear,6975,44,56.51019329782494,9.0,2,96.42246458243935,1
TRAIN-1177,Chicago-Seattle,898,Clear,3600,68,72.50047918765674,18.0,21,96.83108455384735,1
TRAIN-1178,Denver-LA,1984,Rain,7292,26,36.28776552028835,17.0,29,99.30946444595094,1
TRAIN-1179,Texas-Portland,1565,Clear,4961,44,48.10036341919775,24.0,13,85.90989711444527,1
TRAIN-1180,Texas-Portland,1419,Snow,1691,66,66.67693337630826,,9,65.88458331392565,0
TRAIN-1181,Chicago-Seattle,1205,Fog,4742,39,46.8428783489637,15.0,17,86.25710701599091,1
TRAIN-1182,Texas-Portland,707,Clear,4820,89,89.43958417341871,11.0,13,91.55368960103141,0
TRAIN-1183,Chicago-Seattle,1658,Snow,7978,47,60.39349900161455,21.0,18,95.39125317186516,1
TRAIN-1184,Denver-LA,1119,Fog,3932,49,56.33486322169886,2.0,24,97.63709748745813,1
TRAIN-1185,Chicago-Seattle,763,Rain,2315,84,88.24130738221253,14.0,7,,1
TRAIN-1186,Chicago-Seattle,500,Snow,4369,58,66.12253829499967,19.0,15,92.27752595007945,1
TRAIN-1187,Chicago-Seattle,1877,Fog,2695,30,33.41756055908445,6.0,28,85.17253537000671,1
TRAIN-1188,Denver-LA,1485,Fog,1192,94,93.76352772343733,5.0,11,70.75957227628525,0
TRAIN-1189,Chicago-Seattle,1637,Rain,5855,38,45.55715288460574,24.0,3,73.07478056608156,1
TRAIN-1190,Texas-Portland,1650,Rain,1550,27,28.09356231360069,18.0,23,76.1536329810061,0
TRAIN-1191,Chicago-Seattle,1122,Rain,6276,75,80.56901538905906,1.0,26,69.40349187687843,1
TRAIN-1192,Texas-Portland,1643,Snow,3008,86,89.69651375953174,3.0,20,89.39208276782786,1
TRAIN-1193,Texas-Portland,1058,Snow,3549,67,76.14371436714264,,22,84.89063804197758,1
TRAIN-1194,Denver-LA,754,Rain,7560,54,68.35397435234125,9.0,4,66.98521194086533,1
TRAIN-1195,Chicago-Seattle,1376,Rain,4842,67,71.49061011512774,12.0,19,94.10214065906194,1
TRAIN-1196,Chicago-Seattle,693,Fog,5353,76,86.87049988908169,6.0,14,62.50742175525387,1
TRAIN-1197,Texas-Portland,594,Snow,4882,33,41.50881514229256,12.0,23,70.69499130086463,1
TRAIN-1198,Texas-Portland,1221,Clear,6077,36,40.900505272289024,12.0,11,64.06726501717773,1
TRAIN-1199,Texas-Portland,1028,Snow,5861,74,86.77569011920623,2.0,11,64.52730162515392,1
TRAIN-1200,Chicago-Seattle,1713,Clear,7413,60,68.44149067286598,22.0,6,79.80102453465295,1
TRAIN-1201,Denver-LA,1294,Snow,3701,89,94.04403510092595,21.0,19,74.15372053456315,1
TRAIN-1202,Chicago-Seattle,1041,Fog,2327,72,75.41544821314127,6.0,19,88.0909029996208,1
TRAIN-1203,Texas-Portland,1023,Rain,4045,60,59.387876305013044,18.0,24,82.49852398211488,0
TRAIN-1204,Denver-LA,1704,Snow,5191,48,55.67165916119495,15.0,5,86.31382842966991,1
TRAIN-1205,Denver-LA,1955,Clear,3931,86,87.16447247165267,12.0,4,77.42089084514349,0
TRAIN-1206,Chicago-Seattle,1792,Clear,3918,52,57.74642368014838,5.0,29,77.45726611922534,1
TRAIN-1207,Chicago-Seattle,1453,Fog,5403,46,58.4693325600578,1.0,17,75.49596494111583,1
TRAIN-1208,Texas-Portland,1145,Snow,3298,80,87.77081512440648,14.0,21,90.23385642224812,1
TRAIN-1209,Denver-LA,1225,Snow,3357,56,64.5542204559601,9.0,21,75.44753071174834,1
TRAIN-1210,Denver-LA,560,Snow,5520,46,53.40016967245689,6.0,6,98.81403994070888,1
TRAIN-1211,Chicago-Seattle,1844,Rain,5350,90,96.92533480024605,1.0,29,75.21163012516618,1
TRAIN-1212,Denver-LA,1545,Clear,2371,93,91.92744019057068,4.0,15,75.78380213744441,0
TRAIN-1213,Chicago-Seattle,1124,Rain,7883,69,76.7607882471448,,2,61.89744312078541,1
TRAIN-1214,Denver-LA,943,Rain,1308,26,25.553075515306606,7.0,25,72.4357086753848,0
TRAIN-1215,Chicago-Seattle,1512,Fog,4449,90,105.08250502954228,20.0,27,61.68121118826066,1
TRAIN-1216,Texas-Portland,1460,Rain,1106,73,72.62899295802109,12.0,16,87.33502111696352,0
TRAIN-1217,Texas-Portland,711,Fog,1896,76,80.9493155455355,10.0,24,88.12688066358942,1
TRAIN-1218,Denver-LA,1445,Fog,7663,73,85.53559396592702,13.0,26,99.41673602576599,1
TRAIN-1219,Chicago-Seattle,1597,Snow,6512,32,51.2768016883003,19.0,29,94.94461222166369,1
TRAIN-1220,Chicago-Seattle,1631,Snow,2993,86,89.86108308959706,12.0,1,,1
TRAIN-1221,Texas-Portland,612,Snow,5160,76,83.08958507619037,5.0,8,79.32091982758685,1
TRAIN-1222,Chicago-Seattle,1147,Fog,4319,81,86.77564778589999,21.0,14,86.06359536359875,1
TRAIN-1223,Denver-LA,1509,Fog,4768,66,67.93950794344396,7.0,4,72.70900242717674,0
TRAIN-1224,Texas-Portland,1564,Clear,5705,54,57.459363502001494,14.0,8,94.83320096607278,1
TRAIN-1225,Texas-Portland,1071,Clear,6434,48,51.25622308103021,19.0,15,96.87200034911515,1
TRAIN-1226,Texas-Portland,872,Clear,3302,64,68.93823517131884,22.0,2,96.59971886710926,1
TRAIN-1227,Denver-LA,1172,Fog,1288,86,87.71380498016566,12.0,24,94.45515917114875,0
TRAIN-1228,Chicago-Seattle,1114,Clear,4465,37,41.76170698581588,,10,73.45766181821206,1
TRAIN-1229,Chicago-Seattle,971,Rain,4199,71,70.64519011899496,23.0,19,88.92782592433554,0
TRAIN-1230,Denver-LA,1243,Clear,1480,51,53.01942210287059,,26,92.34446865456826,1
TRAIN-1231,Chicago-Seattle,1008,Clear,5768,56,54.846187276581084,23.0,15,97.24890753886007,0
TRAIN-1232,Denver-LA,1119,Rain,5548,78,84.27023248240643,22.0,9,80.08999513879192,1
TRAIN-1233,Texas-Portland,1659,Fog,2326,92,93.12367713936325,11.0,4,84.4023491743507,0
TRAIN-1234,Denver-LA,545,Snow,6379,67,75.97705751440041,11.0,5,74.49023142102996,1
TRAIN-1235,Texas-Portland,558,Fog,6380,80,85.54091144320397,14.0,27,63.35263419379261,1
TRAIN-1236,Texas-Portland,1791,Rain,1333,24,21.812668617881705,19.0,21,88.93114249613046,0
TRAIN-1237,Chicago-Seattle,1188,Fog,5536,74,80.39119519026201,13.0,18,68.33420060063088,1
TRAIN-1238,Chicago-Seattle,1074,Rain,3998,28,24.57302605216957,24.0,27,70.48857226552062,0
TRAIN-1239,Chicago-Seattle,1129,Clear,1531,46,43.218979944550206,12.0,16,61.42579307590235,0
TRAIN-1240,Chicago-Seattle,1186,Snow,1241,95,92.61816451547348,6.0,4,71.87821389599256,0
TRAIN-1241,Chicago-Seattle,1535,Rain,4599,95,97.01347057122463,4.0,5,88.71268900485299,1
TRAIN-1242,Chicago-Seattle,1158,Rain,2103,58,57.776647408185156,,18,87.10258502277212,0
TRAIN-1243,Chicago-Seattle,1929,Clear,2794,86,86.87124480337278,2.0,23,74.6108455860301,0
TRAIN-1244,Texas-Portland,1299,Fog,6835,38,46.263621414398486,8.0,11,95.79928690629728,1
TRAIN-1245,Texas-Portland,528,Rain,1243,53,51.5078076977562,21.0,10,90.1801188119951,0
TRAIN-1246,Denver-LA,1995,Snow,7356,54,65.21667443044817,3.0,17,67.8358657806498,1
TRAIN-1247,Chicago-Seattle,848,Rain,4400,62,72.3296365492291,14.0,14,65.02629638167136,1
TRAIN-1248,Denver-LA,561,Snow,4826,26,30.744465732934586,19.0,16,79.78770750579952,1
TRAIN-1249,Chicago-Seattle,1662,Fog,7156,41,56.903716633581226,21.0,13,96.35194724948093,1
TRAIN-1250,Chicago-Seattle,969,Snow,2098,30,34.23696936887727,6.0,10,80.69803874296201,1
TRAIN-1251,Texas-Portland,1337,Fog,7746,70,81.33399251071191,16.0,6,76.12798446967808,1
TRAIN-1252,Texas-Portland,1496,Rain,5490,78,82.00116917581644,,2,68.64889917809363,1
TRAIN-1253,Denver-LA,572,Fog,7869,63,77.62532859262919,20.0,6,96.4693777145954,1
TRAIN-1254,Texas-Portland,548,Clear,2355,74,78.82985779756324,21.0,19,65.71831218337601,1
TRAIN-1255,Denver-LA,1794,Fog,5067,70,74.45582193513752,8.0,25,98.54178452448944,1
TRAIN-1256,Chicago-Seattle,1185,Snow,2984,31,33.909601251193756,17.0,27,87.38150634925051,1
TRAIN-1257,Chicago-Seattle,1950,Clear,4769,33,36.18798522872996,15.0,6,86.36807740950627,1
TRAIN-1258,Chicago-Seattle,737,Rain,3685,62,62.49991594482275,17.0,22,68.56849582444889,0
TRAIN-1259,Texas-Portland,1440,Clear,2403,52,47.667081136605944,21.0,18,96.03433010356625,0
TRAIN-1260,Texas-Portland,1483,Clear,7852,66,72.65897906084514,24.0,6,66.54496684661832,1
TRAIN-1261,Texas-Portland,1134,Rain,1638,62,57.50513654594318,7.0,16,87.28374646861386,0
TRAIN-1262,Texas-Portland,656,Snow,5114,86,90.33935950036063,22.0,21,88.83418676712841,1
TRAIN-1263,Texas-Portland,917,Fog,5300,62,71.05366666540255,16.0,4,80.53331123216259,1
TRAIN-1264,Denver-LA,1465,Rain,2918,55,54.333637582338376,22.0,15,72.86829654661311,0
TRAIN-1265,Chicago-Seattle,1054,Clear,4425,26,23.402135497205485,15.0,8,82.38887584166591,0
TRAIN-1266,Texas-Portland,615,Clear,2787,70,64.46245355441496,16.0,10,70.5620708890349,0
TRAIN-1267,Denver-LA,964,Clear,2612,25,18.51941031543306,3.0,7,81.88948201036894,0
TRAIN-1268,Chicago-Seattle,1171,Snow,4432,30,33.92081867953539,2.0,16,78.35188258470774,1
TRAIN-1269,Chicago-Seattle,1555,Snow,6769,27,40.56730084423388,16.0,12,98.32178710239012,1
TRAIN-1270,Texas-Portland,673,Snow,7344,30,44.71568363229286,22.0,25,80.27388709860378,1
TRAIN-1271,Chicago-Seattle,659,Snow,3730,54,61.15210942220109,14.0,17,98.16058121605172,1
TRAIN-1272,Texas-Portland,1539,Rain,4898,90,91.40993969577706,15.0,1,65.73811841967343,0
TRAIN-1273,Chicago-Seattle,771,Rain,3004,77,77.8113882265504,,2,79.34532293724045,0
TRAIN-1274,Chicago-Seattle,899,Rain,6133,94,102.99778647247334,18.0,20,84.65628350290964,1
TRAIN-1275,Denver-LA,665,Fog,4303,95,100.26451676640625,8.0,2,87.5629155046821,1
TRAIN-1276,Denver-LA,1558,Snow,1121,55,65.77506345179125,3.0,20,90.7549554841007,1
TRAIN-1277,Denver-LA,1672,Clear,3901,64,64.15351458523926,20.0,10,93.91162386161243,0
TRAIN-1278,Texas-Portland,1840,Clear,4926,35,35.278716811616235,24.0,13,92.87765029641045,0
TRAIN-1279,Texas-Portland,1132,Snow,1057,35,33.33968802252216,5.0,9,61.55694584642215,0
TRAIN-1280,Denver-LA,1683,Fog,7309,76,80.00275277207729,14.0,3,80.00824463217918,1
TRAIN-1281,Denver-LA,1428,Snow,1426,59,52.95576551328813,10.0,1,89.36049986688289,0
TRAIN-1282,Texas-Portland,1444,Snow,5739,95,106.77286008904693,17.0,28,77.18806524746272,1
TRAIN-1283,Texas-Portland,1686,Rain,6528,31,40.56855619889119,5.0,23,81.45828035424847,1
TRAIN-1284,Chicago-Seattle,810,Snow,5506,50,59.609877853476235,11.0,28,65.11641792286363,1
TRAIN-1285,Texas-Portland,1633,Rain,5115,81,87.80271460558733,11.0,18,77.51446714485328,1
TRAIN-1286,Texas-Portland,1949,Clear,4375,54,60.032067327393584,4.0,28,64.19933408479675,1
TRAIN-1287,Chicago-Seattle,935,Clear,3845,60,57.990892043192524,8.0,10,95.36943401471589,0
TRAIN-1288,Chicago-Seattle,894,Rain,5874,86,93.92641497546003,19.0,15,,1
TRAIN-1289,Texas-Portland,1385,Rain,5772,73,83.74192589930992,11.0,16,87.94652995701823,1
TRAIN-1290,Denver-LA,985,Clear,1902,64,57.38610507878268,8.0,9,66.19968824319042,0
TRAIN-1291,Denver-LA,1909,Snow,4988,92,99.64007978159732,10.0,28,69.08238257595389,1
TRAIN-1292,Denver-LA,1636,Rain,5736,84,92.49667026975824,16.0,28,89.15617572976379,1
TRAIN-1293,Denver-LA,528,Clear,3151,42,41.936771104985375,16.0,8,67.4830676822085,0
TRAIN-1294,Denver-LA,1514,Rain,2821,67,71.49916928709939,6.0,1,78.92653669926162,1
TRAIN-1295,Chicago-Seattle,1717,Clear,5313,82,82.90627768277794,24.0,1,63.29298205560095,0
TRAIN-1296,Denver-LA,1460,Fog,3411,65,71.4626336647785,7.0,12,87.48699274512896,1
TRAIN-1297,Chicago-Seattle,1691,Clear,3116,53,54.040515668833294,9.0,2,79.23212314200623,0
TRAIN-1298,Chicago-Seattle,1136,Clear,6672,71,79.43184306525738,10.0,12,87.12421397954137,1
TRAIN-1299,Texas-Portland,1016,Snow,2289,81,81.58180193522743,18.0,12,78.86232194708118,0
TRAIN-1300,Texas-Portland,1132,Clear,7867,94,96.88037279602536,20.0,6,66.88981304780623,1
TRAIN-1301,Texas-Portland,740,Rain,7229,26,34.92822955467739,22.0,2,99.62781939538502,1
TRAIN-1302,Texas-Portland,1013,Clear,5948,29,35.036364919849525,4.0,27,92.48641876095792,1
TRAIN-1303,Chicago-Seattle,1310,Fog,1003,34,32.42889189111124,7.0,24,65.22684394716553,0
TRAIN-1304,Denver-LA,932,Clear,7353,74,77.51584787768752,14.0,1,80.49149267163541,1
TRAIN-1305,Texas-Portland,522,Clear,3058,29,28.972854735897734,12.0,17,93.20943897739117,0
TRAIN-1306,Chicago-Seattle,1908,Clear,6536,48,56.2210726255328,4.0,7,82.81139295211044,1
TRAIN-1307,Denver-LA,1034,Snow,1261,57,53.616054021616215,22.0,1,90.70427793880275,0
TRAIN-1308,Texas-Portland,1261,Fog,2586,70,68.9114416321107,24.0,18,77.94085276134417,0
TRAIN-1309,Denver-LA,1686,Fog,5286,40,53.121700530465105,21.0,28,97.86896262586296,1
TRAIN-1310,Texas-Portland,1678,Clear,1182,46,43.921661337871285,,27,85.65169387072554,0
TRAIN-1311,Chicago-Seattle,674,Rain,7180,52,57.329792319005314,12.0,24,60.535707681542796,1
TRAIN-1312,Denver-LA,1487,Fog,5215,32,37.689198141056536,17.0,16,67.86220513723678,1
TRAIN-1313,Texas-Portland,601,Rain,6740,24,37.13758722170635,7.0,24,65.63443158328474,1
TRAIN-1314,Chicago-Seattle,641,Rain,4609,94,98.72379916008961,8.0,19,71.25941401283282,1
TRAIN-1315,Chicago-Seattle,1036,Clear,4589,80,87.68111011159924,17.0,23,76.81678834013267,1
TRAIN-1316,Denver-LA,1060,Snow,3088,53,54.5159977386542,9.0,6,81.67653956658008,0
TRAIN-1317,Denver-LA,1930,Snow,2025,33,31.704930723239865,12.0,3,69.53951320072572,0
TRAIN-1318,Texas-Portland,1109,Fog,3146,44,47.32667907864857,4.0,18,90.89389295495681,1
TRAIN-1319,Texas-Portland,1318,Snow,7310,53,62.995367829292164,11.0,6,74.62128879483694,1
TRAIN-1320,Denver-LA,1201,Clear,3606,60,60.75148121011045,9.0,25,65.05527787365796,0
TRAIN-1321,Denver-LA,1530,Snow,4283,52,60.37814119648587,2.0,8,69.30048774842818,1
TRAIN-1322,Denver-LA,1704,Fog,6134,38,48.61360113220737,18.0,17,83.091462494411,1
TRAIN-1323,Denver-LA,1428,Snow,4579,82,91.29387494567945,24.0,19,96.46038176815814,1
TRAIN-1324,Chicago-Seattle,1359,Rain,3814,30,31.8735690618237,14.0,22,92.8097715404626,0
TRAIN-1325,Texas-Portland,903,Clear,3153,43,45.34803512510782,,24,91.83636764066722,1
TRAIN-1326,Texas-Portland,792,Clear,6358,30,34.063253148620056,2.0,6,76.47186055469317,1
TRAIN-1327,Texas-Portland,1525,Snow,4585,38,41.4260320230593,15.0,4,92.50491685684081,1
TRAIN-1328,Texas-Portland,1362,Fog,1018,41,43.05360035577851,11.0,24,73.95049508110458,1
TRAIN-1329,Texas-Portland,1686,Rain,5817,51,58.45631590599027,2.0,26,61.34086726252748,1
TRAIN-1330,Chicago-Seattle,843,Clear,7025,31,40.16787169705554,4.0,23,74.2018267513836,1
TRAIN-1331,Chicago-Seattle,681,Clear,4022,30,28.268460554109506,8.0,22,98.82719782259115,0
TRAIN-1332,Denver-LA,1527,Clear,5021,82,86.52007589992138,24.0,13,68.57569140250621,1
TRAIN-1333,Texas-Portland,1464,Fog,1506,62,60.21190717570212,8.0,27,95.31876962570962,0
TRAIN-1334,Texas-Portland,644,Fog,5283,88,99.86488703259212,21.0,18,75.11730941394387,1
TRAIN-1335,Chicago-Seattle,1739,Rain,5209,24,32.487393607648066,14.0,28,97.57935697492617,1
TRAIN-1336,Texas-Portland,1597,Rain,2773,95,95.79752947611627,23.0,17,86.6317035167218,0
TRAIN-1337,Denver-LA,1217,Rain,3581,49,51.32238423873986,23.0,11,85.67039291758127,1
TRAIN-1338,Texas-Portland,964,Fog,4504,40,44.24832325761912,24.0,5,96.16818302967613,1
TRAIN-1339,Texas-Portland,1158,Snow,5306,29,40.79939314565887,13.0,16,,1
TRAIN-1340,Texas-Portland,1612,Rain,7027,27,34.863925142904186,2.0,14,78.18598180712662,1
TRAIN-1341,Denver-LA,1458,Fog,7071,77,86.93116688795232,11.0,21,87.32125219090211,1
TRAIN-1342,Denver-LA,1656,Snow,4833,86,99.87883461936262,17.0,27,93.14938129241408,1
TRAIN-1343,Chicago-Seattle,1142,Snow,2460,89,88.87170437259276,6.0,7,92.91272879434564,0
TRAIN-1344,Texas-Portland,1343,Clear,3657,47,51.52800686301847,,21,64.025725650959,1
TRAIN-1345,Chicago-Seattle,1245,Rain,4347,59,64.02259648900765,5.0,13,95.85030174330693,1
TRAIN-1346,Denver-LA,801,Fog,1416,42,42.10377743135922,2.0,25,78.65321987580683,0
TRAIN-1347,Denver-LA,1321,Rain,4603,56,62.998575825705814,19.0,13,99.36567255656456,1
TRAIN-1348,Texas-Portland,607,Rain,5621,26,31.17253948872456,1.0,14,76.19446377546,1
TRAIN-1349,Chicago-Seattle,1927,Clear,5872,78,80.79181156257224,20.0,7,64.0150706117549,1
TRAIN-1350,Denver-LA,1801,Snow,6806,27,43.97145346882989,,7,88.45699117667624,1
TRAIN-1351,Denver-LA,541,Fog,4492,82,90.42868197161518,9.0,24,81.98912266714899,1
TRAIN-1352,Chicago-Seattle,1858,Fog,6977,71,80.08776632813708,14.0,29,96.88881548327035,1
TRAIN-1353,Chicago-Seattle,1947,Clear,7978,34,42.62754276908736,15.0,4,79.16587792224104,1
TRAIN-1354,Denver-LA,1530,Fog,4480,39,47.55902018684186,7.0,16,97.88798941255436,1
TRAIN-1355,Texas-Portland,1720,Rain,1545,63,67.27361757240267,13.0,27,66.77644769958998,1
TRAIN-1356,Texas-Portland,1967,Fog,5242,32,39.60821489130545,4.0,27,70.58496873691907,1
TRAIN-1357,Texas-Portland,1853,Snow,2519,71,71.83379180326983,,16,95.59597506859168,0
TRAIN-1358,Texas-Portland,1076,Rain,5554,48,59.01682739355928,3.0,14,70.58264956885776,1
TRAIN-1359,Chicago-Seattle,854,Clear,1140,71,68.83150322754284,21.0,17,94.12010491835451,0
TRAIN-1360,Denver-LA,769,Rain,2661,57,61.03470405587322,18.0,26,81.62269175709135,1
TRAIN-1361,Denver-LA,624,Fog,3482,77,79.24550647105765,11.0,22,87.19395094235962,1
TRAIN-1362,Texas-Portland,1813,Fog,6752,63,67.47170763193193,20.0,9,78.0528835265286,1
TRAIN-1363,Denver-LA,1954,Snow,1994,60,60.013700402103474,20.0,17,68.19665524964893,0
TRAIN-1364,Chicago-Seattle,1247,Clear,7393,79,81.22509053641085,6.0,27,85.5725159701954,1
TRAIN-1365,Denver-LA,1155,Fog,7491,43,58.20218109190289,,14,96.81084762933888,1
TRAIN-1366,Denver-LA,609,Rain,7200,58,63.24566894717233,3.0,26,68.0650425041518,1
TRAIN-1367,Denver-LA,1900,Rain,6575,81,90.79101195824673,17.0,1,83.76738083874497,1
TRAIN-1368,Texas-Portland,777,Clear,4411,71,74.19601357399532,,17,79.13512978359569,1
TRAIN-1369,Texas-Portland,1403,Snow,2593,66,66.18109259067086,7.0,17,71.1534294120492,0
TRAIN-1370,Denver-LA,1889,Snow,2571,71,79.39437667663368,6.0,8,71.80402887223826,1
TRAIN-1371,Chicago-Seattle,1147,Snow,5286,75,84.12857037159748,18.0,28,85.3808472313975,1
TRAIN-1372,Denver-LA,1200,Rain,5465,57,62.34955450784577,18.0,7,95.32920390149324,1
TRAIN-1373,Chicago-Seattle,1114,Rain,3996,92,92.46385051898058,20.0,1,96.71060270662275,0
TRAIN-1374,Chicago-Seattle,1179,Clear,2392,88,86.59178690301333,14.0,2,,0
TRAIN-1375,Chicago-Seattle,629,Snow,7205,65,79.62987678685025,24.0,17,63.02384435991243,1
TRAIN-1376,Chicago-Seattle,1350,Clear,7354,35,41.854834217043646,21.0,19,84.99730870376311,1
TRAIN-1377,Texas-Portland,920,Snow,4187,70,80.37122154170201,22.0,20,75.92251358912044,1
TRAIN-1378,Denver-LA,1635,Snow,5977,67,74.04960671395996,7.0,28,93.6175923826193,1
TRAIN-1379,Chicago-Seattle,1155,Rain,6198,72,79.07500880650191,8.0,20,95.52205972484157,1
TRAIN-1380,Chicago-Seattle,823,Snow,2638,90,94.99235762955834,22.0,10,67.89270810964419,1
TRAIN-1381,Denver-LA,1652,Snow,1653,88,86.74372947393846,14.0,28,94.17158284673425,0
TRAIN-1382,Chicago-Seattle,876,Fog,2544,78,81.23666194478382,4.0,28,90.32090677283497,1
TRAIN-1383,Texas-Portland,1256,Snow,5526,40,45.04221740863578,,5,69.95354842855099,1
TRAIN-1384,Chicago-Seattle,655,Snow,4424,75,84.44298746692266,10.0,26,97.03871580592252,1
TRAIN-1385,Texas-Portland,524,Snow,7390,34,45.93575358428139,13.0,9,62.6305196497167,1
TRAIN-1386,Texas-Portland,825,Clear,5634,81,88.41339063236322,8.0,22,83.23355831201594,1
TRAIN-1387,Chicago-Seattle,1865,Rain,6323,91,95.73858495258587,13.0,4,90.78337305338488,1
TRAIN-1388,Denver-LA,651,Clear,3235,42,40.58355653728957,23.0,24,76.99969610787996,0
TRAIN-1389,Texas-Portland,568,Fog,5881,90,97.2361312672476,19.0,19,69.50396259075919,1
TRAIN-1390,Chicago-Seattle,1456,Fog,3022,52,59.07514633381666,2.0,28,68.28330506373315,1
TRAIN-1391,Denver-LA,1251,Rain,4733,84,85.64458916000757,11.0,7,90.60805729392399,0
TRAIN-1392,Texas-Portland,1634,Snow,7948,69,83.72732961649257,18.0,29,75.53532992815974,1
TRAIN-1393,Chicago-Seattle,1314,Clear,5929,30,34.598576958246,11.0,4,81.21519074700745,1
TRAIN-1394,Chicago-Seattle,653,Rain,5237,59,61.658735218250705,18.0,8,61.92456486461381,1
TRAIN-1395,Chicago-Seattle,1760,Snow,5561,35,44.72887290218216,2.0,10,72.28023381578228,1
TRAIN-1396,Texas-Portland,1616,Snow,6288,65,70.94087394997926,4.0,15,93.34722897248716,1
TRAIN-1397,Chicago-Seattle,936,Fog,2078,83,86.28630483079918,21.0,5,63.187553113095625,1
TRAIN-1398,Chicago-Seattle,1757,Snow,2003,82,87.12016937632862,20.0,1,74.90372531632899,1
TRAIN-1399,Denver-LA,1989,Fog,5228,64,67.87630791856283,19.0,15,73.60343530151621,1
TRAIN-1400,Texas-Portland,529,Clear,2973,51,45.91365871109213,5.0,11,84.48408167461301,0
TRAIN-1401,Chicago-Seattle,1380,Rain,6540,70,75.04746150342567,18.0,8,89.53889479366516,1
TRAIN-1402,Texas-Portland,662,Snow,7701,75,89.57952725677644,10.0,16,84.62820387211332,1
TRAIN-1403,Chicago-Seattle,1300,Fog,4855,92,100.2247788009674,16.0,16,,1
TRAIN-1404,Chicago-Seattle,1263,Rain,6682,79,84.91422606027419,17.0,16,91.0894553386552,1
TRAIN-1405,Denver-LA,565,Clear,1519,81,78.22010066496533,21.0,17,94.19204463342984,0
TRAIN-1406,Chicago-Seattle,1928,Rain,3552,63,69.08561115593724,14.0,27,83.81657511579832,1
TRAIN-1407,Chicago-Seattle,1959,Clear,5791,39,42.77045169864389,20.0,6,68.65347846472727,1
TRAIN-1408,Denver-LA,1094,Fog,4090,60,59.16372460379771,17.0,16,77.70384567833415,0
TRAIN-1409,Chicago-Seattle,1366,Fog,5691,42,47.38781339460706,23.0,13,94.75019156904676,1
TRAIN-1410,Chicago-Seattle,1410,Snow,3348,30,35.77824229702637,4.0,11,92.9994459397685,1
TRAIN-1411,Denver-LA,675,Snow,6216,69,76.81466032204342,12.0,16,77.749810637189,1
TRAIN-1412,Chicago-Seattle,787,Clear,2628,28,25.773170007339576,18.0,12,93.2546447277168,0
TRAIN-1413,Denver-LA,844,Clear,4693,43,45.24803264465162,12.0,3,65.81779801868602,1
TRAIN-1414,Texas-Portland,1430,Snow,6781,51,59.06308614416351,13.0,2,90.03064128127785,1
TRAIN-1415,Denver-LA,1347,Rain,4489,94,99.01047856664775,13.0,19,76.5070490155808,1
TRAIN-1416,Denver-LA,1150,Fog,4546,76,86.68853596538692,18.0,29,,1
TRAIN-1417,Chicago-Seattle,1983,Snow,3711,30,34.80208904066013,21.0,27,83.28250397945854,1
TRAIN-1418,Texas-Portland,1250,Snow,5665,82,90.47467432723242,16.0,13,73.80333307482773,1
TRAIN-1419,Chicago-Seattle,1798,Clear,5738,49,51.91460204174386,19.0,4,60.12755210070679,1
TRAIN-1420,Chicago-Seattle,1063,Fog,4410,91,96.76641006138163,9.0,13,74.72345332669963,1
TRAIN-1421,Chicago-Seattle,1257,Rain,3071,64,63.8194795387303,9.0,5,65.03535606086868,0
TRAIN-1422,Chicago-Seattle,639,Snow,3371,44,55.21669433364019,16.0,15,93.11273613479545,1
TRAIN-1423,Chicago-Seattle,909,Fog,4276,58,60.15949374926698,7.0,22,95.8411994804323,1
TRAIN-1424,Texas-Portland,1060,Rain,2196,38,38.98033949724236,20.0,21,69.53006499907457,0
TRAIN-1425,Denver-LA,939,Fog,5356,73,82.63199814255165,18.0,10,71.34111661033224,1
TRAIN-1426,Texas-Portland,1819,Clear,2754,49,49.273864791742426,15.0,7,61.02540593043271,0
TRAIN-1427,Denver-LA,963,Fog,3228,39,42.13298822844691,3.0,12,62.6672390363295,1
TRAIN-1428,Denver-LA,1145,Clear,5054,41,40.52217920983266,24.0,20,93.4599831845712,0
TRAIN-1429,Texas-Portland,1495,Clear,3540,32,33.24503057485715,4.0,19,96.10943186099468,0
TRAIN-1430,Chicago-Seattle,1496,Fog,2172,55,60.333403860171266,4.0,15,93.05727918749406,1
TRAIN-1431,Texas-Portland,627,Clear,7207,49,56.728993707252684,2.0,22,98.9082265415378,1
TRAIN-1432,Chicago-Seattle,1156,Fog,2275,93,93.41567980582478,15.0,19,61.7494620747745,0
TRAIN-1433,Chicago-Seattle,765,Snow,4874,25,29.330305621653178,6.0,1,95.93971650702584,1
TRAIN-1434,Denver-LA,1497,Rain,4348,78,84.78117763448981,17.0,20,77.57971189480118,1
TRAIN-1435,Texas-Portland,895,Rain,2805,35,39.302689761388315,22.0,15,66.54465181755334,1
TRAIN-1436,Chicago-Seattle,1335,Snow,1113,91,96.10882273655012,12.0,3,69.23515199537455,1
TRAIN-1437,Chicago-Seattle,1477,Snow,4556,51,58.84924349741242,6.0,9,88.4151757704949,1
TRAIN-1438,Texas-Portland,1413,Rain,1720,29,21.371690097011303,20.0,13,82.89900685593369,0
TRAIN-1439,Chicago-Seattle,1939,Clear,5137,44,47.535442782136464,13.0,26,62.60472924401279,1
TRAIN-1440,Denver-LA,841,Fog,2687,81,78.40043206731289,18.0,12,82.11791295487748,0
TRAIN-1441,Denver-LA,930,Clear,6357,44,52.180029244882135,17.0,22,62.271359143576774,1
TRAIN-1442,Texas-Portland,1932,Fog,2774,24,27.486750898273538,5.0,29,62.59483733997111,1
TRAIN-1443,Texas-Portland,609,Snow,2507,66,73.54234821177096,23.0,25,97.55510394178606,1
TRAIN-1444,Texas-Portland,788,Rain,5237,27,33.82167447550336,18.0,12,76.41842751954202,1
TRAIN-1445,Texas-Portland,1281,Fog,1984,68,65.4463002868523,24.0,24,99.13132787758067,0
TRAIN-1446,Denver-LA,1766,Clear,5907,69,70.05085559357519,11.0,25,94.1376238530091,0
TRAIN-1447,Denver-LA,1837,Rain,3573,66,68.35226710100112,24.0,22,61.81369387352646,1
TRAIN-1448,Denver-LA,1649,Fog,7594,75,83.63907024260736,6.0,28,77.33786045577332,1
TRAIN-1449,Chicago-Seattle,1955,Snow,3165,56,58.04035732434888,21.0,4,75.7823885918174,1
TRAIN-1450,Chicago-Seattle,1783,Rain,1419,60,56.3148380006742,3.0,23,99.22699230677703,0
TRAIN-1451,Chicago-Seattle,1035,Clear,1021,79,73.74473401050322,2.0,14,70.56174258622104,0
TRAIN-1452,Denver-LA,1997,Fog,3692,64,69.16195765755498,20.0,14,92.61776769454372,1
TRAIN-1453,Texas-Portland,1453,Snow,3499,34,40.42499362996308,22.0,18,88.57891867875728,1
TRAIN-1454,Texas-Portland,1867,Clear,1797,76,71.1367679762359,18.0,28,77.93530552839998,0
TRAIN-1455,Chicago-Seattle,1352,Snow,4650,87,97.26394006948838,8.0,22,,1
TRAIN-1456,Chicago-Seattle,1958,Fog,6720,43,61.63740531799632,10.0,25,86.34563410017648,1
TRAIN-1457,Texas-Portland,663,Fog,2477,63,66.30962043589547,8.0,26,94.02245979233145,1
TRAIN-1458,Chicago-Seattle,851,Rain,4756,58,59.93746479757952,12.0,11,85.18342631979729,0
TRAIN-1459,Chicago-Seattle,1740,Clear,2954,73,79.34545159559057,10.0,23,74.82832669653689,1
TRAIN-1460,Denver-LA,1323,Clear,1117,32,28.63934686551867,1.0,24,65.91399440076547,0
TRAIN-1461,Chicago-Seattle,1822,Snow,4934,61,64.58739674192229,9.0,14,71.4959658847012,1
TRAIN-1462,Denver-LA,1029,Rain,4847,29,30.345498980260565,8.0,8,65.41832028464088,0
TRAIN-1463,Denver-LA,835,Fog,7160,80,93.85705036028243,16.0,29,64.89813243124108,1
TRAIN-1464,Chicago-Seattle,1091,Snow,3594,24,25.7787912364111,20.0,11,80.97510513921583,0
TRAIN-1465,Denver-LA,1727,Snow,2615,61,63.71836802402319,5.0,24,90.5405785961261,1
TRAIN-1466,Denver-LA,865,Fog,5688,61,75.1257146699366,16.0,15,88.58060984990335,1
TRAIN-1467,Denver-LA,1056,Snow,4043,40,47.205666179756484,23.0,10,61.345583214559355,1
TRAIN-1468,Texas-Portland,934,Snow,5206,54,64.12096176894971,6.0,28,89.06030939817633,1
TRAIN-1469,Chicago-Seattle,1625,Rain,5899,47,52.47399807989304,15.0,17,83.04225802767981,1
TRAIN-1470,Texas-Portland,1222,Clear,4996,55,56.6832139598448,19.0,20,98.99474998749247,0
TRAIN-1471,Denver-LA,1952,Rain,3921,40,39.52704192349866,12.0,19,99.70163183130008,0
TRAIN-1472,Denver-LA,1085,Rain,7479,58,70.49205088873408,6.0,8,90.5035540525924,1
TRAIN-1473,Texas-Portland,1135,Snow,1008,95,96.62275263519442,1.0,12,90.93576821833778,0
TRAIN-1474,Denver-LA,1819,Fog,2220,89,85.36716437854663,24.0,9,62.570367178547144,0
TRAIN-1475,Denver-LA,1956,Fog,3312,27,29.917072928562312,23.0,12,74.56358325424458,1
TRAIN-1476,Chicago-Seattle,1801,Fog,7626,91,98.01497582601607,2.0,6,83.26312462292351,1
TRAIN-1477,Denver-LA,1549,Rain,5618,79,85.97438746685542,10.0,25,99.23930856938085,1
TRAIN-1478,Texas-Portland,1962,Fog,6320,59,64.41234668393145,2.0,1,69.73244622022168,1
TRAIN-1479,Chicago-Seattle,1340,Snow,2111,34,38.75389606043478,18.0,26,94.86292419001211,1
TRAIN-1480,Denver-LA,1788,Snow,5168,69,75.02653684067712,7.0,19,76.05388511690859,1
TRAIN-1481,Chicago-Seattle,646,Snow,6486,54,67.20930989014325,19.0,18,84.66727382451111,1
TRAIN-1482,Texas-Portland,726,Clear,4633,75,86.20634342345231,3.0,28,93.56764444951469,1
TRAIN-1483,Denver-LA,1859,Snow,2254,94,103.5082110690619,10.0,8,98.48672675313463,1
TRAIN-1484,Denver-LA,1839,Snow,1341,50,53.158839094832544,12.0,14,69.75452703770623,1
TRAIN-1485,Denver-LA,1647,Fog,1342,44,42.96499082591523,2.0,28,69.77888742540848,0
TRAIN-1486,Texas-Portland,1593,Clear,2251,81,81.82316277827377,16.0,20,97.66501557068767,0
TRAIN-1487,Chicago-Seattle,1724,Rain,5000,26,28.373392325128467,10.0,14,78.07098945695408,1
TRAIN-1488,Texas-Portland,1324,Clear,1040,57,51.83143769129379,3.0,13,84.36091515266847,0
TRAIN-1489,Denver-LA,1118,Clear,4451,49,54.98768716435444,20.0,20,64.43814726182688,1
TRAIN-1490,Texas-Portland,1078,Fog,4007,39,43.98073984004396,7.0,14,61.24834969824131,1
TRAIN-1491,Denver-LA,613,Snow,2927,55,62.68407244628289,8.0,28,66.25598835867416,1
TRAIN-1492,Texas-Portland,535,Rain,4706,53,58.7855897341439,2.0,24,79.43498502139592,1
TRAIN-1493,Denver-LA,1831,Snow,2248,31,33.6918521099468,2.0,16,84.4194282104016,1
TRAIN-1494,Texas-Portland,1875,Fog,5575,38,52.58642921434529,9.0,19,80.40024097139549,1
TRAIN-1495,Texas-Portland,1675,Fog,2845,45,50.17735943769203,5.0,28,72.20431454378097,1
TRAIN-1496,Chicago-Seattle,878,Clear,4104,84,83.19644363881177,,27,97.72607290402802,0
TRAIN-1497,Texas-Portland,1090,Rain,1906,66,62.996051567188886,6.0,7,87.63845380895998,0
TRAIN-1498,Texas-Portland,1121,Snow,3617,26,30.687069606493278,5.0,15,92.75368456507965,1
TRAIN-1499,Denver-LA,1694,Snow,5015,33,45.66228583821783,7.0,23,89.96526938970803,1
TRAIN-1500,Chicago-Seattle,662,Rain,1611,53,49.483430386557686,22.0,24,70.22967495959327,0
TRAIN-1501,Texas-Portland,818,Clear,7929,75,90.72205780268978,3.0,19,92.86897924223497,1
TRAIN-1502,Chicago-Seattle,1710,Fog,1349,45,45.895162369988974,13.0,22,72.24167376893669,0
TRAIN-1503,Denver-LA,989,Snow,5154,24,31.057919803123667,23.0,18,78.74831563878477,1
TRAIN-1504,Chicago-Seattle,560,Fog,6203,89,98.9620472677708,3.0,19,89.08442893619376,1
TRAIN-1505,Denver-LA,1235,Snow,6863,47,61.16058774277145,21.0,13,79.55047177762029,1
TRAIN-1506,Chicago-Seattle,762,Rain,7005,90,93.29660033271496,24.0,7,66.73359265977815,1
TRAIN-1507,Denver-LA,1730,Clear,6592,95,101.24723029813843,24.0,17,92.15479889933727,1
TRAIN-1508,Denver-LA,883,Clear,3243,69,64.13038904363002,11.0,2,96.12996461832603,0
TRAIN-1509,Chicago-Seattle,1848,Fog,1839,59,68.00907811786942,12.0,27,86.77114887635078,1
TRAIN-1510,Chicago-Seattle,784,Rain,4340,51,53.59828835257117,23.0,26,65.81725476170178,1
TRAIN-1511,Denver-LA,1797,Rain,5717,86,94.40359222877196,3.0,18,61.72941759641824,1
TRAIN-1512,Denver-LA,1230,Rain,5480,65,67.61390352318895,10.0,19,67.03799273070999,1
TRAIN-1513,Denver-LA,1865,Snow,2612,50,47.588017699126944,8.0,4,,0
TRAIN-1514,Denver-LA,1541,Fog,1628,79,78.97137351271456,20.0,29,90.77217101851085,0
TRAIN-1515,Texas-Portland,882,Clear,6297,40,44.29838916133018,21.0,10,89.33446961619758,1
TRAIN-1516,Chicago-Seattle,1641,Fog,2910,75,80.89959802132836,5.0,13,67.71365265389751,1
TRAIN-1517,Denver-LA,880,Clear,4911,82,84.13373450699565,21.0,1,79.1768176297295,1
TRAIN-1518,Texas-Portland,1820,Rain,5915,89,90.5242470302839,,4,94.26651803012797,0
TRAIN-1519,Denver-LA,1274,Snow,7778,43,58.97612700837419,9.0,24,96.85776712902862,1
TRAIN-1520,Denver-LA,702,Clear,1510,31,25.05103754283095,5.0,8,64.96690997719642,0
TRAIN-1521,Texas-Portland,1759,Fog,3827,89,95.11781967082872,9.0,11,61.050849783153105,1
TRAIN-1522,Denver-LA,1074,Fog,5266,43,48.62590526384949,24.0,7,60.68602337674285,1
TRAIN-1523,Texas-Portland,579,Clear,2462,78,83.80252739147049,12.0,24,77.53635780504311,1
TRAIN-1524,Texas-Portland,1902,Fog,6174,37,44.02630958611936,14.0,25,98.04048900922763,1
TRAIN-1525,Denver-LA,1880,Clear,3135,83,84.19432053487155,7.0,16,70.84234328884314,0
TRAIN-1526,Texas-Portland,1065,Snow,3350,92,95.561641447896,3.0,8,76.4262121504028,1
TRAIN-1527,Texas-Portland,878,Clear,1214,27,28.90716936038874,22.0,20,75.82749108044693,0
TRAIN-1528,Denver-LA,1932,Snow,3522,25,27.702603107009047,9.0,11,95.81350692324015,1
TRAIN-1529,Denver-LA,1271,Fog,6345,31,39.58109598743312,15.0,15,70.74581083667576,1
TRAIN-1530,Denver-LA,1813,Clear,7076,52,58.05330359818561,12.0,9,94.70146367183513,1
TRAIN-1531,Texas-Portland,1735,Fog,6099,77,88.22713566125658,4.0,12,99.37746758686212,1
TRAIN-1532,Chicago-Seattle,968,Snow,1577,26,29.83239617542106,24.0,17,93.751581951673,1
TRAIN-1533,Texas-Portland,1229,Rain,2260,70,67.18997003083498,9.0,2,83.84138013853797,0
TRAIN-1534,Texas-Portland,1508,Fog,5296,83,93.10343856004461,8.0,22,62.03573106017154,1
TRAIN-1535,Texas-Portland,741,Snow,4460,68,75.3509284640103,9.0,26,73.65925370517547,1
TRAIN-1536,Texas-Portland,983,Rain,4920,48,55.63605525535627,14.0,27,62.46520680967373,1
TRAIN-1537,Denver-LA,1757,Rain,3826,75,81.19411934347295,17.0,13,60.23214493101279,1
TRAIN-1538,Texas-Portland,1532,Fog,2520,59,61.4570910656694,7.0,11,76.24780878603926,1
TRAIN-1539,Texas-Portland,1794,Rain,7947,66,81.60486521243735,18.0,16,61.49375980656285,1
TRAIN-1540,Chicago-Seattle,1586,Fog,5157,80,82.780194576236,5.0,26,67.98066747660394,1
TRAIN-1541,Texas-Portland,1293,Rain,2716,78,78.88865260506171,23.0,6,96.8990719683357,0
TRAIN-1542,Texas-Portland,1952,Fog,5307,74,77.6493065374456,20.0,14,82.24013880476105,1
TRAIN-1543,Denver-LA,1213,Rain,7630,62,73.62430281387897,7.0,14,,1
TRAIN-1544,Chicago-Seattle,1035,Snow,7058,67,80.60448164996271,5.0,6,71.74574596717451,1
TRAIN-1545,Chicago-Seattle,755,Fog,3926,90,95.54475568528626,3.0,27,70.42183850705949,1
TRAIN-1546,Texas-Portland,954,Fog,7974,80,96.23939047732728,15.0,17,81.31414662311983,1
TRAIN-1547,Chicago-Seattle,1235,Snow,3986,87,90.79513331602895,22.0,10,91.01249364789889,1
TRAIN-1548,Chicago-Seattle,1753,Clear,2974,30,28.41806275324053,24.0,6,64.57629673907145,0
TRAIN-1549,Chicago-Seattle,677,Fog,4448,93,95.61925164899375,19.0,4,,1
TRAIN-1550,Texas-Portland,1094,Snow,4709,91,97.18078601479223,21.0,1,90.4683965766605,1
TRAIN-1551,Chicago-Seattle,1831,Fog,1653,44,47.46837903975346,7.0,13,69.64595831736708,1
TRAIN-1552,Chicago-Seattle,515,Fog,3251,42,52.0752272231935,11.0,15,67.36229585737097,1
TRAIN-1553,Chicago-Seattle,684,Fog,3303,27,33.83882586802707,13.0,18,63.10498571258404,1
TRAIN-1554,Denver-LA,1036,Rain,7902,42,53.27399611892477,7.0,11,69.27512070179512,1
TRAIN-1555,Denver-LA,871,Clear,3507,29,33.09952145288574,18.0,21,76.90241943200022,1
TRAIN-1556,Texas-Portland,1721,Clear,5872,37,45.484129528275474,6.0,24,66.99859193885761,1
TRAIN-1557,Denver-LA,1594,Rain,4459,88,93.23970644761447,7.0,13,71.27990194534162,1
TRAIN-1558,Texas-Portland,930,Clear,3818,91,87.1295823322437,20.0,23,60.24936195709353,0
TRAIN-1559,Denver-LA,1012,Fog,4707,46,53.675325674342474,17.0,2,87.7922746953098,1
TRAIN-1560,Texas-Portland,1444,Fog,6741,26,35.011406614458004,4.0,16,88.44428761364054,1
TRAIN-1561,Chicago-Seattle,1361,Snow,1372,92,91.8847483475733,21.0,19,78.60452266091119,0
TRAIN-1562,Chicago-Seattle,1885,Fog,5074,37,45.575423378863434,1.0,7,70.59444525865409,1
TRAIN-1563,Chicago-Seattle,1017,Snow,6792,66,81.16677105533489,12.0,9,99.36359658288302,1
TRAIN-1564,Denver-LA,1361,Clear,1083,93,90.96391342976959,17.0,23,93.12647418300344,0
TRAIN-1565,Chicago-Seattle,1898,Snow,1269,63,59.731714568178226,13.0,2,67.95075573789104,0
TRAIN-1566,Chicago-Seattle,815,Snow,1038,52,49.039244538073035,22.0,9,85.40171276623946,0
TRAIN-1567,Texas-Portland,1415,Snow,7128,79,89.34646939065985,22.0,12,79.98338066310103,1
TRAIN-1568,Chicago-Seattle,561,Clear,7057,61,68.36413291408357,22.0,6,93.55037413472658,1
TRAIN-1569,Chicago-Seattle,615,Clear,1634,31,25.97032370738158,4.0,27,83.96549370729113,0
TRAIN-1570,Denver-LA,608,Rain,7572,26,33.40851637092193,14.0,12,80.2518119798739,1
TRAIN-1571,Denver-LA,1003,Rain,2356,32,27.602030862465302,17.0,22,62.34889820775503,0
TRAIN-1572,Denver-LA,571,Snow,4351,80,82.4290674377234,17.0,5,80.91445597746288,1
TRAIN-1573,Chicago-Seattle,1514,Clear,4960,28,30.214649196489578,21.0,2,68.43931954053643,1
TRAIN-1574,Texas-Portland,1352,Clear,6450,69,75.92181777985108,6.0,3,62.52670332644299,1
TRAIN-1575,Denver-LA,1447,Snow,5703,26,35.466070180657226,19.0,14,80.04132977552264,1
TRAIN-1576,Texas-Portland,1026,Snow,3348,71,73.82827853903937,5.0,15,91.18420421542473,1
TRAIN-1577,Chicago-Seattle,829,Clear,3948,66,66.2079468871749,5.0,26,75.91133030309994,0
TRAIN-1578,Denver-LA,665,Snow,1764,75,76.44411918281945,17.0,17,65.16956675368385,0
TRAIN-1579,Texas-Portland,836,Rain,4373,79,84.36836784210112,17.0,13,96.44218268530807,1
TRAIN-1580,Texas-Portland,990,Fog,2426,24,25.423740311789885,18.0,20,,0
TRAIN-1581,Chicago-Seattle,895,Rain,6901,43,53.48124477437482,1.0,10,83.6520698804493,1
TRAIN-1582,Denver-LA,1562,Fog,3932,89,91.91345517079851,6.0,2,60.21079088370075,1
TRAIN-1583,Texas-Portland,1462,Fog,6100,43,55.43110926653097,2.0,23,77.76688413116746,1
TRAIN-1584,Texas-Portland,1431,Rain,4383,78,83.88901764443531,6.0,18,93.53887066406796,1
TRAIN-1585,Texas-Portland,1434,Fog,5534,71,77.75656406391201,,13,66.9652423391378,1
TRAIN-1586,Denver-LA,1890,Fog,1119,92,85.2183049461604,24.0,21,70.40869859156047,0
TRAIN-1587,Texas-Portland,1680,Snow,7039,83,92.16204540502099,,21,61.01491920083427,1
TRAIN-1588,Chicago-Seattle,1086,Rain,1882,89,82.03256816651987,7.0,29,89.9436487693545,0
TRAIN-1589,Chicago-Seattle,529,Snow,1926,87,90.16218846021366,,21,93.78026090775126,1
TRAIN-1590,Denver-LA,1875,Snow,4853,49,61.037822222873956,16.0,15,91.53526269912626,1
TRAIN-1591,Chicago-Seattle,909,Rain,5695,33,42.03046373890894,4.0,19,98.23894226327289,1
TRAIN-1592,Chicago-Seattle,1255,Snow,1523,39,40.49435319242116,17.0,19,72.42213817293032,0
TRAIN-1593,Texas-Portland,1555,Snow,3687,67,69.75305712793529,2.0,24,74.12130613133321,1
TRAIN-1594,Denver-LA,1130,Snow,2515,68,71.42629824686324,6.0,22,87.85521414154162,1
TRAIN-1595,Chicago-Seattle,1180,Rain,5536,90,96.69472623584866,6.0,7,65.62188724478773,1
TRAIN-1596,Denver-LA,1578,Snow,5201,74,82.66967545806635,3.0,26,91.04059174778693,1
TRAIN-1597,Texas-Portland,1741,Snow,6727,80,94.23291832178893,18.0,15,91.83866625934544,1
TRAIN-1598,Denver-LA,1008,Fog,6979,65,82.10735738519281,7.0,28,60.87139668308592,1
TRAIN-1599,Texas-Portland,1063,Rain,2660,77,79.07330788873466,10.0,24,76.82676828285207,1
TRAIN-1600,Texas-Portland,1409,Rain,6132,31,31.171323630093347,12.0,11,99.06987170991448,0
TRAIN-1601,Chicago-Seattle,1812,Snow,7898,38,55.67299846666414,6.0,29,84.48487535241426,1
TRAIN-1602,Denver-LA,1811,Rain,6804,30,34.4855909283518,4.0,29,97.97299758057586,1
TRAIN-1603,Texas-Portland,1109,Clear,6511,56,61.71801184334618,4.0,10,99.34914474498808,1
TRAIN-1604,Denver-LA,610,Fog,2627,74,72.37745871130835,21.0,12,76.90198376224691,0
TRAIN-1605,Texas-Portland,921,Fog,1810,42,44.62256154705873,4.0,26,69.67599872335445,1
TRAIN-1606,Denver-LA,660,Clear,1506,80,82.28583634584444,4.0,8,72.95685653977722,1
TRAIN-1607,Denver-LA,1787,Rain,5815,52,53.614286231485806,15.0,4,66.69021742097449,0
TRAIN-1608,Texas-Portland,1277,Clear,7856,95,104.86736800771308,23.0,8,91.24750000924847,1
TRAIN-1609,Texas-Portland,846,Snow,1391,39,42.89993712804158,14.0,20,93.775152660967,1
TRAIN-1610,Texas-Portland,1136,Snow,2374,39,44.913525337780285,9.0,6,61.09839173893944,1
TRAIN-1611,Chicago-Seattle,1540,Clear,1763,65,62.279745984159504,7.0,22,88.2742871115419,0
TRAIN-1612,Chicago-Seattle,853,Snow,3345,73,76.32638242590234,18.0,6,99.8318837347756,1
TRAIN-1613,Denver-LA,1369,Fog,2024,86,89.01086131326323,19.0,11,78.51812116816873,1
TRAIN-1614,Denver-LA,1330,Rain,6440,62,70.0026992577188,6.0,25,88.6932766286926,1
TRAIN-1615,Denver-LA,1289,Snow,3617,71,77.56005269627312,2.0,22,61.458006896825616,1
TRAIN-1616,Texas-Portland,1818,Snow,3121,92,101.52915445024472,23.0,19,63.94075339455584,1
TRAIN-1617,Chicago-Seattle,969,Clear,4203,63,65.060940882307,2.0,21,75.88516909536204,1
TRAIN-1618,Denver-LA,706,Fog,2146,25,28.517897892987435,24.0,11,92.3476716520977,1
TRAIN-1619,Denver-LA,1582,Snow,4370,53,59.46343217270216,4.0,21,90.20897683204169,1
TRAIN-1620,Denver-LA,1054,Clear,2401,68,67.02469036316903,17.0,8,63.90484995431967,0
TRAIN-1621,Chicago-Seattle,561,Rain,4785,40,43.691929866375716,7.0,5,89.96913207115094,1
TRAIN-1622,Denver-LA,1101,Clear,5738,36,40.56489912883161,14.0,28,99.4766578564217,1
TRAIN-1623,Chicago-Seattle,735,Rain,6694,70,78.63231295970972,19.0,21,,1
TRAIN-1624,Texas-Portland,1115,Snow,2545,34,38.794737793666414,11.0,25,90.4202004946373,1
TRAIN-1625,Texas-Portland,839,Fog,7637,60,72.05851298904516,15.0,7,91.70699068335375,1
TRAIN-1626,Chicago-Seattle,1375,Clear,6172,91,99.1372304924804,9.0,22,65.4289064057969,1
TRAIN-1627,Texas-Portland,1543,Snow,1352,78,78.3518536336624,7.0,11,60.97766161066326,0
TRAIN-1628,Chicago-Seattle,611,Fog,7124,87,91.76809111133389,21.0,7,96.93800701230163,1
TRAIN-1629,Texas-Portland,1030,Fog,2851,77,75.2498416117855,11.0,17,60.35436234130727,0
TRAIN-1630,Denver-LA,937,Rain,3390,59,58.109238630986496,2.0,16,89.50585205697439,0
TRAIN-1631,Texas-Portland,1871,Fog,7123,73,78.53000557995199,7.0,14,98.5650621425095,1
TRAIN-1632,Chicago-Seattle,725,Rain,2084,35,30.34516225601438,4.0,23,71.05027151264339,0
TRAIN-1633,Denver-LA,630,Snow,4575,91,99.64421327132555,2.0,8,91.75460681989435,1
TRAIN-1634,Denver-LA,1857,Snow,1656,89,90.08690112308801,17.0,23,79.35765594168899,0
TRAIN-1635,Chicago-Seattle,1059,Fog,6241,81,90.99073884437783,5.0,20,67.1230222404414,1
TRAIN-1636,Texas-Portland,883,Fog,2231,31,33.832173721472444,7.0,24,79.16228329215784,1
TRAIN-1637,Texas-Portland,837,Rain,6260,75,80.36269707031967,11.0,10,68.34665213395738,1
TRAIN-1638,Chicago-Seattle,638,Rain,2065,86,83.31179881991328,24.0,20,75.32269495072778,0
TRAIN-1639,Chicago-Seattle,1126,Rain,1803,63,66.60262112324986,12.0,16,81.35632061452726,1
TRAIN-1640,Texas-Portland,1633,Clear,7674,32,41.659210279979874,21.0,19,86.74510387845899,1
TRAIN-1641,Chicago-Seattle,1747,Rain,5214,24,33.49441562672298,24.0,25,72.38362875071971,1
TRAIN-1642,Denver-LA,1126,Rain,7458,72,84.17307634136571,22.0,15,64.26286104742188,1
TRAIN-1643,Denver-LA,1475,Rain,5171,73,79.94497391229912,22.0,20,69.24545610313977,1
TRAIN-1644,Denver-LA,1612,Clear,2942,83,83.29026750463993,8.0,1,91.74069425503288,0
TRAIN-1645,Denver-LA,1874,Snow,6047,31,39.056256900107,14.0,7,70.6780921940152,1
TRAIN-1646,Chicago-Seattle,936,Rain,3812,69,70.51157415571193,6.0,16,,0
TRAIN-1647,Denver-LA,1200,Rain,7132,32,44.12488730563711,8.0,8,70.80651135420779,1
TRAIN-1648,Chicago-Seattle,1950,Fog,3471,69,73.57763314765897,16.0,14,,1
TRAIN-1649,Texas-Portland,634,Snow,5643,35,47.00848376928566,11.0,23,98.64632191825827,1
TRAIN-1650,Denver-LA,930,Snow,1399,28,25.941109359533044,6.0,8,65.67406130637461,0
TRAIN-1651,Chicago-Seattle,1168,Fog,6041,65,74.68068383691111,6.0,9,80.98145075526978,1
TRAIN-1652,Texas-Portland,1396,Rain,5194,35,39.37860820551709,13.0,7,67.55333834837906,1
TRAIN-1653,Texas-Portland,1170,Snow,2368,41,38.55518656133269,16.0,25,93.45309634105925,0
TRAIN-1654,Texas-Portland,1294,Fog,5787,95,101.60847230151587,1.0,18,86.0318501442945,1
TRAIN-1655,Denver-LA,813,Snow,4878,91,101.19260331714027,21.0,25,86.7846364853333,1
TRAIN-1656,Chicago-Seattle,1264,Clear,6358,49,51.66557996409992,6.0,4,91.87288584579366,1
TRAIN-1657,Denver-LA,1106,Fog,1041,92,89.07673250109788,13.0,21,94.13354041427411,0
TRAIN-1658,Chicago-Seattle,815,Rain,4815,56,64.93166304857,13.0,14,62.92253940358915,1
TRAIN-1659,Chicago-Seattle,645,Fog,4693,44,46.71482535391858,22.0,27,76.91924826795436,1
TRAIN-1660,Denver-LA,1666,Fog,2848,72,68.58112495613939,19.0,24,62.885950288095614,0
TRAIN-1661,Texas-Portland,616,Snow,1597,35,41.31404456552272,15.0,7,77.94563464626657,1
TRAIN-1662,Denver-LA,1412,Snow,4474,58,69.95115219843358,3.0,21,78.75817204573303,1
TRAIN-1663,Texas-Portland,1062,Snow,1489,53,55.24201853059879,5.0,16,81.1273457830504,1
TRAIN-1664,Texas-Portland,1541,Snow,3058,59,56.24635951201154,14.0,7,63.44654455809105,0
TRAIN-1665,Chicago-Seattle,1011,Fog,7483,32,36.337048923705616,17.0,5,73.97105909808259,1
TRAIN-1666,Texas-Portland,1315,Clear,4793,93,100.12913558648525,20.0,25,96.55397718793523,1
TRAIN-1667,Texas-Portland,1573,Fog,7451,41,53.14953992978419,10.0,13,96.23171696732237,1
TRAIN-1668,Texas-Portland,1728,Rain,6742,80,85.42502709972874,5.0,9,64.8590944727172,1
TRAIN-1669,Texas-Portland,1232,Clear,6767,28,32.199079017017766,14.0,22,72.15308835775339,1
TRAIN-1670,Denver-LA,1324,Fog,2631,64,69.66466552512308,8.0,18,90.189005623658,1
TRAIN-1671,Texas-Portland,1493,Fog,3349,24,23.873814467949686,16.0,15,71.52055740637824,0
TRAIN-1672,Texas-Portland,948,Rain,6698,29,48.36000612104571,4.0,22,71.31433908987927,1
TRAIN-1673,Denver-LA,1119,Snow,1429,52,54.928957203064826,21.0,24,61.02220021957671,1
TRAIN-1674,Texas-Portland,1346,Snow,3650,93,98.47970032691732,7.0,3,93.42822475706146,1
TRAIN-1675,Texas-Portland,801,Fog,3468,38,35.62836425527624,12.0,9,74.4352775603012,0
TRAIN-1676,Texas-Portland,1121,Fog,1335,82,78.63017544287351,2.0,14,60.336757923397386,0
TRAIN-1677,Denver-LA,1009,Rain,5562,69,71.94354041238412,13.0,5,81.99797465584392,1
TRAIN-1678,Chicago-Seattle,1337,Snow,6187,39,48.96127614487868,20.0,29,78.14061010420244,1
TRAIN-1679,Chicago-Seattle,725,Fog,3914,55,57.91260484822599,23.0,21,96.98520380501478,1
TRAIN-1680,Denver-LA,1217,Fog,2417,76,82.28646987681759,6.0,10,83.92563610206645,1
TRAIN-1681,Chicago-Seattle,1337,Snow,6445,49,61.366592460424044,1.0,17,90.82061364172735,1
TRAIN-1682,Chicago-Seattle,1921,Clear,4937,28,33.48592990571976,15.0,11,89.34320770780151,1
TRAIN-1683,Denver-LA,1262,Snow,5763,78,92.38012564460719,3.0,22,72.00960762379071,1
TRAIN-1684,Denver-LA,1642,Snow,3205,93,94.6871946157972,3.0,7,80.69165598026696,0
TRAIN-1685,Chicago-Seattle,1700,Snow,3769,58,64.72001701978348,2.0,21,91.45468455156586,1
TRAIN-1686,Chicago-Seattle,917,Snow,6278,25,35.76502285069461,15.0,24,91.62450764597406,1
TRAIN-1687,Texas-Portland,960,Clear,5628,59,68.1309576888684,5.0,29,99.8181657845955,1
TRAIN-1688,Chicago-Seattle,1473,Snow,3460,51,58.03155975055083,,26,88.59900591270035,1
TRAIN-1689,Texas-Portland,1965,Clear,3814,53,52.397458030944314,,2,82.05463994338099,0
TRAIN-1690,Chicago-Seattle,1097,Clear,5566,35,35.92222670075585,5.0,1,67.73591069694166,0
TRAIN-1691,Texas-Portland,590,Clear,6187,88,92.67699439542687,17.0,8,68.61766912714863,1
TRAIN-1692,Chicago-Seattle,1803,Snow,1367,91,99.14561869915596,2.0,15,82.69543743964947,1
TRAIN-1693,Denver-LA,1961,Fog,1351,38,41.09194023540638,22.0,5,66.00558229177206,1
TRAIN-1694,Denver-LA,1876,Snow,6081,85,100.40787311440177,19.0,26,93.06082175652992,1
TRAIN-1695,Chicago-Seattle,1322,Snow,2025,88,91.05374689781863,12.0,16,66.67305851135364,1
TRAIN-1696,Chicago-Seattle,1816,Fog,2394,91,90.52579404176649,2.0,4,87.94624947081934,0
TRAIN-1697,Texas-Portland,1122,Rain,1237,64,63.68854854260666,21.0,22,61.31120944102114,0
TRAIN-1698,Texas-Portland,664,Clear,3283,35,34.36596535089013,16.0,18,93.49537849264449,0
TRAIN-1699,Texas-Portland,998,Clear,6866,28,33.82667649820906,8.0,17,75.07610596710296,1
TRAIN-1700,Chicago-Seattle,712,Snow,4710,94,97.29425014367655,7.0,20,81.7300524247645,1
TRAIN-1701,Chicago-Seattle,1689,Snow,5033,37,48.356217241192425,20.0,24,87.11965050236311,1
TRAIN-1702,Denver-LA,1890,Snow,2311,65,71.55431514955819,15.0,15,84.07706179398198,1
TRAIN-1703,Chicago-Seattle,1952,Fog,1773,30,27.8311095342493,11.0,18,90.3497864357249,0
TRAIN-1704,Denver-LA,579,Snow,4990,71,79.94437370797873,6.0,2,,1
TRAIN-1705,Denver-LA,1396,Snow,3636,85,90.28765418112664,22.0,15,66.18069896817282,1
TRAIN-1706,Denver-LA,663,Snow,2026,43,50.64571938212645,5.0,26,86.99317477629702,1
TRAIN-1707,Texas-Portland,527,Snow,2021,70,70.19198804050637,14.0,8,88.72746613385112,0
TRAIN-1708,Denver-LA,1091,Fog,3003,65,72.31107490031737,19.0,23,79.32585795988986,1
TRAIN-1709,Texas-Portland,1047,Snow,5516,43,50.812396982963854,15.0,14,63.86726252587775,1
TRAIN-1710,Chicago-Seattle,1831,Clear,5871,94,103.05601842079685,,9,64.3562721437914,1
TRAIN-1711,Texas-Portland,641,Fog,6389,92,101.7412141841746,3.0,28,63.216782264865245,1
TRAIN-1712,Denver-LA,1097,Fog,5259,90,98.84495183111707,11.0,23,77.99614925613704,1
TRAIN-1713,Denver-LA,963,Clear,6712,71,80.74648501600508,13.0,3,87.67556053835699,1
TRAIN-1714,Texas-Portland,1660,Snow,1296,57,48.09500551825532,3.0,11,60.43073941408128,0
TRAIN-1715,Denver-LA,1876,Snow,6124,38,47.04068673143037,14.0,5,90.5770847039592,1
TRAIN-1716,Texas-Portland,1408,Rain,3879,61,62.184270866070925,17.0,14,95.82340197050446,0
TRAIN-1717,Denver-LA,1587,Fog,4053,87,94.17962339574956,6.0,8,81.68848632823969,1
TRAIN-1718,Texas-Portland,1977,Fog,1841,84,81.07635095280291,19.0,16,83.72259173396321,0
TRAIN-1719,Texas-Portland,1205,Fog,6991,49,61.88200393909361,10.0,19,78.16922435441943,1
TRAIN-1720,Texas-Portland,1338,Fog,6028,70,76.33076167979287,4.0,23,69.06497089202892,1
TRAIN-1721,Chicago-Seattle,1243,Fog,7564,58,66.22903869163427,16.0,5,93.62391821100518,1
TRAIN-1722,Texas-Portland,1388,Snow,5653,93,102.7935025640843,3.0,10,80.11164597548749,1
TRAIN-1723,Texas-Portland,755,Snow,6199,67,74.36903360716788,8.0,20,81.8495385125427,1
TRAIN-1724,Chicago-Seattle,824,Snow,2471,58,65.71520922185715,9.0,26,82.09327481082377,1
TRAIN-1725,Chicago-Seattle,1104,Rain,2710,36,39.021216326448624,,19,81.2475297924313,1
TRAIN-1726,Texas-Portland,582,Snow,5815,80,87.2012126096497,19.0,20,76.57906159387173,1
TRAIN-1727,Chicago-Seattle,1893,Fog,2292,85,84.20842770474589,19.0,5,84.2681507600803,0
TRAIN-1728,Denver-LA,1206,Fog,7863,92,104.64051333081642,13.0,2,71.83980483025069,1
TRAIN-1729,Texas-Portland,699,Rain,6219,92,102.8798943542566,10.0,13,81.55295865022015,1
TRAIN-1730,Chicago-Seattle,1914,Clear,2302,74,78.51961681607186,12.0,17,91.54169021232376,1
TRAIN-1731,Chicago-Seattle,600,Snow,4330,83,94.29587778989116,3.0,26,98.07613255270917,1
TRAIN-1732,Texas-Portland,1290,Rain,7663,40,44.18612769102893,15.0,17,,1
TRAIN-1733,Texas-Portland,1624,Snow,1319,80,80.23402636477098,19.0,29,77.39469019186092,0
TRAIN-1734,Chicago-Seattle,1931,Snow,4297,49,58.839693440374184,5.0,28,,1
TRAIN-1735,Chicago-Seattle,736,Clear,5012,66,69.82513204334899,19.0,18,99.19857701476809,1
TRAIN-1736,Texas-Portland,595,Snow,2063,49,51.85418740443213,24.0,13,85.93728705068696,1
TRAIN-1737,Texas-Portland,1972,Clear,7915,64,77.21520652767674,23.0,1,90.0715786190274,1
TRAIN-1738,Chicago-Seattle,935,Clear,3717,85,84.26832091066878,13.0,5,85.92984584846775,0
TRAIN-1739,Denver-LA,1697,Fog,5176,34,40.924507131283825,2.0,18,87.50872959143018,1
TRAIN-1740,Chicago-Seattle,532,Snow,5719,43,51.53262144023111,22.0,5,,1
TRAIN-1741,Texas-Portland,977,Rain,7744,75,88.75528902326748,19.0,20,93.79306870101179,1
TRAIN-1742,Denver-LA,632,Fog,4994,63,64.7764617455336,24.0,29,64.39089993626267,0
TRAIN-1743,Denver-LA,1124,Fog,3376,51,49.95218258210235,19.0,4,86.12909458882778,0
TRAIN-1744,Chicago-Seattle,1060,Snow,3074,38,38.130915810440605,24.0,5,68.254177345247,0
TRAIN-1745,Texas-Portland,1571,Snow,1526,77,79.83306488490597,17.0,26,87.01563632695591,1
TRAIN-1746,Denver-LA,800,Fog,7132,67,69.13285342097151,24.0,8,83.11540300098574,1
TRAIN-1747,Chicago-Seattle,547,Snow,2303,38,42.24458743373555,11.0,10,88.40291888215991,1
TRAIN-1748,Texas-Portland,1279,Fog,1264,70,69.12248046210797,22.0,27,61.256143840230905,0
TRAIN-1749,Texas-Portland,978,Rain,5085,46,50.92435033308596,16.0,27,99.87126881559996,1
TRAIN-1750,Texas-Portland,1796,Rain,1221,89,82.40333947731176,17.0,12,63.828817581465344,0
TRAIN-1751,Chicago-Seattle,1349,Fog,6657,24,32.40817531859819,6.0,14,90.25276445259229,1
TRAIN-1752,Texas-Portland,1363,Snow,4724,69,81.23440219669577,17.0,28,95.4196723580508,1
TRAIN-1753,Denver-LA,1870,Fog,4638,47,53.81921639592103,1.0,16,63.783518732948494,1
TRAIN-1754,Chicago-Seattle,953,Fog,5113,83,87.15015099794456,2.0,14,84.56431196438467,1
TRAIN-1755,Chicago-Seattle,1767,Snow,1161,83,82.7053830274099,15.0,28,96.91023656986924,0
TRAIN-1756,Chicago-Seattle,860,Clear,2604,61,61.21436314934878,23.0,16,,0
TRAIN-1757,Chicago-Seattle,594,Snow,1648,80,83.0476549771787,,21,85.65749802846385,1
TRAIN-1758,Texas-Portland,905,Fog,7298,25,41.70003880034781,23.0,27,97.67152389340418,1
TRAIN-1759,Chicago-Seattle,1326,Rain,3188,62,63.69657574969815,15.0,17,77.47237000651691,0
TRAIN-1760,Denver-LA,911,Rain,7640,91,100.71590433884035,21.0,4,74.4162961889672,1
TRAIN-1761,Denver-LA,612,Clear,7319,58,68.75123904322099,7.0,5,85.79686877652966,1
TRAIN-1762,Denver-LA,1239,Rain,6768,31,37.89248691101801,9.0,5,69.61406427711853,1
TRAIN-1763,Denver-LA,1855,Snow,1299,67,66.48950631805432,13.0,24,92.50185969705635,0
TRAIN-1764,Denver-LA,1889,Snow,6802,30,40.95048972959878,14.0,16,71.72464425554048,1
TRAIN-1765,Chicago-Seattle,1500,Snow,6303,88,95.14950977091182,19.0,18,91.86842502453551,1
TRAIN-1766,Texas-Portland,937,Rain,5619,44,52.58640898886114,8.0,11,64.45508542765953,1
TRAIN-1767,Denver-LA,1786,Fog,7793,34,46.654431714237006,7.0,19,87.2867900268313,1
TRAIN-1768,Texas-Portland,730,Clear,4802,43,46.420379153032655,19.0,13,92.90266666040351,1
TRAIN-1769,Denver-LA,1275,Fog,3939,39,43.36741527119046,1.0,8,73.31906168366488,1
TRAIN-1770,Denver-LA,1098,Rain,5626,75,81.47502720293319,3.0,16,90.64602330518237,1
TRAIN-1771,Denver-LA,968,Snow,7089,93,106.14540601502407,23.0,20,67.60076388758952,1
TRAIN-1772,Texas-Portland,1504,Rain,1210,84,81.06653076964965,4.0,3,77.96078433516527,0
TRAIN-1773,Chicago-Seattle,1193,Fog,7887,36,46.96281287834413,7.0,6,67.66267516769327,1
TRAIN-1774,Denver-LA,910,Fog,7144,89,100.03339522232784,6.0,8,68.70807585101636,1
TRAIN-1775,Chicago-Seattle,626,Snow,7955,62,77.15695254316124,,10,63.303641427679366,1
TRAIN-1776,Denver-LA,1959,Rain,5035,67,72.32865355519799,1.0,18,99.48701539254512,1
TRAIN-1777,Chicago-Seattle,1052,Rain,5149,60,57.108247937089274,21.0,28,94.44929605227395,0
TRAIN-1778,Chicago-Seattle,1265,Snow,2842,69,70.8502798779091,7.0,4,93.54917748709656,0
TRAIN-1779,Denver-LA,740,Clear,6655,73,76.83772049879738,20.0,19,92.02721727054512,1
TRAIN-1780,Chicago-Seattle,1543,Fog,3096,50,46.28371768873324,20.0,9,76.72384507956095,0
TRAIN-1781,Texas-Portland,1836,Fog,3454,46,53.150496839967104,3.0,21,91.35865329098502,1
TRAIN-1782,Chicago-Seattle,1776,Rain,6979,74,80.7392883093035,14.0,16,92.64371754712907,1
TRAIN-1783,Texas-Portland,853,Rain,2251,62,62.59480527856136,1.0,14,60.8060691324076,0
TRAIN-1784,Chicago-Seattle,1823,Fog,3632,72,76.69637916035974,14.0,15,99.63692259088863,1
TRAIN-1785,Texas-Portland,1891,Rain,6162,39,46.7413138222368,14.0,26,78.8895317185228,1
TRAIN-1786,Denver-LA,1492,Clear,1381,30,24.380567190230288,9.0,3,76.42037926164782,0
TRAIN-1787,Texas-Portland,1490,Clear,6811,75,93.47763671419663,10.0,24,95.86842223533101,1
TRAIN-1788,Texas-Portland,1007,Rain,1136,71,66.52639311115995,9.0,8,97.67360064560262,0
TRAIN-1789,Chicago-Seattle,605,Fog,5288,69,78.48241597519443,7.0,24,,1
TRAIN-1790,Chicago-Seattle,1710,Clear,6269,92,102.17177927607126,20.0,21,71.92443849013459,1
TRAIN-1791,Denver-LA,604,Fog,7450,89,100.0006940777244,6.0,4,96.58634019695987,1
TRAIN-1792,Texas-Portland,1550,Clear,4055,78,78.08717736041572,7.0,20,84.82591209852384,0
TRAIN-1793,Chicago-Seattle,590,Rain,5979,25,36.15205343980496,15.0,21,,1
TRAIN-1794,Chicago-Seattle,1473,Fog,7669,31,47.40825332856704,,18,82.68479794047018,1
TRAIN-1795,Texas-Portland,896,Clear,4808,31,34.242427234915766,2.0,19,83.31919462904278,1
TRAIN-1796,Texas-Portland,1045,Snow,1714,74,75.07507059311446,17.0,14,63.120976983278624,0
TRAIN-1797,Denver-LA,1357,Clear,2208,31,29.15664469268516,18.0,2,71.88227952092691,0
TRAIN-1798,Chicago-Seattle,818,Clear,1049,80,75.4006306802929,18.0,22,66.31735589944454,0
TRAIN-1799,Texas-Portland,1293,Clear,4272,82,84.45161328148546,12.0,22,84.17212550792667,1
TRAIN-1800,Denver-LA,524,Snow,1114,94,97.1325856476885,20.0,8,,1
TRAIN-1801,Texas-Portland,995,Fog,4462,86,92.97217583404367,1.0,14,90.66164581440327,1
TRAIN-1802,Texas-Portland,1524,Clear,3121,41,41.209253105057876,12.0,12,80.79732940150754,0
TRAIN-1803,Denver-LA,1794,Clear,2340,56,51.69746253621565,14.0,15,95.24322020971117,0
TRAIN-1804,Texas-Portland,648,Clear,3270,29,30.088280476991358,,28,81.3023613455388,0
TRAIN-1805,Chicago-Seattle,1615,Fog,4905,42,49.33959001379275,9.0,14,77.70869679379149,1
TRAIN-1806,Denver-LA,1893,Fog,7187,82,98.39251002648376,23.0,24,74.61791414690649,1
TRAIN-1807,Denver-LA,1110,Clear,3861,43,48.83696446119568,4.0,13,93.08080787841715,1
TRAIN-1808,Texas-Portland,640,Snow,5987,61,72.61028979422169,16.0,25,78.26792469315834,1
TRAIN-1809,Denver-LA,711,Fog,3920,57,58.32685392700564,6.0,2,94.75216963701077,0
TRAIN-1810,Texas-Portland,863,Clear,3796,48,51.57325391312778,24.0,9,60.4705208273278,1
TRAIN-1811,Denver-LA,1138,Fog,7554,49,64.56356692544095,17.0,8,81.77691782484126,1
TRAIN-1812,Denver-LA,1901,Snow,2819,32,38.20266802411144,4.0,15,77.37422522520112,1
TRAIN-1813,Texas-Portland,1071,Snow,7054,79,95.32516495184053,1.0,20,88.86654886794815,1
TRAIN-1814,Texas-Portland,1489,Fog,1049,54,55.51825852970321,15.0,28,96.46088690203362,0
TRAIN-1815,Denver-LA,1362,Snow,4090,59,67.27089972605947,6.0,11,64.00094932057685,1
TRAIN-1816,Texas-Portland,1180,Rain,7036,81,93.83235607094342,10.0,29,60.18544180889937,1
TRAIN-1817,Chicago-Seattle,887,Snow,5506,42,52.43092336945737,11.0,1,62.753633837887776,1
TRAIN-1818,Texas-Portland,1779,Rain,7651,30,42.70100549433392,17.0,22,88.70333721504795,1
TRAIN-1819,Texas-Portland,1970,Clear,1511,27,24.207349475182863,7.0,28,78.94988448807548,0
TRAIN-1820,Chicago-Seattle,1497,Rain,3476,49,48.03656342237623,18.0,10,65.87701953667084,0
TRAIN-1821,Texas-Portland,1152,Rain,5984,59,68.64371915690656,11.0,28,90.0467251879092,1
TRAIN-1822,Chicago-Seattle,579,Clear,6489,68,72.1796131373609,9.0,21,63.984850176700185,1
TRAIN-1823,Texas-Portland,519,Clear,2945,52,53.881770991485716,11.0,23,89.22781321968816,0
TRAIN-1824,Denver-LA,571,Fog,2103,62,65.08395409747254,19.0,24,,1
TRAIN-1825,Chicago-Seattle,1416,Fog,2179,63,63.299911111557,7.0,26,97.25837106029891,0
TRAIN-1826,Texas-Portland,1762,Fog,7137,57,66.39204390337396,16.0,18,,1
TRAIN-1827,Chicago-Seattle,1770,Rain,5417,50,53.72049124560782,4.0,15,87.50821827818237,1
TRAIN-1828,Denver-LA,1807,Snow,3078,84,91.48735817203834,2.0,26,95.27314497779065,1
TRAIN-1829,Chicago-Seattle,1219,Fog,4189,69,70.3104138263325,,7,71.35312781962844,0
TRAIN-1830,Denver-LA,1974,Rain,5377,95,97.55761372280736,13.0,25,92.98815253004867,1
TRAIN-1831,Texas-Portland,978,Snow,2534,34,39.58766634863482,4.0,23,78.6628281341743,1
TRAIN-1832,Denver-LA,1937,Fog,2399,39,37.34690972050347,12.0,7,62.217235050707096,0
TRAIN-1833,Chicago-Seattle,1659,Fog,2867,40,43.13567187757771,5.0,27,67.44933651649795,1
TRAIN-1834,Texas-Portland,1252,Rain,2824,71,71.95928409349554,14.0,11,71.25865947424211,0
TRAIN-1835,Texas-Portland,946,Clear,4686,75,85.55844864970834,11.0,19,73.17236690199331,1
TRAIN-1836,Texas-Portland,1685,Rain,1308,69,71.6084466758234,4.0,19,,1
TRAIN-1837,Denver-LA,737,Snow,4551,77,87.06604113929056,10.0,28,72.32171746135072,1
TRAIN-1838,Texas-Portland,663,Snow,3160,69,79.46459262736634,19.0,23,86.89688361396544,1
TRAIN-1839,Denver-LA,790,Snow,1668,36,38.94676588594301,24.0,16,77.25805107368323,1
TRAIN-1840,Denver-LA,1248,Fog,6406,42,55.15935033084168,2.0,14,71.02849621085616,1
TRAIN-1841,Denver-LA,1655,Snow,7202,30,46.74164979901903,22.0,4,99.86603397961352,1
TRAIN-1842,Texas-Portland,543,Rain,7014,78,87.23267575529907,13.0,15,80.92522821868393,1
TRAIN-1843,Chicago-Seattle,1825,Clear,6135,54,62.90665653244913,20.0,11,63.86087720148781,1
TRAIN-1844,Texas-Portland,658,Clear,2715,47,46.299867881219335,17.0,27,63.6234125322317,0
TRAIN-1845,Texas-Portland,1397,Clear,5931,87,92.03915571290841,6.0,20,88.54448094963976,1
TRAIN-1846,Texas-Portland,697,Rain,4771,81,88.51009673997885,13.0,15,,1
TRAIN-1847,Texas-Portland,1510,Rain,4346,83,90.15686898780183,15.0,28,72.43591366283314,1
TRAIN-1848,Denver-LA,1516,Clear,2369,88,85.73979628922366,18.0,22,68.42228193455783,0
TRAIN-1849,Chicago-Seattle,1690,Clear,2513,57,56.46949254133,23.0,26,72.54336484218227,0
TRAIN-1850,Texas-Portland,1906,Rain,1411,75,75.99259311967856,13.0,29,84.39345944339908,0
TRAIN-1851,Texas-Portland,1166,Clear,7681,44,49.02882024127945,17.0,4,98.21331189626326,1
TRAIN-1852,Denver-LA,1682,Snow,6638,62,72.6464183417934,10.0,4,65.45457902998051,1
TRAIN-1853,Denver-LA,1945,Rain,1739,41,37.182721265141915,23.0,16,84.39761084057963,0
TRAIN-1854,Denver-LA,1828,Fog,5700,35,42.5019669084154,2.0,7,,1
TRAIN-1855,Chicago-Seattle,1658,Rain,6688,56,66.33888455873661,21.0,17,77.82825908024336,1
TRAIN-1856,Denver-LA,1853,Fog,7026,59,67.16137302237985,19.0,6,,1
TRAIN-1857,Chicago-Seattle,1382,Snow,2439,95,96.41154227395484,2.0,9,69.95994805144953,0
TRAIN-1858,Texas-Portland,1852,Snow,5059,90,92.95751834673109,14.0,1,76.78402241454162,1
TRAIN-1859,Denver-LA,582,Rain,4451,45,51.44126783943247,7.0,21,61.710503341504236,1
TRAIN-1860,Texas-Portland,1029,Fog,2216,88,88.19169008761665,9.0,5,94.42295185441273,0
TRAIN-1861,Texas-Portland,1091,Fog,1905,91,93.51094768236355,4.0,28,64.43771443460827,1
TRAIN-1862,Texas-Portland,1976,Fog,4646,42,51.33657170250031,5.0,11,99.06167281775781,1
TRAIN-1863,Texas-Portland,1342,Fog,7438,37,46.76884579385267,9.0,2,84.61672290872436,1
TRAIN-1864,Denver-LA,797,Clear,2723,46,46.318862500797614,22.0,13,94.22648970363703,0
TRAIN-1865,Chicago-Seattle,797,Snow,5575,94,104.178947959647,5.0,26,74.5671780171784,1
TRAIN-1866,Denver-LA,1440,Clear,5216,78,82.32322874144,1.0,25,73.72513764129002,1
TRAIN-1867,Denver-LA,1568,Fog,1818,36,38.161016343599535,17.0,26,94.79679447230542,1
TRAIN-1868,Denver-LA,1364,Rain,1715,67,67.99486432766042,20.0,21,76.64922443501709,0
TRAIN-1869,Texas-Portland,695,Snow,5139,41,47.6756419064763,8.0,9,69.75724962251435,1
TRAIN-1870,Denver-LA,557,Snow,3009,70,72.20792407223318,23.0,1,67.40133982654851,1
TRAIN-1871,Texas-Portland,1352,Rain,2112,29,25.36996153034264,18.0,1,61.100630331279085,0
TRAIN-1872,Texas-Portland,910,Rain,2268,51,49.08227489256791,23.0,28,78.51770279377966,0
TRAIN-1873,Chicago-Seattle,1206,Snow,2405,85,91.4383963271183,4.0,27,98.65397986449052,1
TRAIN-1874,Texas-Portland,1132,Snow,2583,80,89.06275158525797,4.0,28,93.43539053701343,1
TRAIN-1875,Texas-Portland,1051,Snow,2181,57,56.45012488519553,10.0,16,81.27651499876805,0
TRAIN-1876,Chicago-Seattle,1158,Clear,7559,31,42.61798363099462,9.0,16,75.94209124257137,1
TRAIN-1877,Texas-Portland,741,Clear,6552,54,62.3497685902451,14.0,18,78.78622700263547,1
TRAIN-1878,Denver-LA,1200,Fog,6939,79,89.02277304868367,13.0,24,70.46512815590005,1
TRAIN-1879,Texas-Portland,1220,Fog,7096,60,75.32973205100534,18.0,29,61.77690027538085,1
TRAIN-1880,Denver-LA,1802,Fog,4964,30,34.72046183716193,9.0,6,87.41489957863817,1
TRAIN-1881,Texas-Portland,1600,Fog,6744,30,47.129565597780335,7.0,28,74.29175089998546,1
TRAIN-1882,Texas-Portland,1760,Fog,3566,59,59.585800980674925,19.0,12,94.5238156993226,0
TRAIN-1883,Denver-LA,585,Rain,2105,83,79.74989700648537,3.0,14,76.06933238208026,0
TRAIN-1884,Chicago-Seattle,1930,Clear,1815,49,44.920122054755375,17.0,8,83.85505032431618,0
TRAIN-1885,Texas-Portland,1404,Snow,2596,56,59.311181820041995,20.0,12,90.54840566773217,1
TRAIN-1886,Texas-Portland,1677,Snow,1691,59,62.92948923947508,5.0,24,67.4223943874892,1
TRAIN-1887,Chicago-Seattle,1286,Rain,5816,78,86.43197485263121,15.0,15,63.55424022514253,1
TRAIN-1888,Chicago-Seattle,1679,Rain,3386,36,35.57484416122232,3.0,5,65.13480642982346,0
TRAIN-1889,Chicago-Seattle,516,Snow,3558,50,55.07044057591789,21.0,6,75.01727487696851,1
TRAIN-1890,Texas-Portland,1091,Clear,7069,61,62.825839914151274,17.0,23,80.95181698687402,0
TRAIN-1891,Denver-LA,571,Clear,5050,26,30.404470949337696,3.0,29,97.65610219007576,1
TRAIN-1892,Texas-Portland,538,Rain,1249,33,30.53367704655729,7.0,16,64.01455373103828,0
TRAIN-1893,Denver-LA,1402,Snow,6551,25,34.81949904219023,20.0,2,63.45863152231762,1
TRAIN-1894,Chicago-Seattle,577,Snow,7674,46,60.13187035191332,1.0,22,77.74454190617746,1
TRAIN-1895,Texas-Portland,1759,Fog,1443,77,80.76086371747259,19.0,19,89.3597876251279,1
TRAIN-1896,Texas-Portland,576,Snow,6648,25,36.940456137846304,7.0,17,93.36804015400074,1
TRAIN-1897,Texas-Portland,849,Rain,7591,48,56.922034487136195,1.0,8,97.94113587951014,1
TRAIN-1898,Texas-Portland,1138,Clear,3961,75,76.63637765012687,1.0,18,64.8638133523618,0
TRAIN-1899,Chicago-Seattle,1139,Rain,1431,32,27.615497521618,16.0,9,77.03796935253322,0
TRAIN-1900,Chicago-Seattle,1155,Fog,6061,39,49.08532362957771,1.0,25,71.09429800067161,1
TRAIN-1901,Chicago-Seattle,1618,Clear,3187,66,60.993061160312536,5.0,20,97.27458824788991,0
TRAIN-1902,Texas-Portland,1019,Clear,7836,31,41.579793803558346,8.0,17,86.78209604781408,1
TRAIN-1903,Texas-Portland,1988,Rain,1364,71,66.50719488544887,20.0,25,,0
TRAIN-1904,Denver-LA,1199,Clear,5288,55,59.98093947748718,5.0,15,67.91279314455747,1
TRAIN-1905,Denver-LA,582,Clear,2971,40,36.512552752990246,2.0,19,63.112447070195856,0
TRAIN-1906,Denver-LA,1863,Rain,4453,71,78.91559345668597,22.0,18,91.83034421922359,1
TRAIN-1907,Texas-Portland,811,Fog,3765,92,95.1752641425724,24.0,26,86.20603854624426,1
TRAIN-1908,Texas-Portland,841,Rain,5165,69,76.84788387194318,16.0,18,93.00447933208085,1
TRAIN-1909,Denver-LA,579,Fog,7576,42,51.260390508840985,3.0,11,61.54695853106159,1
TRAIN-1910,Denver-LA,1382,Snow,5503,95,97.47807262715148,8.0,7,83.19957471977689,1
TRAIN-1911,Denver-LA,680,Snow,1291,71,81.65339500270929,7.0,28,,1
TRAIN-1912,Chicago-Seattle,927,Rain,2889,38,41.701375368095455,3.0,27,66.15361358991974,1
TRAIN-1913,Denver-LA,593,Fog,2039,85,89.32692675586699,16.0,26,76.15485075535994,1
TRAIN-1914,Texas-Portland,1835,Fog,1452,26,24.809405785722873,16.0,17,96.03422359065252,0
TRAIN-1915,Texas-Portland,1021,Snow,3624,78,82.54212539546884,19.0,12,63.77284091338088,1
TRAIN-1916,Denver-LA,1862,Clear,2095,24,15.895680810376078,9.0,10,80.47354100611933,0
TRAIN-1917,Texas-Portland,1230,Clear,3404,75,82.28586568855154,,21,83.81313731616088,1
TRAIN-1918,Texas-Portland,1389,Clear,2542,91,84.10787763617051,8.0,1,62.10095289236363,0
TRAIN-1919,Texas-Portland,676,Clear,1800,52,44.10307100709106,15.0,2,87.48384179949348,0
TRAIN-1920,Denver-LA,1120,Fog,6719,63,71.51499335807777,2.0,20,92.82582245451357,1
TRAIN-1921,Texas-Portland,709,Rain,6780,36,45.544912273724655,14.0,4,89.03340751753902,1
TRAIN-1922,Chicago-Seattle,1073,Fog,3036,56,61.60723449904911,23.0,13,66.52857465881644,1
TRAIN-1923,Denver-LA,1349,Rain,4986,75,79.76795787838444,,22,74.91276384948742,1
TRAIN-1924,Denver-LA,1924,Snow,1627,27,32.87810351771466,19.0,18,91.75150935044212,1
TRAIN-1925,Texas-Portland,1367,Fog,5872,60,64.2275950622752,17.0,12,,1
TRAIN-1926,Denver-LA,698,Rain,3731,57,66.38968246709155,2.0,29,88.9370567271669,1
TRAIN-1927,Texas-Portland,1990,Clear,4703,39,36.33566518463095,12.0,2,87.60590726923303,0
TRAIN-1928,Chicago-Seattle,984,Snow,5185,33,44.924764065898884,6.0,25,85.50818042118533,1
TRAIN-1929,Chicago-Seattle,1740,Fog,6805,86,96.21281505134004,2.0,13,95.51334718989688,1
TRAIN-1930,Texas-Portland,1056,Fog,3061,68,69.77104836190539,13.0,12,65.04964005079177,0
TRAIN-1931,Texas-Portland,724,Fog,6545,89,96.7265432843433,8.0,4,90.95983608813354,1
TRAIN-1932,Texas-Portland,1275,Rain,5838,87,90.06602121123225,12.0,13,81.36959628087047,1
TRAIN-1933,Chicago-Seattle,1392,Clear,4332,75,73.73281162392745,18.0,22,60.8464288681709,0
TRAIN-1934,Texas-Portland,1327,Rain,1956,63,65.52571154977106,23.0,29,70.3836223223395,1
TRAIN-1935,Chicago-Seattle,586,Snow,5913,84,93.7019713866332,19.0,13,71.92501668092957,1
TRAIN-1936,Denver-LA,808,Snow,3993,66,76.79450844162974,7.0,24,94.46589258044625,1
TRAIN-1937,Texas-Portland,1859,Fog,4228,67,79.56710102595376,14.0,23,90.71531916349906,1
TRAIN-1938,Chicago-Seattle,570,Snow,3966,52,60.27158416542313,12.0,27,89.48986449022925,1
TRAIN-1939,Chicago-Seattle,1822,Fog,6280,25,33.406640426220754,14.0,25,98.95994017571469,1
TRAIN-1940,Denver-LA,612,Snow,5577,66,75.16980424253642,19.0,14,64.447321886542,1
TRAIN-1941,Chicago-Seattle,1738,Clear,1937,55,56.52853788869203,15.0,2,93.83971051405895,0
TRAIN-1942,Texas-Portland,1409,Clear,4078,78,71.68624083757146,6.0,26,96.25388179966524,0
TRAIN-1943,Texas-Portland,1562,Clear,2771,25,23.291876960632873,13.0,12,74.42308513354287,0
TRAIN-1944,Chicago-Seattle,579,Fog,6259,69,77.19978561715709,,3,79.04218014089957,1
TRAIN-1945,Chicago-Seattle,997,Fog,4607,86,90.15495226308862,19.0,27,96.25412474185921,1
TRAIN-1946,Chicago-Seattle,1001,Clear,7505,93,97.0110306122831,22.0,11,66.224413216985,1
TRAIN-1947,Denver-LA,1218,Rain,4357,49,55.471042018625575,3.0,27,75.42321167496421,1
TRAIN-1948,Texas-Portland,1681,Rain,3647,52,55.98720175334445,17.0,22,60.07470087303839,1
TRAIN-1949,Chicago-Seattle,982,Clear,1994,78,76.95375882109391,3.0,11,89.44772869810446,0
TRAIN-1950,Texas-Portland,1895,Snow,5268,29,32.50068436130096,18.0,5,99.17084121964199,1
TRAIN-1951,Denver-LA,1184,Clear,6289,64,62.99458676131386,17.0,8,61.86125928823044,0
TRAIN-1952,Denver-LA,1185,Clear,4363,93,99.16586713108688,4.0,18,,1
TRAIN-1953,Texas-Portland,1270,Fog,1591,54,56.88683234009085,1.0,9,88.16497829068528,1
TRAIN-1954,Denver-LA,813,Snow,4457,95,108.85102741870807,6.0,26,99.71281528525299,1
TRAIN-1955,Texas-Portland,1801,Snow,4605,49,61.66267570261541,9.0,21,60.927610267398855,1
TRAIN-1956,Texas-Portland,1483,Fog,2368,78,77.47476730114333,8.0,17,79.2614210093528,0
TRAIN-1957,Chicago-Seattle,1073,Clear,2161,45,43.827577574874475,22.0,7,,0
TRAIN-1958,Chicago-Seattle,1314,Fog,6717,53,67.13790876582826,20.0,28,71.35009998128191,1
TRAIN-1959,Texas-Portland,738,Clear,3798,71,69.04289531630468,4.0,4,78.75068798203128,0
TRAIN-1960,Chicago-Seattle,1872,Rain,4313,68,71.76207304914992,10.0,13,86.79846351310358,1
TRAIN-1961,Texas-Portland,719,Snow,5481,84,89.18562772462734,7.0,8,99.43283199298101,1
TRAIN-1962,Denver-LA,866,Snow,3274,27,34.82943220214858,1.0,18,86.51079638403824,1
TRAIN-1963,Chicago-Seattle,1834,Fog,2750,47,53.46241179376089,18.0,21,73.44402849648691,1
TRAIN-1964,Texas-Portland,579,Fog,2408,88,92.0510948634299,1.0,27,96.87292715087864,1
TRAIN-1965,Chicago-Seattle,1013,Fog,5116,50,55.33158919607974,14.0,21,87.80762505629693,1
TRAIN-1966,Chicago-Seattle,844,Snow,2957,49,57.8679763799432,10.0,13,61.481154351985516,1
TRAIN-1967,Texas-Portland,1775,Fog,6495,57,61.39054023397932,10.0,11,60.271068168157726,1
TRAIN-1968,Texas-Portland,1818,Snow,5111,70,73.91946014724893,7.0,8,70.67361776093196,1
TRAIN-1969,Texas-Portland,1535,Snow,5678,45,50.652812213808204,16.0,15,64.06699970231725,1
TRAIN-1970,Chicago-Seattle,918,Snow,7436,69,83.6415197440829,6.0,12,,1
TRAIN-1971,Chicago-Seattle,1903,Rain,7612,55,64.71042229210612,10.0,13,65.29565405763319,1
TRAIN-1972,Texas-Portland,664,Snow,1018,51,51.30438361156137,12.0,23,77.35038672815978,0
TRAIN-1973,Texas-Portland,1472,Clear,5249,61,63.37900432232638,8.0,25,80.6844569849061,1
TRAIN-1974,Denver-LA,1502,Snow,5532,85,96.8151017007611,11.0,16,67.84136949311082,1
TRAIN-1975,Chicago-Seattle,1150,Snow,5315,64,73.05445686450848,9.0,9,74.54237464938156,1
TRAIN-1976,Denver-LA,1570,Clear,2599,38,35.98576431330701,14.0,25,94.33579176266903,0
TRAIN-1977,Chicago-Seattle,987,Snow,3698,26,28.684817000137343,11.0,6,80.12583805240415,1
TRAIN-1978,Chicago-Seattle,984,Rain,6733,86,90.66018041064791,15.0,10,80.4140470267932,1
TRAIN-1979,Chicago-Seattle,1251,Clear,2500,58,47.894309585722276,5.0,7,83.20452796542179,0
TRAIN-1980,Texas-Portland,1810,Rain,2439,47,45.69360085578299,17.0,25,97.14924683019677,0
TRAIN-1981,Texas-Portland,1614,Rain,1243,83,75.44576397820154,17.0,5,78.22585557791186,0
TRAIN-1982,Texas-Portland,1698,Clear,6325,81,90.57634479767721,9.0,10,97.10400625673265,1
TRAIN-1983,Texas-Portland,1778,Rain,3086,43,40.16187277719137,10.0,7,,0
TRAIN-1984,Texas-Portland,1441,Rain,5510,53,58.04597558234127,7.0,22,89.32989109360688,1
TRAIN-1985,Chicago-Seattle,997,Snow,7774,31,43.335442859484786,20.0,3,90.66923403432223,1
TRAIN-1986,Denver-LA,1159,Snow,7540,89,103.16901058077036,24.0,17,94.51710910241846,1
TRAIN-1987,Denver-LA,904,Rain,7160,28,36.62090223568084,10.0,18,89.70281202676503,1
TRAIN-1988,Denver-LA,519,Fog,5457,95,102.11760962315567,19.0,10,60.416028205476714,1
TRAIN-1989,Denver-LA,1540,Snow,4756,95,105.0934438241403,24.0,11,69.36677379065486,1
TRAIN-1990,Texas-Portland,1057,Clear,5556,43,52.20184007423593,18.0,14,78.30408490890612,1
TRAIN-1991,Denver-LA,1742,Fog,2453,78,81.98076975061238,14.0,29,96.92853696243071,1
TRAIN-1992,Denver-LA,800,Clear,6045,73,78.13293396674244,14.0,21,61.715486957292136,1
TRAIN-1993,Denver-LA,1728,Clear,6573,45,50.353398043843235,19.0,11,,1
TRAIN-1994,Chicago-Seattle,995,Clear,1598,38,37.209656921147044,22.0,12,79.9793592448421,0
TRAIN-1995,Denver-LA,1056,Fog,5439,57,63.46562677140412,7.0,15,84.99566841403256,1
TRAIN-1996,Chicago-Seattle,592,Snow,6678,25,34.950598059131806,4.0,4,79.95732169750096,1
TRAIN-1997,Chicago-Seattle,1708,Clear,3638,95,93.42698748237453,5.0,21,86.44881209493309,0
TRAIN-1998,Chicago-Seattle,1353,Clear,3921,38,44.509365133982335,24.0,25,98.5380358074811,1
TRAIN-1999,Denver-LA,1816,Clear,7812,37,46.27740884167202,17.0,22,63.70347627443077,1
TRAIN-2000,Texas-Portland,1847,Clear,2556,75,77.90167329794212,15.0,15,79.10416466299088,1
TRAIN-2001,Denver-LA,1620,Fog,6665,26,36.9057328675241,14.0,15,99.26646718193429,1
TRAIN-2002,Texas-Portland,563,Rain,6021,70,81.42078510648064,7.0,5,71.35678612418621,1
TRAIN-2003,Denver-LA,542,Snow,3415,32,39.79245863909448,14.0,20,78.21700322632451,1
TRAIN-2004,Denver-LA,1730,Fog,3993,47,51.00581422143089,22.0,8,81.51738888990175,1
TRAIN-2005,Texas-Portland,1213,Snow,2975,29,34.78234836409182,21.0,14,69.86916728241133,1
TRAIN-2006,Chicago-Seattle,1827,Snow,5253,28,32.47520284257335,23.0,1,97.57357252341302,1
TRAIN-2007,Chicago-Seattle,1867,Clear,5107,91,98.81440240514975,9.0,25,61.59365839696961,1
TRAIN-2008,Chicago-Seattle,935,Fog,5458,78,88.22651484519366,6.0,25,94.35544562093447,1
TRAIN-2009,Texas-Portland,1755,Clear,3752,28,27.884143651503994,21.0,18,71.63541205549187,0
TRAIN-2010,Denver-LA,1249,Fog,3207,35,39.06955037363249,21.0,29,90.88380851437714,1
TRAIN-2011,Denver-LA,1091,Snow,5070,31,41.53433473598298,13.0,29,95.04479836119822,1
TRAIN-2012,Texas-Portland,1816,Rain,7315,65,70.3244917792854,8.0,28,62.62486154011437,1
TRAIN-2013,Chicago-Seattle,627,Clear,5460,56,57.58413115592664,5.0,7,76.99366467006118,0
TRAIN-2014,Denver-LA,1218,Snow,2864,39,44.30013219965018,9.0,18,73.92226903581329,1
TRAIN-2015,Texas-Portland,1075,Fog,2223,59,61.23042678230563,3.0,16,63.403375271304995,1
TRAIN-2016,Texas-Portland,679,Clear,4226,30,34.64272326725744,23.0,27,75.24841559042306,1
TRAIN-2017,Denver-LA,1406,Fog,6901,79,92.5232040154354,20.0,23,90.88557925569216,1
TRAIN-2018,Texas-Portland,697,Rain,3985,79,79.11733163372202,15.0,13,87.09607355244543,0
TRAIN-2019,Texas-Portland,1155,Clear,4820,48,53.81548334149362,22.0,26,67.63223923691987,1
TRAIN-2020,Chicago-Seattle,1882,Fog,3508,64,67.11012576396472,4.0,27,81.72752377620452,1
TRAIN-2021,Texas-Portland,1301,Rain,3698,47,47.710121513807564,14.0,5,90.5331599311194,0
TRAIN-2022,Chicago-Seattle,996,Fog,7688,83,91.84757054969226,18.0,13,77.90172012404167,1
TRAIN-2023,Texas-Portland,1808,Clear,7066,50,53.79002699765198,17.0,12,95.96905486704405,1
TRAIN-2024,Chicago-Seattle,1507,Rain,3512,28,23.965305391840673,17.0,3,81.17823845830623,0
TRAIN-2025,Denver-LA,563,Fog,2454,82,82.74993752748911,2.0,26,82.90503823578874,0
TRAIN-2026,Denver-LA,1941,Fog,5363,79,87.49217713810556,14.0,27,85.08794647781725,1
TRAIN-2027,Chicago-Seattle,596,Fog,1054,27,27.03476188429158,23.0,5,78.41770027155692,0
TRAIN-2028,Denver-LA,1463,Rain,6481,55,62.0139831956002,21.0,16,71.99518793226812,1
TRAIN-2029,Texas-Portland,1696,Clear,7069,95,101.41649904851388,24.0,8,96.4279265445847,1
TRAIN-2030,Chicago-Seattle,1400,Fog,6372,47,56.45625220837922,5.0,15,93.2538551608032,1
TRAIN-2031,Chicago-Seattle,1364,Snow,7490,71,85.36501319782774,11.0,29,93.94784523390535,1
TRAIN-2032,Denver-LA,1033,Fog,5206,24,28.353434156222107,20.0,4,62.73392417273152,1
TRAIN-2033,Chicago-Seattle,1385,Fog,6145,41,53.10248322377039,7.0,14,62.628875318110325,1
TRAIN-2034,Denver-LA,946,Rain,7900,77,92.61418829109256,,23,70.33614836504721,1
TRAIN-2035,Chicago-Seattle,1417,Rain,3988,92,95.92480359229532,20.0,2,96.01715788575565,1
TRAIN-2036,Denver-LA,599,Snow,3739,45,52.68193740414855,,7,65.7116411296471,1
TRAIN-2037,Denver-LA,671,Rain,2904,65,67.28564400808953,4.0,21,63.56059449494259,1
TRAIN-2038,Texas-Portland,551,Clear,1054,85,81.7206627180408,4.0,8,84.28179718626575,0
TRAIN-2039,Texas-Portland,1100,Clear,3462,64,64.78846852737928,4.0,4,62.360963070512476,0
TRAIN-2040,Chicago-Seattle,514,Clear,7417,29,42.54064789654825,19.0,27,,1
TRAIN-2041,Denver-LA,1905,Snow,7645,46,59.141276342679106,6.0,7,,1
TRAIN-2042,Texas-Portland,1015,Clear,1955,41,36.28407232709809,12.0,8,71.00331347305416,0
TRAIN-2043,Chicago-Seattle,1950,Rain,6459,38,50.79047096861942,13.0,24,80.00295516124407,1
TRAIN-2044,Denver-LA,1861,Snow,3358,36,40.37510449076827,1.0,14,89.11872149164054,1
TRAIN-2045,Texas-Portland,830,Clear,2186,74,72.08952963650925,23.0,19,61.04573367469896,0
TRAIN-2046,Denver-LA,1258,Clear,6470,45,49.10199722230277,2.0,23,88.36323776682693,1
TRAIN-2047,Texas-Portland,1506,Fog,1185,93,94.14807115393029,23.0,19,76.91338151871587,0
TRAIN-2048,Denver-LA,568,Clear,2402,24,22.37195784800197,3.0,28,61.59591157503818,0
TRAIN-2049,Chicago-Seattle,1730,Snow,3067,47,52.64455222353475,12.0,16,61.33748898469313,1
TRAIN-2050,Texas-Portland,1872,Snow,5278,41,49.91436754571575,2.0,17,97.13702333425653,1
TRAIN-2051,Denver-LA,948,Fog,1422,47,49.4486365047557,24.0,2,83.56587956200573,1
TRAIN-2052,Texas-Portland,1398,Snow,4703,80,82.55378373726444,19.0,8,81.41137971897139,1
TRAIN-2053,Texas-Portland,559,Fog,3967,92,92.96515779480363,11.0,11,95.65306367966953,0
TRAIN-2054,Denver-LA,1615,Fog,4283,88,95.656396064187,10.0,27,85.83123476472137,1
TRAIN-2055,Chicago-Seattle,1242,Rain,3905,53,58.498901500301756,11.0,19,72.34843825617243,1
TRAIN-2056,Texas-Portland,715,Clear,4655,24,30.558345083773542,17.0,25,70.10652548458046,1
TRAIN-2057,Denver-LA,1645,Clear,3706,30,29.278993410972213,9.0,25,88.73545327797402,0
TRAIN-2058,Chicago-Seattle,896,Rain,7699,56,72.52202387260229,12.0,26,96.96984198680371,1
TRAIN-2059,Denver-LA,1960,Fog,2489,27,23.837228770938946,2.0,4,83.21346617564828,0
TRAIN-2060,Denver-LA,979,Clear,4713,46,53.853250510065784,11.0,24,75.66527756730649,1
TRAIN-2061,Texas-Portland,1774,Rain,2063,80,77.94055451569257,4.0,26,66.24029705122652,0
TRAIN-2062,Denver-LA,1469,Clear,2265,79,71.23760925652927,4.0,3,76.09734794298444,0
TRAIN-2063,Denver-LA,1746,Clear,4797,56,57.47601197629221,5.0,24,81.33300572457838,0
TRAIN-2064,Chicago-Seattle,1255,Clear,4160,42,40.99652550904697,6.0,18,96.7706353903979,0
TRAIN-2065,Texas-Portland,1903,Clear,3297,67,61.726515206550516,2.0,3,98.85153367739632,0
TRAIN-2066,Denver-LA,940,Rain,1086,39,35.72353519982803,19.0,25,60.3646013777803,0
TRAIN-2067,Texas-Portland,1012,Snow,4889,28,42.47262059903868,5.0,16,92.85463516755341,1
TRAIN-2068,Chicago-Seattle,1011,Snow,3047,49,51.709512397728375,2.0,29,79.19023190608644,1
TRAIN-2069,Chicago-Seattle,1672,Fog,5293,88,100.72140991286726,12.0,17,99.13293251751088,1
TRAIN-2070,Denver-LA,1869,Snow,1483,65,66.49749702637382,17.0,6,71.73633827063932,0
TRAIN-2071,Texas-Portland,1133,Fog,5352,35,41.56160773822042,12.0,14,97.97284118427483,1
TRAIN-2072,Denver-LA,683,Clear,1284,74,70.90230717035011,3.0,26,91.8984368660064,0
TRAIN-2073,Texas-Portland,1987,Snow,7585,36,50.24841344124956,22.0,12,82.58094103370769,1
TRAIN-2074,Texas-Portland,616,Snow,6949,58,72.53729029634877,15.0,6,98.78594618147568,1
TRAIN-2075,Chicago-Seattle,1769,Fog,4321,81,87.48182156859235,17.0,29,98.99767447493267,1
TRAIN-2076,Denver-LA,1928,Snow,6408,84,99.41675397517531,11.0,11,88.79169957521746,1
TRAIN-2077,Texas-Portland,568,Rain,1227,73,70.63869758093281,24.0,7,78.3352976245566,0
TRAIN-2078,Chicago-Seattle,1456,Clear,7521,76,85.12121320613271,21.0,17,,1
TRAIN-2079,Chicago-Seattle,654,Rain,3244,87,85.79373654022106,1.0,15,98.58756069268716,0
TRAIN-2080,Texas-Portland,731,Clear,4688,38,45.85696858799489,7.0,24,65.63516767210376,1
TRAIN-2081,Denver-LA,1131,Fog,3627,56,54.123756299344116,11.0,26,67.87465339519052,0
TRAIN-2082,Denver-LA,922,Snow,6061,27,39.487566834427724,14.0,22,69.61527216190213,1
TRAIN-2083,Denver-LA,570,Rain,3907,75,73.46031966052664,2.0,25,74.49704098635262,0
TRAIN-2084,Denver-LA,1560,Snow,1133,41,37.12319010721517,2.0,5,97.18489592861283,0
TRAIN-2085,Chicago-Seattle,570,Clear,5123,80,90.5504869953973,14.0,21,80.80781412345195,1
TRAIN-2086,Denver-LA,1431,Clear,4049,75,80.36665074681805,3.0,10,89.03458383067087,1
TRAIN-2087,Denver-LA,683,Rain,6904,89,93.86798776893708,4.0,22,70.31148409809222,1
TRAIN-2088,Texas-Portland,1798,Fog,2898,89,90.28443929765416,7.0,22,86.62417180082835,0
TRAIN-2089,Texas-Portland,1671,Snow,4389,87,93.15839924737111,3.0,4,63.89513285517242,1
TRAIN-2090,Texas-Portland,1401,Rain,4876,39,48.10269995329808,19.0,11,67.3447036226207,1
TRAIN-2091,Texas-Portland,1595,Rain,7875,40,50.01448780274829,10.0,9,89.29671857164993,1
TRAIN-2092,Chicago-Seattle,1995,Rain,5422,85,89.27854621843515,9.0,15,66.13803877274447,1
TRAIN-2093,Denver-LA,1324,Clear,5543,45,54.247879386339854,23.0,2,82.95400896529044,1
TRAIN-2094,Denver-LA,1353,Fog,2432,55,60.066094640285336,8.0,22,86.85581883083819,1
TRAIN-2095,Chicago-Seattle,1086,Snow,2490,56,61.1774175243153,,17,83.63047472051564,1
TRAIN-2096,Chicago-Seattle,1621,Snow,1342,40,35.65143114474929,12.0,1,98.86059672657319,0
TRAIN-2097,Chicago-Seattle,1044,Snow,7348,36,53.60678644586078,21.0,14,95.69044516730965,1
TRAIN-2098,Chicago-Seattle,1606,Clear,1513,47,46.26763648505818,8.0,5,77.69772922219869,0
TRAIN-2099,Denver-LA,1738,Snow,7978,48,62.490725212346945,4.0,24,64.58094382945418,1
TRAIN-2100,Chicago-Seattle,1250,Clear,6083,75,79.21765727177934,15.0,9,68.81676467660012,1
TRAIN-2101,Denver-LA,1886,Fog,6183,95,100.59667753723744,7.0,17,85.51147369332614,1
TRAIN-2102,Texas-Portland,1153,Rain,5305,59,58.677552967300095,24.0,11,60.11201477609714,0
TRAIN-2103,Texas-Portland,737,Fog,1956,36,42.19069840202997,14.0,22,82.19672381335691,1
TRAIN-2104,Chicago-Seattle,1083,Rain,1054,34,32.94132407458364,3.0,23,72.93266380839718,0
TRAIN-2105,Denver-LA,790,Rain,3729,58,64.17928730569048,1.0,12,60.60536896220858,1
TRAIN-2106,Texas-Portland,1872,Fog,6532,65,74.18852086234138,17.0,6,89.14801420416273,1
TRAIN-2107,Texas-Portland,742,Fog,2381,59,63.31956788573987,24.0,3,88.31129455936826,1
TRAIN-2108,Chicago-Seattle,1219,Snow,1393,75,70.53524241089043,4.0,6,96.18780774421823,0
TRAIN-2109,Denver-LA,1289,Rain,4566,46,51.485998478814984,4.0,28,78.02119412697877,1
TRAIN-2110,Chicago-Seattle,911,Snow,2659,84,90.71727641396862,11.0,29,81.89298586341752,1
TRAIN-2111,Denver-LA,1116,Fog,4045,24,31.954939111042393,14.0,5,65.85681727820601,1
TRAIN-2112,Denver-LA,904,Rain,4704,31,34.902378910186414,2.0,1,,1
TRAIN-2113,Denver-LA,1680,Snow,5901,81,88.43968468023449,6.0,14,73.29717622636619,1
TRAIN-2114,Denver-LA,764,Clear,6520,26,32.3748050948956,6.0,17,81.61643648981996,1
TRAIN-2115,Chicago-Seattle,658,Rain,6150,29,35.87717404776479,21.0,19,99.85503443442516,1
TRAIN-2116,Texas-Portland,1623,Snow,5755,31,40.15467823448755,24.0,3,86.04752646524474,1
TRAIN-2117,Denver-LA,1488,Rain,7510,33,47.59599578873723,22.0,16,90.88900115947932,1
TRAIN-2118,Denver-LA,1957,Rain,1985,68,66.74614700180565,7.0,11,89.14549322382916,0
TRAIN-2119,Denver-LA,882,Snow,1665,42,44.182310537690256,5.0,18,88.72927720596223,1
TRAIN-2120,Chicago-Seattle,1671,Fog,7837,64,77.69689825108549,21.0,9,73.25622025649218,1
TRAIN-2121,Denver-LA,1016,Snow,5455,45,58.72057086784533,22.0,26,66.37166088840024,1
TRAIN-2122,Texas-Portland,1893,Rain,4948,42,46.03275132992935,3.0,28,60.978025507217296,1
TRAIN-2123,Denver-LA,1201,Rain,7279,56,58.080147701356815,15.0,7,86.11610675276401,1
TRAIN-2124,Texas-Portland,1802,Fog,3181,44,48.27501293719949,2.0,28,89.32612327852067,1
TRAIN-2125,Texas-Portland,1590,Snow,1809,35,32.86801269129805,10.0,4,68.22034335847681,0
TRAIN-2126,Chicago-Seattle,1369,Rain,3026,80,79.78190850268892,7.0,15,77.47087675255696,0
TRAIN-2127,Texas-Portland,998,Clear,4423,82,78.73972139729126,8.0,21,,0
TRAIN-2128,Denver-LA,638,Snow,1992,56,55.688430843038645,3.0,6,95.56834620258425,0
TRAIN-2129,Texas-Portland,1664,Rain,1071,61,54.996830570909,12.0,28,75.8608824622951,0
TRAIN-2130,Denver-LA,830,Snow,1972,50,56.95265896524126,10.0,24,86.28856786605411,1
TRAIN-2131,Texas-Portland,1274,Rain,6512,42,49.60481213676058,5.0,23,86.32854308812988,1
TRAIN-2132,Denver-LA,789,Fog,3294,33,40.7020993620799,3.0,21,91.25910618980593,1
TRAIN-2133,Chicago-Seattle,1312,Snow,6701,35,41.10148067108712,20.0,10,97.3281623314838,1
TRAIN-2134,Denver-LA,1437,Rain,2032,43,43.32949078818661,7.0,29,83.23602022104954,0
TRAIN-2135,Chicago-Seattle,937,Clear,3977,85,89.28673230726213,7.0,27,86.2672786622108,1
TRAIN-2136,Denver-LA,971,Snow,7976,52,66.09200598668318,17.0,24,68.64005898324817,1
TRAIN-2137,Texas-Portland,1272,Snow,1240,65,64.52992705027498,11.0,16,98.74648216138543,0
TRAIN-2138,Denver-LA,1842,Fog,4524,80,85.59148806981342,5.0,23,69.66443457636261,1
TRAIN-2139,Texas-Portland,698,Fog,1797,67,69.46831894793795,11.0,16,89.88357349411932,1
TRAIN-2140,Denver-LA,1493,Rain,7524,92,101.77924015926338,20.0,10,94.04584151821892,1
TRAIN-2141,Denver-LA,1391,Rain,2623,30,30.1822548270053,22.0,19,65.20831961598152,0
TRAIN-2142,Denver-LA,1762,Clear,6003,87,92.06426312861278,11.0,29,63.84421843328784,1
TRAIN-2143,Chicago-Seattle,1831,Clear,3569,55,55.122490654773976,5.0,13,89.74193791587123,0
TRAIN-2144,Texas-Portland,1852,Clear,3751,35,35.28323014457252,19.0,15,75.36522368351996,0
TRAIN-2145,Chicago-Seattle,1023,Rain,7496,54,66.74338919398744,3.0,6,88.22569779784537,1
TRAIN-2146,Chicago-Seattle,1280,Clear,1483,44,31.13709155587185,20.0,22,76.08292022878231,0
TRAIN-2147,Chicago-Seattle,1972,Snow,3248,82,84.85447772383536,12.0,15,65.68594907052584,1
TRAIN-2148,Chicago-Seattle,1856,Snow,3805,80,80.87174105830985,12.0,9,97.54630390409946,0
TRAIN-2149,Denver-LA,1015,Rain,5849,36,42.330414286097145,7.0,6,91.67564887204394,1
TRAIN-2150,Denver-LA,664,Clear,7055,84,93.20757881798261,8.0,11,75.5230344293232,1
TRAIN-2151,Chicago-Seattle,1702,Fog,7913,60,75.16479235379953,16.0,17,93.66471540986052,1
TRAIN-2152,Chicago-Seattle,962,Clear,3345,93,90.21140879202792,22.0,2,81.02985148806911,0
TRAIN-2153,Chicago-Seattle,1981,Clear,6879,77,87.92262130333476,16.0,23,66.56246996547003,1
TRAIN-2154,Texas-Portland,1711,Snow,6582,41,47.81904475267298,7.0,9,96.3872157822305,1
TRAIN-2155,Texas-Portland,1503,Clear,3086,49,47.15190979053259,9.0,2,93.76127031065327,0
TRAIN-2156,Denver-LA,1987,Clear,1675,53,48.29713161484846,8.0,25,69.11504914920303,0
TRAIN-2157,Texas-Portland,863,Rain,5934,63,68.81780472533366,1.0,15,88.99409154498801,1
TRAIN-2158,Chicago-Seattle,844,Fog,5980,74,81.00478067848056,2.0,15,79.6477965723552,1
TRAIN-2159,Texas-Portland,1163,Snow,5860,67,76.35721063336653,11.0,11,,1
TRAIN-2160,Chicago-Seattle,1005,Fog,3054,87,88.18538542960623,9.0,29,86.19260384756043,0
TRAIN-2161,Texas-Portland,985,Rain,3213,76,81.00779159083956,11.0,16,72.43352013224057,1
TRAIN-2162,Texas-Portland,1698,Rain,1005,33,29.50933054046146,24.0,6,89.70494874591344,0
TRAIN-2163,Texas-Portland,1057,Fog,3022,66,67.34622652484508,12.0,9,83.75722173059268,0
TRAIN-2164,Denver-LA,1513,Rain,2012,44,42.50010349274409,20.0,25,64.44507807399084,0
TRAIN-2165,Texas-Portland,740,Clear,3787,35,38.549468765071076,6.0,18,92.16776783716797,1
TRAIN-2166,Denver-LA,873,Snow,2592,39,39.363940915748486,19.0,21,86.18002373352977,0
TRAIN-2167,Denver-LA,1894,Clear,3081,49,46.661916944293864,17.0,28,72.37388618722049,0
TRAIN-2168,Texas-Portland,1278,Snow,6559,89,100.33304842866646,18.0,5,72.20507597216007,1
TRAIN-2169,Chicago-Seattle,564,Snow,6385,67,74.16274035134269,23.0,11,93.0381963393634,1
TRAIN-2170,Chicago-Seattle,1521,Clear,2680,46,38.08525310597985,17.0,6,95.53763703460547,0
TRAIN-2171,Chicago-Seattle,515,Rain,6604,88,96.41429468399235,1.0,9,62.682063040890526,1
TRAIN-2172,Texas-Portland,1126,Snow,4569,76,84.93743248313723,8.0,7,89.56053769948446,1
TRAIN-2173,Denver-LA,1491,Snow,3320,57,61.29913816015366,17.0,29,,1
TRAIN-2174,Texas-Portland,562,Rain,1764,69,66.42920655577497,23.0,22,89.83791565761368,0
TRAIN-2175,Denver-LA,1923,Fog,6719,73,79.33188098995733,22.0,18,79.50738083553244,1
TRAIN-2176,Chicago-Seattle,869,Clear,4984,44,44.027983799848585,4.0,3,60.86600536067342,0
TRAIN-2177,Texas-Portland,1784,Fog,2564,84,85.73468907833103,17.0,22,62.20958739401563,0
TRAIN-2178,Chicago-Seattle,518,Clear,6069,51,65.61678590948593,16.0,28,75.58642670553472,1
TRAIN-2179,Texas-Portland,1687,Snow,6512,63,76.21829533805428,11.0,2,90.86426854719133,1
TRAIN-2180,Chicago-Seattle,1983,Fog,1818,93,96.67203243845458,8.0,5,67.14057575656196,1
TRAIN-2181,Texas-Portland,1472,Clear,5849,93,91.58155823959824,7.0,3,64.26692882086189,0
TRAIN-2182,Denver-LA,918,Clear,1511,68,58.847602784894946,9.0,6,66.76238407513591,0
TRAIN-2183,Denver-LA,1168,Fog,7013,57,62.94635825235358,,4,,1
TRAIN-2184,Chicago-Seattle,796,Snow,2567,36,44.13083233910299,17.0,23,98.20700067870996,1
TRAIN-2185,Denver-LA,1464,Rain,5235,31,37.36830194947353,16.0,23,65.38190415361532,1
TRAIN-2186,Texas-Portland,1857,Snow,4552,94,98.47682146207754,13.0,24,64.43278971570035,1
TRAIN-2187,Denver-LA,1911,Clear,5737,77,82.20535238217124,16.0,28,92.74726076636323,1
TRAIN-2188,Chicago-Seattle,1797,Rain,3208,32,36.62114596068143,20.0,2,83.98750499267625,1
TRAIN-2189,Chicago-Seattle,1547,Fog,3301,68,72.81747453987502,2.0,4,76.91038026608409,1
TRAIN-2190,Chicago-Seattle,1385,Rain,3470,62,62.64270645289395,13.0,15,71.36755192912196,0
TRAIN-2191,Texas-Portland,1753,Rain,7622,95,108.8066962470258,10.0,14,66.53840578713854,1
TRAIN-2192,Chicago-Seattle,938,Rain,7366,53,61.44077070488075,13.0,3,87.84505074976038,1
TRAIN-2193,Chicago-Seattle,696,Clear,4272,81,82.57408988833761,,2,87.93098773216275,0
TRAIN-2194,Denver-LA,1659,Rain,2665,32,32.93117939835578,1.0,28,61.56714973146558,0
TRAIN-2195,Denver-LA,991,Clear,7344,81,88.36140797356649,19.0,1,,1
TRAIN-2196,Chicago-Seattle,641,Fog,4440,69,70.3687528241021,23.0,4,62.50653984374518,0
TRAIN-2197,Texas-Portland,1762,Rain,7664,71,82.23408929272308,15.0,12,97.04222688862964,1
TRAIN-2198,Denver-LA,872,Rain,7701,77,85.95935836404873,2.0,28,73.27042926514181,1
TRAIN-2199,Chicago-Seattle,1246,Clear,2773,46,46.43476043407436,12.0,6,95.0135139651702,0
TRAIN-2200,Texas-Portland,1129,Snow,5716,61,70.84328331227654,,5,97.2307847918044,1
TRAIN-2201,Denver-LA,1186,Clear,1211,62,53.815832634452256,1.0,8,88.97039910684293,0
TRAIN-2202,Chicago-Seattle,1100,Fog,2612,54,56.66198096766734,18.0,29,80.1933008707547,1
TRAIN-2203,Chicago-Seattle,1332,Clear,2103,68,62.45680672184383,1.0,2,94.0391384191996,0
TRAIN-2204,Texas-Portland,1585,Snow,4996,78,83.55514838837163,21.0,13,73.53832442981393,1
TRAIN-2205,Chicago-Seattle,1574,Snow,2219,94,96.00454590497147,20.0,15,73.4989578049099,1
TRAIN-2206,Chicago-Seattle,1550,Fog,5572,56,68.38598442332133,7.0,9,93.1822374855536,1
TRAIN-2207,Chicago-Seattle,625,Snow,6996,45,59.99270243345731,8.0,23,62.13615518488443,1
TRAIN-2208,Denver-LA,1056,Clear,6721,43,49.63397004763506,15.0,13,96.87754766974668,1
TRAIN-2209,Chicago-Seattle,1959,Clear,4656,35,40.053754462374,22.0,3,74.15642076159475,1
TRAIN-2210,Chicago-Seattle,1983,Fog,7958,25,35.51252100609743,12.0,1,90.19531397988345,1
TRAIN-2211,Texas-Portland,1754,Rain,7336,69,72.57828759973064,18.0,3,80.18730709179871,1
TRAIN-2212,Chicago-Seattle,1012,Snow,6916,47,56.90221738263847,9.0,4,94.76471750952462,1
TRAIN-2213,Chicago-Seattle,771,Fog,1958,70,70.80259651587848,24.0,29,73.57054109606814,0
TRAIN-2214,Chicago-Seattle,1362,Snow,7560,38,50.48192818548461,18.0,29,,1
TRAIN-2215,Chicago-Seattle,1561,Clear,4392,46,44.44770904152862,21.0,5,86.23381982692639,0
TRAIN-2216,Denver-LA,511,Clear,5688,81,83.3024736073496,1.0,2,75.513353588052,1
TRAIN-2217,Chicago-Seattle,1711,Fog,3383,93,96.88587923078659,11.0,19,86.60836478902499,1
TRAIN-2218,Texas-Portland,1453,Clear,6398,51,60.59543226970783,6.0,26,60.46415139493523,1
TRAIN-2219,Denver-LA,689,Fog,2070,32,32.37218581815938,18.0,19,84.21122609711453,0
TRAIN-2220,Chicago-Seattle,1746,Clear,1230,67,60.52737837605679,14.0,19,89.74804788003834,0
TRAIN-2221,Texas-Portland,874,Clear,4785,62,66.25325101090455,3.0,22,77.99047001438076,1
TRAIN-2222,Texas-Portland,943,Fog,7825,86,93.80129367133769,18.0,6,62.46901078020829,1
TRAIN-2223,Denver-LA,1656,Rain,4606,71,76.26326139981433,6.0,15,63.25790826834242,1
TRAIN-2224,Texas-Portland,1086,Clear,7967,91,102.14760375059386,15.0,27,68.95297170684417,1
TRAIN-2225,Denver-LA,807,Snow,3883,48,49.531229883483014,13.0,17,72.57713680181655,0
TRAIN-2226,Texas-Portland,1563,Rain,3969,72,72.81201865519326,10.0,18,61.38332672683901,0
TRAIN-2227,Denver-LA,700,Rain,4645,48,54.03441739746161,3.0,4,86.29897672812952,1
TRAIN-2228,Texas-Portland,1088,Snow,6218,92,106.64132821136882,11.0,24,79.50843534783132,1
TRAIN-2229,Denver-LA,903,Fog,3736,34,33.812165037617675,23.0,14,94.92690059961984,0
TRAIN-2230,Chicago-Seattle,1869,Rain,2103,48,47.3769878184251,3.0,5,79.36821741301733,0
TRAIN-2231,Denver-LA,1061,Snow,7856,39,52.359632359246284,17.0,28,90.75072627945895,1
TRAIN-2232,Chicago-Seattle,1581,Fog,7765,43,60.48820740807313,7.0,25,81.72425416128365,1
TRAIN-2233,Texas-Portland,1390,Snow,7852,63,76.20700313904264,4.0,11,71.74016924820044,1
TRAIN-2234,Denver-LA,1942,Rain,6598,31,40.11473446323241,17.0,24,89.98780183164183,1
TRAIN-2235,Denver-LA,1990,Rain,6372,77,89.70056142947858,3.0,22,60.40891931978581,1
TRAIN-2236,Denver-LA,1720,Clear,7660,56,65.02997227915021,4.0,12,67.94521945122852,1
TRAIN-2237,Texas-Portland,600,Clear,3650,34,35.40187407317343,14.0,29,95.69783915782162,0
TRAIN-2238,Texas-Portland,760,Rain,3685,27,31.793734798459493,13.0,20,95.47348215223255,1
TRAIN-2239,Denver-LA,1609,Fog,7020,28,44.43486150295179,11.0,20,93.86627426883946,1
TRAIN-2240,Chicago-Seattle,1848,Snow,6302,78,90.06963050054252,12.0,18,93.95542408056508,1
TRAIN-2241,Denver-LA,1001,Clear,3749,88,92.51736694392278,5.0,21,70.21848778762143,1
TRAIN-2242,Chicago-Seattle,1584,Fog,4802,40,47.61062451776653,12.0,17,89.80173884513732,1
TRAIN-2243,Denver-LA,1063,Rain,1427,44,42.52926211703897,24.0,2,80.21351959378549,0
TRAIN-2244,Texas-Portland,1407,Clear,7152,52,59.416705563985445,3.0,7,85.67957759182309,1
TRAIN-2245,Chicago-Seattle,718,Rain,4729,38,44.34362534903704,10.0,17,68.78382137045509,1
TRAIN-2246,Texas-Portland,979,Snow,3717,77,82.44136432838442,4.0,14,96.67894394634088,1
TRAIN-2247,Denver-LA,981,Fog,2705,73,74.66468170870591,5.0,8,81.27154643306437,0
TRAIN-2248,Texas-Portland,1702,Fog,2745,35,42.26231593812879,20.0,16,71.98929975049866,1
TRAIN-2249,Chicago-Seattle,1952,Snow,4647,40,49.0139298586749,16.0,16,87.67910794340949,1
TRAIN-2250,Chicago-Seattle,1129,Fog,2603,83,85.29034297694959,11.0,14,87.09571438277834,1
TRAIN-2251,Chicago-Seattle,1018,Snow,2959,24,25.66046767375868,18.0,15,92.61442412287212,0
TRAIN-2252,Chicago-Seattle,1564,Snow,2558,92,95.85264174435002,16.0,27,60.40397162098449,1
TRAIN-2253,Chicago-Seattle,1933,Rain,3253,56,59.81291723765629,24.0,27,97.3981357950772,1
TRAIN-2254,Texas-Portland,1960,Snow,2505,80,81.79362078599763,22.0,1,72.45129172284787,0
TRAIN-2255,Texas-Portland,1743,Rain,1091,54,50.776234018498165,17.0,1,84.95081697718267,0
TRAIN-2256,Chicago-Seattle,1957,Rain,1983,71,67.71030791477745,3.0,22,81.66181522156606,0
TRAIN-2257,Denver-LA,1591,Rain,5567,32,39.08289224084117,23.0,24,85.29385816722791,1
TRAIN-2258,Denver-LA,1381,Rain,1961,77,77.10613868277649,24.0,3,61.69804132308908,0
TRAIN-2259,Denver-LA,1904,Fog,1099,93,92.60178464860218,8.0,15,88.02868833526081,0
TRAIN-2260,Texas-Portland,983,Clear,6369,50,53.44876255073929,11.0,1,66.0055311436731,1
TRAIN-2261,Texas-Portland,659,Rain,2181,59,65.59713639724083,14.0,7,70.73704805072148,1
TRAIN-2262,Chicago-Seattle,1574,Clear,4220,67,66.39177939573494,8.0,21,62.41267165968171,0
TRAIN-2263,Chicago-Seattle,1129,Rain,4127,74,75.49799215081272,7.0,8,74.18864404754248,0
TRAIN-2264,Chicago-Seattle,593,Fog,7257,79,89.24554278971408,12.0,27,91.59989445381083,1
TRAIN-2265,Denver-LA,893,Fog,2760,45,45.303243113428,14.0,25,74.14183889334005,0
TRAIN-2266,Texas-Portland,1870,Fog,5475,91,94.84029840415202,11.0,18,62.04010449301776,1
TRAIN-2267,Denver-LA,1157,Clear,5495,61,71.99218163662172,13.0,2,89.76521945230803,1
TRAIN-2268,Texas-Portland,855,Snow,4871,88,97.09690792516872,13.0,26,81.96531111936335,1
TRAIN-2269,Chicago-Seattle,1087,Rain,1593,84,80.86056064130163,17.0,14,70.71115180371132,0
TRAIN-2270,Chicago-Seattle,1689,Rain,4241,24,24.642457913568045,3.0,25,,0
TRAIN-2271,Chicago-Seattle,556,Rain,5922,45,51.96131045652038,10.0,12,72.02833814864626,1
TRAIN-2272,Denver-LA,757,Clear,6313,39,47.413870642173876,12.0,21,66.55639810534115,1
TRAIN-2273,Chicago-Seattle,806,Rain,6603,93,97.89590490419539,22.0,18,70.13269226852681,1
TRAIN-2274,Chicago-Seattle,1274,Fog,2537,54,57.586416707097264,24.0,27,99.58332012883619,1
TRAIN-2275,Denver-LA,1094,Clear,6699,51,61.05966558907106,3.0,28,67.24791358524625,1
TRAIN-2276,Chicago-Seattle,1283,Snow,4066,65,71.1061213136888,24.0,3,62.30568632220502,1
TRAIN-2277,Chicago-Seattle,1180,Clear,7521,62,69.8588849767077,3.0,7,,1
TRAIN-2278,Denver-LA,768,Clear,7050,24,34.52290601928266,23.0,3,90.02408496550055,1
TRAIN-2279,Texas-Portland,1946,Rain,5339,46,48.97943241726049,12.0,19,73.61155390882959,1
TRAIN-2280,Chicago-Seattle,977,Fog,3917,54,60.89660848674972,23.0,26,74.58563563509225,1
TRAIN-2281,Chicago-Seattle,1409,Fog,5517,24,32.69852894332746,18.0,24,86.20326791186665,1
TRAIN-2282,Denver-LA,1226,Clear,1276,38,33.6700441500732,16.0,13,84.62555146699381,0
TRAIN-2283,Denver-LA,1649,Snow,7729,43,59.69071341429038,,24,73.03238824943371,1
TRAIN-2284,Denver-LA,1599,Clear,7110,56,64.34828159121288,12.0,13,92.70598417270156,1
TRAIN-2285,Denver-LA,1545,Fog,2130,29,37.27753473190454,23.0,27,72.63246462841681,1
TRAIN-2286,Texas-Portland,1530,Fog,2784,67,66.11058488884746,22.0,21,80.05138738296151,0
TRAIN-2287,Denver-LA,1464,Fog,2382,26,32.301994686543026,12.0,25,73.20939680715328,1
TRAIN-2288,Chicago-Seattle,1202,Clear,4461,84,86.55517327813854,10.0,20,88.23818829747711,1
TRAIN-2289,Chicago-Seattle,1086,Clear,5861,57,58.18012883766707,7.0,4,66.43049219257797,0
TRAIN-2290,Texas-Portland,1318,Rain,2593,35,30.885375225555393,17.0,1,66.42044550143734,0
TRAIN-2291,Denver-LA,843,Rain,6099,83,87.4430391704096,1.0,11,77.49979111534414,1
TRAIN-2292,Texas-Portland,1491,Clear,1689,59,59.629460402492256,21.0,29,65.1934907384009,0
TRAIN-2293,Texas-Portland,647,Rain,4896,43,46.019124350008575,16.0,5,92.03556624219328,1
TRAIN-2294,Chicago-Seattle,1558,Rain,1762,66,62.08586834117368,,11,77.83824836247774,0
TRAIN-2295,Chicago-Seattle,1271,Clear,5469,71,78.23104207401416,9.0,27,73.99571102403982,1
TRAIN-2296,Chicago-Seattle,1052,Clear,5610,24,34.37226143906848,9.0,19,70.8822414295331,1
TRAIN-2297,Texas-Portland,1488,Snow,6340,26,36.5528710358467,8.0,11,70.96067456062136,1
TRAIN-2298,Denver-LA,527,Fog,6400,40,48.95135386171798,8.0,23,96.97241222662655,1
TRAIN-2299,Texas-Portland,1542,Fog,3407,26,25.78673353748416,18.0,7,69.39540209416155,0
TRAIN-2300,Chicago-Seattle,1560,Fog,2997,39,45.208187912223735,,19,63.168328616930374,1
TRAIN-2301,Chicago-Seattle,1252,Rain,5133,50,55.83516438169104,19.0,23,78.11797473332872,1
TRAIN-2302,Denver-LA,1977,Rain,7624,42,51.25520752224337,3.0,16,99.02718885360974,1
TRAIN-2303,Denver-LA,905,Clear,6201,63,68.65490368277885,20.0,4,73.87119864366758,1
TRAIN-2304,Chicago-Seattle,905,Rain,2302,66,65.97654957666164,10.0,11,79.04426303986943,0
TRAIN-2305,Texas-Portland,1927,Rain,2156,50,47.621818465896204,13.0,16,,0
TRAIN-2306,Texas-Portland,1252,Clear,6753,40,46.931985156963705,23.0,25,77.17592422645943,1
TRAIN-2307,Denver-LA,1304,Clear,3006,67,64.70328815697638,3.0,11,84.36208542569386,0
TRAIN-2308,Chicago-Seattle,1670,Fog,5241,44,53.438419443837,8.0,15,80.80549491524687,1
TRAIN-2309,Denver-LA,1543,Rain,6411,65,71.83838608852783,18.0,10,94.4747705314201,1
TRAIN-2310,Chicago-Seattle,1498,Snow,7148,51,64.5904181143565,3.0,20,98.41969106779067,1
TRAIN-2311,Texas-Portland,1509,Snow,6859,52,66.59201931544747,2.0,3,63.72359829692417,1
TRAIN-2312,Texas-Portland,766,Fog,1606,91,91.87491555330178,21.0,11,62.93456415325722,0
TRAIN-2313,Texas-Portland,1816,Fog,5775,64,74.09965950708258,11.0,28,62.42889694244618,1
TRAIN-2314,Denver-LA,1597,Clear,2743,72,71.95643581240387,14.0,25,77.25602446925693,0
TRAIN-2315,Texas-Portland,1015,Fog,3889,74,75.84450206067642,12.0,18,66.20250535096962,0
TRAIN-2316,Denver-LA,1360,Clear,1045,30,25.300606922326264,10.0,26,66.38040187620298,0
TRAIN-2317,Texas-Portland,1013,Clear,3981,64,63.152509303791035,17.0,18,68.51347985940565,0
TRAIN-2318,Texas-Portland,695,Fog,7163,35,44.704937165844505,8.0,13,81.48921232714653,1
TRAIN-2319,Texas-Portland,1101,Snow,6611,40,52.97755723588294,9.0,16,97.23157527504466,1
TRAIN-2320,Texas-Portland,1858,Clear,4319,70,69.68575795550524,21.0,8,67.13943466500427,0
TRAIN-2321,Denver-LA,1387,Clear,4521,82,85.05252916884011,7.0,27,69.76975115253279,1
TRAIN-2322,Chicago-Seattle,1687,Clear,5693,77,84.42713037392241,14.0,27,75.0626543426463,1
TRAIN-2323,Denver-LA,628,Clear,2884,58,62.75207941855866,13.0,18,87.87345139858004,1
TRAIN-2324,Chicago-Seattle,647,Clear,2859,69,63.40286445916728,9.0,7,90.27044224259956,0
TRAIN-2325,Texas-Portland,1311,Clear,6462,66,76.43369601381262,2.0,8,66.75571648084191,1
TRAIN-2326,Texas-Portland,1162,Clear,5184,75,75.68203471784975,21.0,18,67.93482594038329,0
TRAIN-2327,Texas-Portland,1406,Fog,2736,84,85.21109272898457,11.0,20,63.118418683877735,0
TRAIN-2328,Chicago-Seattle,1727,Rain,3200,76,78.51657384642347,3.0,14,92.07700166093503,1
TRAIN-2329,Denver-LA,1347,Rain,7595,78,90.69255514356513,6.0,26,68.61739670226913,1
TRAIN-2330,Chicago-Seattle,1726,Rain,5892,90,101.5187581449118,2.0,13,96.55276073442035,1
TRAIN-2331,Texas-Portland,1012,Snow,5804,57,68.86040913778248,14.0,21,62.274462133319645,1
TRAIN-2332,Texas-Portland,1260,Fog,7264,80,91.11060029804102,17.0,13,,1
TRAIN-2333,Texas-Portland,1267,Snow,5628,63,73.5936558995781,17.0,6,69.73204503349564,1
TRAIN-2334,Chicago-Seattle,1734,Rain,1496,56,56.012240207564915,18.0,3,72.07889882518269,0
TRAIN-2335,Chicago-Seattle,1510,Rain,6573,30,36.43070386238054,20.0,16,61.117261645162706,1
TRAIN-2336,Denver-LA,1320,Clear,7985,50,61.84459313205918,13.0,18,65.5676841253427,1
TRAIN-2337,Texas-Portland,1283,Fog,5166,28,36.620739859556366,7.0,29,79.64120851145168,1
TRAIN-2338,Chicago-Seattle,1652,Fog,3212,73,74.94171824740255,16.0,4,98.98583941270473,0
TRAIN-2339,Chicago-Seattle,1540,Snow,4660,39,47.40753430322323,,23,81.1252181369467,1
TRAIN-2340,Texas-Portland,684,Clear,7814,54,65.37638212632746,7.0,27,71.20621043588697,1
TRAIN-2341,Texas-Portland,636,Rain,6226,38,50.463326412803966,10.0,17,67.10127117268726,1
TRAIN-2342,Chicago-Seattle,842,Rain,7841,68,77.41933428225195,15.0,29,71.68490280099856,1
TRAIN-2343,Texas-Portland,1003,Rain,1584,94,93.64489097287381,5.0,6,79.12078450916661,0
TRAIN-2344,Texas-Portland,1459,Clear,3007,48,47.08112410836442,21.0,15,99.3449799460295,0
TRAIN-2345,Texas-Portland,1797,Clear,6933,86,94.61274017279793,5.0,2,,1
TRAIN-2346,Chicago-Seattle,777,Fog,3373,51,48.709167790473636,5.0,11,71.62898015092763,0
TRAIN-2347,Chicago-Seattle,1585,Snow,6340,94,103.43879482912776,12.0,25,91.64729716301318,1
TRAIN-2348,Denver-LA,1849,Snow,1628,94,95.49298444046045,20.0,6,78.89067267661117,0
TRAIN-2349,Denver-LA,975,Rain,4733,51,52.96123460813505,4.0,5,71.41126347036077,0
TRAIN-2350,Texas-Portland,549,Clear,6741,70,81.95951997464977,21.0,21,86.98532108792915,1
TRAIN-2351,Texas-Portland,1821,Clear,2106,51,48.660334397986375,13.0,29,66.20838450086475,0
TRAIN-2352,Chicago-Seattle,1804,Clear,1209,26,21.68609324667943,22.0,4,72.00038238942894,0
TRAIN-2353,Denver-LA,893,Fog,3427,34,38.01066587660275,18.0,28,68.19106107593976,1
TRAIN-2354,Chicago-Seattle,994,Snow,3578,52,57.49546520378909,12.0,5,89.1121316070904,1
TRAIN-2355,Denver-LA,1304,Clear,3347,80,75.67434496700596,21.0,27,93.1135761626442,0
TRAIN-2356,Chicago-Seattle,1709,Clear,1896,35,30.62394258893896,24.0,4,72.26830842089377,0
TRAIN-2357,Texas-Portland,1712,Rain,6197,30,37.46922814012955,15.0,22,89.96726996221227,1
TRAIN-2358,Chicago-Seattle,1495,Snow,1345,60,59.258451765664404,1.0,26,78.92254821582492,0
TRAIN-2359,Chicago-Seattle,545,Clear,2578,92,95.02475803794746,10.0,29,,1
TRAIN-2360,Denver-LA,1500,Clear,7757,35,49.74568629158091,3.0,28,88.17778592415164,1
TRAIN-2361,Chicago-Seattle,772,Snow,6863,82,93.12508316166033,9.0,8,76.71314198621722,1
TRAIN-2362,Chicago-Seattle,1427,Fog,4694,86,99.13689706640888,7.0,28,62.40793457885402,1
TRAIN-2363,Texas-Portland,1174,Rain,3132,29,23.978040934049908,5.0,8,74.68359270084801,0
TRAIN-2364,Texas-Portland,689,Fog,4759,46,51.644515862250124,1.0,10,68.8705376695222,1
TRAIN-2365,Denver-LA,1559,Clear,6534,86,91.23223650775842,1.0,14,,1
TRAIN-2366,Denver-LA,755,Snow,6763,72,78.3497233841336,22.0,9,87.29844710441162,1
TRAIN-2367,Chicago-Seattle,1672,Rain,7747,79,89.60157808154047,10.0,16,74.639854974646,1
TRAIN-2368,Texas-Portland,1932,Rain,6701,51,60.74870874570443,3.0,12,92.0090684260459,1
TRAIN-2369,Denver-LA,1921,Snow,6949,93,111.33400848509784,9.0,18,69.38736453187194,1
TRAIN-2370,Texas-Portland,1566,Clear,3858,53,58.67973000088685,22.0,27,75.32309384445315,1
TRAIN-2371,Denver-LA,1068,Snow,3773,35,40.94223598756101,3.0,10,93.02284095142213,1
TRAIN-2372,Texas-Portland,1899,Fog,2499,73,75.46118908095252,21.0,3,98.4559505522306,1
TRAIN-2373,Texas-Portland,715,Rain,3650,95,96.66937510771837,2.0,27,77.75440084472652,0
TRAIN-2374,Texas-Portland,1689,Clear,5512,86,89.4848636158828,12.0,3,87.14686044675946,1
TRAIN-2375,Chicago-Seattle,1984,Snow,3362,26,27.35325002127202,23.0,7,61.70249058130781,0
TRAIN-2376,Denver-LA,1007,Rain,2985,88,86.4239909915519,22.0,3,81.3075376200577,0
TRAIN-2377,Texas-Portland,1496,Fog,3503,29,37.51361500876828,4.0,19,70.44645971823334,1
TRAIN-2378,Texas-Portland,1366,Clear,4703,51,49.08540682886906,10.0,1,69.95698425995865,0
TRAIN-2379,Denver-LA,1126,Rain,1380,68,60.50197481805297,7.0,6,62.02232628040327,0
TRAIN-2380,Denver-LA,1375,Clear,5525,89,94.16205058529054,17.0,8,60.73542054839293,1
TRAIN-2381,Chicago-Seattle,1031,Fog,2442,90,89.983978873262,24.0,26,86.96478753908279,0
TRAIN-2382,Texas-Portland,502,Fog,1306,31,27.74135136250816,19.0,12,64.18128994089247,0
TRAIN-2383,Denver-LA,1845,Rain,3491,38,43.300678924065465,16.0,21,91.95133485148564,1
TRAIN-2384,Chicago-Seattle,1401,Clear,5620,46,55.6848131308642,23.0,2,95.85984664625707,1
TRAIN-2385,Chicago-Seattle,648,Fog,7187,79,87.99378624261767,6.0,14,96.64382632027548,1
TRAIN-2386,Chicago-Seattle,1620,Rain,6685,27,36.91689838123919,11.0,21,99.57814162412701,1
TRAIN-2387,Chicago-Seattle,1196,Clear,3473,77,77.06154913636864,7.0,23,96.36066886472568,0
TRAIN-2388,Texas-Portland,629,Rain,5395,57,62.65457410376908,24.0,10,82.64217139914095,1
TRAIN-2389,Chicago-Seattle,1329,Snow,4040,35,40.045891737569484,21.0,17,89.47006379254722,1
TRAIN-2390,Texas-Portland,1869,Rain,2367,90,89.94313953815207,21.0,11,70.20419669918168,0
TRAIN-2391,Denver-LA,1482,Fog,3443,94,101.00123078526022,9.0,22,98.18381341365537,1
TRAIN-2392,Texas-Portland,663,Fog,4362,89,89.21897225257123,9.0,11,62.47206077876071,0
TRAIN-2393,Chicago-Seattle,1462,Clear,7484,51,57.549266148221996,16.0,18,99.07966552938467,1
TRAIN-2394,Denver-LA,1932,Snow,2937,60,64.9955961016973,22.0,19,88.89043236513609,1
TRAIN-2395,Texas-Portland,738,Clear,3682,51,46.60996056720557,3.0,12,70.61639132499178,0
TRAIN-2396,Texas-Portland,831,Rain,2812,75,76.45544235013811,22.0,11,60.41981256299317,0
TRAIN-2397,Denver-LA,1836,Fog,1218,48,47.67866630017942,16.0,6,75.5369439181818,0
TRAIN-2398,Texas-Portland,1656,Clear,6920,26,33.20642962615,8.0,15,67.93679244269099,1
TRAIN-2399,Chicago-Seattle,1520,Fog,4391,92,97.35895879261926,4.0,24,,1
TRAIN-2400,Denver-LA,819,Clear,2824,33,32.189874582786786,10.0,2,95.26661672313395,0
TRAIN-2401,Chicago-Seattle,854,Snow,3045,55,54.31224657171275,23.0,17,74.02342628724249,0
TRAIN-2402,Denver-LA,1299,Snow,7698,34,48.95973875649265,21.0,19,91.28486463630335,1
TRAIN-2403,Chicago-Seattle,1228,Clear,1745,41,33.48400928938427,11.0,17,64.67246865412865,0
TRAIN-2404,Texas-Portland,1130,Fog,2822,89,92.15855209657191,,14,62.59151329123058,1
TRAIN-2405,Denver-LA,1256,Rain,2069,61,64.01587970418146,21.0,24,83.44435309633961,1
TRAIN-2406,Texas-Portland,1615,Snow,6320,89,97.44433385118379,13.0,20,85.47370990293447,1
TRAIN-2407,Texas-Portland,1129,Snow,6309,76,90.4703679370377,15.0,26,77.98739739170381,1
TRAIN-2408,Denver-LA,1654,Rain,7483,27,30.63507938163869,22.0,2,72.36072433544093,1
TRAIN-2409,Denver-LA,857,Clear,6385,48,57.4334643116744,23.0,18,78.73208152082456,1
TRAIN-2410,Denver-LA,1944,Snow,5875,54,66.82691100343101,17.0,1,85.42965420590173,1
TRAIN-2411,Chicago-Seattle,1029,Snow,6558,47,57.135681451419366,10.0,9,90.15355256297228,1
TRAIN-2412,Chicago-Seattle,1136,Clear,5602,84,85.80098797654588,24.0,10,75.02229362397067,0
TRAIN-2413,Denver-LA,1436,Rain,2306,26,23.75557089514831,4.0,25,92.2960284020287,0
TRAIN-2414,Texas-Portland,1107,Fog,4694,89,91.47444533706015,20.0,23,81.42140295024386,1
TRAIN-2415,Texas-Portland,1627,Clear,4555,58,57.84341362726623,6.0,24,93.2390008143797,0
TRAIN-2416,Chicago-Seattle,757,Rain,2688,67,72.90872054394652,7.0,13,85.82132286642556,1
TRAIN-2417,Texas-Portland,1492,Rain,6619,87,100.593821488769,18.0,11,74.31835661234948,1
TRAIN-2418,Texas-Portland,1115,Rain,2542,49,50.801293921425696,7.0,5,61.85199514194235,0
TRAIN-2419,Texas-Portland,1399,Rain,5774,68,78.77146159684033,14.0,6,61.8760503000538,1
TRAIN-2420,Chicago-Seattle,1680,Snow,4518,44,57.13846099514966,13.0,27,83.186236201654,1
TRAIN-2421,Denver-LA,1773,Rain,7844,91,102.23227074827918,14.0,3,99.40854975035657,1
TRAIN-2422,Chicago-Seattle,1913,Clear,3043,54,58.07712725560297,14.0,28,82.47267805821443,1
TRAIN-2423,Denver-LA,1467,Snow,2917,91,100.43212728094507,11.0,14,85.05483905448486,1
TRAIN-2424,Chicago-Seattle,1987,Fog,6550,28,43.19736046659511,1.0,24,93.19071034137934,1
TRAIN-2425,Chicago-Seattle,789,Clear,4487,91,90.8573442504196,13.0,22,74.50992416236582,0
TRAIN-2426,Chicago-Seattle,1581,Fog,3393,64,66.38971270204064,10.0,17,,1
TRAIN-2427,Texas-Portland,1850,Clear,2238,87,85.60719277910889,17.0,11,82.25132439054555,0
TRAIN-2428,Chicago-Seattle,1285,Snow,4248,46,54.191866620249314,19.0,27,75.43810453772144,1
TRAIN-2429,Texas-Portland,1406,Clear,3258,85,83.87684559261173,10.0,7,,0
TRAIN-2430,Texas-Portland,1324,Fog,1454,50,50.908962815245374,22.0,13,93.84537995927117,0
TRAIN-2431,Chicago-Seattle,831,Clear,2753,68,68.17567912378563,23.0,4,63.333972258194336,0
TRAIN-2432,Denver-LA,1438,Snow,3273,25,32.47352704209295,22.0,23,70.6489710346279,1
TRAIN-2433,Denver-LA,890,Rain,7513,78,97.06742739652248,10.0,11,70.93094114199567,1
TRAIN-2434,Chicago-Seattle,1770,Clear,4391,34,35.948891878153326,5.0,10,71.15182048064385,0
TRAIN-2435,Denver-LA,1401,Snow,1767,67,72.07412985905626,14.0,19,,1
TRAIN-2436,Denver-LA,1864,Clear,7646,24,28.464101712790125,1.0,3,86.50466233388173,1
TRAIN-2437,Texas-Portland,1696,Clear,4650,45,51.06334510330174,21.0,8,70.07678332403614,1
TRAIN-2438,Denver-LA,1830,Clear,1419,74,72.41745350999145,9.0,17,,0
TRAIN-2439,Chicago-Seattle,1264,Rain,5374,24,30.631795895656627,18.0,13,76.40064110843727,1
TRAIN-2440,Denver-LA,1565,Snow,4918,71,82.75262766482594,20.0,11,91.27868112921766,1
TRAIN-2441,Texas-Portland,691,Clear,1056,95,88.82535632290728,14.0,27,72.75586939315679,0
TRAIN-2442,Texas-Portland,1331,Fog,5986,69,74.54670785013867,5.0,6,92.01232360127761,1
TRAIN-2443,Denver-LA,1158,Rain,2966,92,92.38765446316883,10.0,14,77.42673912763968,0
TRAIN-2444,Texas-Portland,603,Snow,7072,79,89.84677820905104,1.0,8,89.22337965842964,1
TRAIN-2445,Texas-Portland,1235,Fog,3292,88,88.70174930075235,,24,62.725526097408505,0
TRAIN-2446,Chicago-Seattle,1003,Snow,1813,33,35.44845121174596,14.0,2,86.16260776421596,1
TRAIN-2447,Texas-Portland,1237,Rain,2240,83,86.15629519984167,21.0,9,62.81154193495159,1
TRAIN-2448,Denver-LA,561,Fog,7202,54,65.42895674878466,21.0,23,82.4697763476248,1
TRAIN-2449,Denver-LA,1219,Fog,2623,59,62.58207966337948,20.0,10,88.69915015835474,1
TRAIN-2450,Denver-LA,597,Clear,3858,81,78.16734121259725,22.0,29,71.82851551000886,0
TRAIN-2451,Chicago-Seattle,1753,Fog,7645,27,39.32043032326847,23.0,11,77.83978273615006,1
TRAIN-2452,Texas-Portland,1775,Rain,5711,79,79.85238730071157,8.0,1,67.44620722830123,0
TRAIN-2453,Denver-LA,559,Clear,4883,91,92.84744858922605,21.0,27,81.15535516198847,0
TRAIN-2454,Chicago-Seattle,1076,Snow,4526,31,38.056630797619086,16.0,4,71.38937971505466,1
TRAIN-2455,Texas-Portland,1761,Rain,7470,87,93.71331164734292,18.0,3,,1
TRAIN-2456,Chicago-Seattle,1254,Rain,4723,43,49.426927749087994,24.0,25,93.45903720311883,1
TRAIN-2457,Denver-LA,927,Snow,7625,55,71.93374552314019,3.0,5,68.54488061180697,1
TRAIN-2458,Denver-LA,1911,Rain,3625,92,91.97665254595161,6.0,14,82.97151451126072,0
TRAIN-2459,Texas-Portland,1641,Fog,7000,93,102.58796828411691,21.0,7,71.11880836939105,1
TRAIN-2460,Chicago-Seattle,1715,Clear,3900,32,25.032115398070026,10.0,10,86.24117484161306,0
TRAIN-2461,Chicago-Seattle,954,Clear,1130,27,18.690179856925848,9.0,8,70.5713432439198,0
TRAIN-2462,Texas-Portland,569,Rain,6089,92,99.10459148086991,,8,92.36126078825323,1
TRAIN-2463,Denver-LA,1653,Fog,2704,58,62.82242906398471,15.0,14,69.92751251769548,1
TRAIN-2464,Texas-Portland,1521,Fog,4884,26,31.429661768851883,22.0,24,,1
TRAIN-2465,Texas-Portland,977,Rain,2155,74,67.40936569117436,17.0,4,68.5008356767047,0
TRAIN-2466,Texas-Portland,892,Rain,1874,67,72.78724572220528,15.0,17,83.69153815112213,1
TRAIN-2467,Denver-LA,790,Fog,5862,93,100.88183677202002,23.0,17,73.82376423994829,1
TRAIN-2468,Denver-LA,820,Clear,2255,61,56.658128049335,10.0,24,61.645502299179746,0
TRAIN-2469,Chicago-Seattle,1809,Fog,6028,88,99.01975032220606,18.0,11,76.03417073025975,1
TRAIN-2470,Texas-Portland,1068,Clear,1511,65,62.715431374081874,18.0,23,73.87344331656719,0
TRAIN-2471,Texas-Portland,1617,Clear,2627,73,71.16837126779296,17.0,5,77.27815972146817,0
TRAIN-2472,Denver-LA,1403,Fog,3303,30,33.62512485625398,17.0,18,68.61931778372401,1
TRAIN-2473,Denver-LA,1369,Clear,7354,92,101.56699187253248,12.0,24,70.14216266442281,1
TRAIN-2474,Texas-Portland,1122,Clear,2950,76,78.32905095332333,6.0,27,67.7174862753935,1
TRAIN-2475,Denver-LA,1973,Snow,7887,25,36.58864246168187,11.0,25,94.95048218097489,1
TRAIN-2476,Texas-Portland,1136,Snow,4225,79,91.04373585212036,2.0,23,90.1394094358752,1
TRAIN-2477,Texas-Portland,1464,Clear,4428,41,47.045798190967105,14.0,19,92.19313384681388,1
TRAIN-2478,Texas-Portland,536,Fog,4479,50,58.589142280005944,11.0,28,62.66400452407844,1
TRAIN-2479,Texas-Portland,1817,Snow,5249,76,89.61720212607841,16.0,18,88.7885437688571,1
TRAIN-2480,Texas-Portland,1315,Snow,1736,82,88.35971620406991,23.0,18,79.61666595965016,1
TRAIN-2481,Denver-LA,565,Clear,6221,51,54.688337661983915,5.0,17,73.15648480886195,1
TRAIN-2482,Texas-Portland,1690,Fog,6130,40,50.99379120107172,1.0,4,74.79326186982901,1
TRAIN-2483,Texas-Portland,1401,Snow,3959,65,68.86928326872957,22.0,19,,1
TRAIN-2484,Denver-LA,1461,Rain,5423,80,91.24116757535907,10.0,27,76.6146637563836,1
TRAIN-2485,Texas-Portland,505,Fog,2691,59,59.10018755654557,,11,82.55067601245895,0
TRAIN-2486,Denver-LA,1402,Fog,4783,85,93.1213438695408,9.0,5,72.85786694013457,1
TRAIN-2487,Denver-LA,1032,Rain,7386,48,58.843596924630866,14.0,25,71.3247942007574,1
TRAIN-2488,Texas-Portland,1953,Rain,5221,36,33.413875484966155,1.0,10,65.91119633764642,0
TRAIN-2489,Denver-LA,1085,Snow,1167,85,87.26179058800307,3.0,25,,1
TRAIN-2490,Chicago-Seattle,1545,Rain,6471,27,29.16781033242713,17.0,28,81.91774075350997,1
TRAIN-2491,Texas-Portland,1684,Snow,2769,28,28.30088051714095,2.0,8,74.31986937390457,0
TRAIN-2492,Texas-Portland,930,Rain,1301,43,43.16831205812023,19.0,15,68.05035699581545,0
TRAIN-2493,Chicago-Seattle,1888,Rain,2092,58,55.654908684326244,13.0,20,96.0375858336414,0
TRAIN-2494,Denver-LA,1952,Fog,4474,72,72.92395286647093,12.0,16,70.00529344053867,0
TRAIN-2495,Texas-Portland,929,Rain,7561,82,93.29657837408037,6.0,5,63.688569265890244,1
TRAIN-2496,Chicago-Seattle,819,Fog,3542,25,27.3293008033529,12.0,2,63.832129264805836,1
TRAIN-2497,Texas-Portland,639,Fog,4811,82,88.24326045169583,2.0,17,,1
TRAIN-2498,Texas-Portland,599,Fog,1136,93,93.01712465284564,2.0,22,60.63366117329062,0
TRAIN-2499,Denver-LA,828,Rain,5882,69,79.23913859765739,14.0,9,74.2446630741035,1
TRAIN-2500,Denver-LA,1054,Rain,1097,24,21.54305819363549,21.0,4,91.75064938917154,0
TRAIN-2501,Texas-Portland,1661,Rain,4402,59,69.09818296382963,2.0,24,98.4840962340849,1
TRAIN-2502,Chicago-Seattle,1247,Fog,6238,70,78.87590665911404,10.0,20,97.17501668736305,1
TRAIN-2503,Chicago-Seattle,883,Snow,3950,76,84.63800308603506,2.0,23,71.17356815387676,1
TRAIN-2504,Chicago-Seattle,1091,Clear,1357,37,34.618826138592496,24.0,21,98.9204671203556,0
TRAIN-2505,Denver-LA,1879,Snow,6324,89,102.37807771225094,16.0,27,97.5286921466064,1
TRAIN-2506,Texas-Portland,1122,Clear,2273,85,83.4098207059804,23.0,4,93.4208316091402,0
TRAIN-2507,Denver-LA,906,Clear,5055,38,35.732041670923024,22.0,7,84.93569764313699,0
TRAIN-2508,Chicago-Seattle,1853,Snow,1495,52,54.09354223493509,17.0,1,,1
TRAIN-2509,Chicago-Seattle,1351,Fog,6111,82,91.24012834171658,15.0,11,,1
TRAIN-2510,Chicago-Seattle,617,Rain,3131,57,60.378780701970136,7.0,5,75.47258568369412,1
TRAIN-2511,Texas-Portland,1307,Rain,6662,48,54.505848152446035,14.0,4,,1
TRAIN-2512,Texas-Portland,1480,Rain,7498,66,70.39895614595395,17.0,5,88.55496091469202,1
TRAIN-2513,Chicago-Seattle,730,Clear,4777,75,80.24553764659787,14.0,17,71.93640145531545,1
TRAIN-2514,Chicago-Seattle,549,Snow,1817,27,31.238342335515636,13.0,20,75.46428033056364,1
TRAIN-2515,Texas-Portland,977,Fog,6567,88,95.9915371519244,4.0,13,66.23023457201322,1
TRAIN-2516,Denver-LA,715,Fog,1912,83,86.13912799871807,11.0,21,66.62934495194865,1
TRAIN-2517,Chicago-Seattle,1376,Snow,5771,35,38.087202888214286,21.0,11,96.3367128265509,1
TRAIN-2518,Denver-LA,1991,Snow,2427,62,67.23789949786809,14.0,4,,1
TRAIN-2519,Chicago-Seattle,1568,Fog,7683,24,28.942431246616664,20.0,23,72.65083152641448,1
TRAIN-2520,Chicago-Seattle,640,Clear,3883,37,38.22375583087723,19.0,29,62.65720212341836,0
TRAIN-2521,Denver-LA,531,Fog,5746,68,72.31397539228418,2.0,7,82.1238701601708,1
TRAIN-2522,Chicago-Seattle,1545,Rain,3365,91,88.6507117903494,15.0,18,61.91426488807422,0
TRAIN-2523,Denver-LA,1603,Fog,2717,57,52.19734032370797,1.0,21,,0
TRAIN-2524,Texas-Portland,1686,Clear,4289,35,35.78729067164534,10.0,15,68.40836047635763,0
TRAIN-2525,Chicago-Seattle,1863,Rain,2479,83,82.50840043696611,5.0,18,78.95390134428092,0
TRAIN-2526,Chicago-Seattle,1108,Rain,7811,85,94.83367310915008,22.0,5,70.20591204813428,1
TRAIN-2527,Texas-Portland,1527,Snow,7094,64,77.33018372128645,9.0,23,71.24782888405376,1
TRAIN-2528,Texas-Portland,1995,Snow,2739,66,75.95378222663155,10.0,23,62.650242785736005,1
TRAIN-2529,Texas-Portland,1223,Snow,5431,81,84.26469238905993,20.0,18,99.2866720708618,1
TRAIN-2530,Texas-Portland,1129,Clear,7976,48,59.690395168102526,13.0,1,89.71909532478523,1
TRAIN-2531,Chicago-Seattle,1012,Fog,6578,71,79.78321415852918,,22,63.37814316871066,1
TRAIN-2532,Denver-LA,1938,Rain,2962,80,79.5296217345443,17.0,21,88.90061673742574,0
TRAIN-2533,Chicago-Seattle,1461,Fog,4780,78,85.63495115834976,1.0,27,75.79414231810298,1
TRAIN-2534,Texas-Portland,1436,Snow,6942,29,36.993597683897704,20.0,4,87.91296074733032,1
TRAIN-2535,Chicago-Seattle,1622,Clear,4245,81,83.67199112173206,12.0,22,73.14272659964118,1
TRAIN-2536,Denver-LA,771,Clear,2494,66,70.65984478672337,16.0,27,88.45839151443805,1
TRAIN-2537,Chicago-Seattle,1261,Fog,1285,61,59.231367698754994,13.0,2,62.80665495816831,0
TRAIN-2538,Chicago-Seattle,683,Rain,2916,72,73.78215607379119,11.0,24,97.7268131270876,0
TRAIN-2539,Denver-LA,809,Fog,2335,68,66.27425999722276,13.0,10,94.89330876805872,0
TRAIN-2540,Chicago-Seattle,1479,Fog,6783,73,84.75954065002556,15.0,5,84.67676538679498,1
TRAIN-2541,Texas-Portland,1450,Snow,1064,39,37.36498030141594,23.0,8,66.61652523050259,0
TRAIN-2542,Chicago-Seattle,1631,Fog,6713,27,39.32454437500654,22.0,11,92.66524246098618,1
TRAIN-2543,Denver-LA,857,Snow,6373,72,82.30133072063391,16.0,29,95.00654491755063,1
TRAIN-2544,Texas-Portland,1077,Snow,2755,41,46.11120171115226,19.0,7,79.30933749134206,1
TRAIN-2545,Texas-Portland,1988,Rain,2105,53,51.57091886921715,3.0,9,91.47839008257776,0
TRAIN-2546,Texas-Portland,1160,Fog,6348,24,35.84967999712905,22.0,28,71.07337902241022,1
TRAIN-2547,Texas-Portland,1497,Rain,2547,92,94.42556169039509,2.0,7,64.253750864752,1
TRAIN-2548,Chicago-Seattle,1902,Rain,5581,59,65.15548612394747,17.0,21,64.66932706751447,1
TRAIN-2549,Texas-Portland,784,Fog,6408,46,55.53102344177792,19.0,27,75.46874716095375,1
TRAIN-2550,Chicago-Seattle,728,Clear,2134,74,72.72582833717027,3.0,23,86.31066366523805,0
TRAIN-2551,Denver-LA,1331,Clear,6893,82,88.52493993307438,22.0,16,85.61200803706988,1
TRAIN-2552,Chicago-Seattle,1764,Snow,6616,89,101.03051499611138,6.0,6,63.83398510918698,1
TRAIN-2553,Texas-Portland,1461,Clear,1695,57,55.441123731042076,10.0,17,80.44043950835879,0
TRAIN-2554,Denver-LA,759,Fog,7815,59,66.34961969956086,9.0,6,77.63477423028684,1
TRAIN-2555,Texas-Portland,878,Snow,2766,93,96.73572609835087,1.0,11,60.46243830252769,1
TRAIN-2556,Denver-LA,1475,Fog,3507,61,59.13633199044958,16.0,10,74.46569997484968,0
TRAIN-2557,Chicago-Seattle,1444,Fog,1804,74,70.83698429134147,20.0,14,73.89806188823897,0
TRAIN-2558,Chicago-Seattle,1441,Snow,2296,44,45.89217907713393,6.0,12,74.28684061379643,0
TRAIN-2559,Texas-Portland,1684,Clear,1958,69,67.42648401445871,3.0,6,81.20655072720214,0
TRAIN-2560,Texas-Portland,1605,Clear,6968,88,95.18158602070578,8.0,28,92.2698875570876,1
TRAIN-2561,Chicago-Seattle,642,Clear,3552,63,66.98389416693459,20.0,25,99.03389241139459,1
TRAIN-2562,Texas-Portland,710,Rain,1768,85,87.41999379036541,23.0,7,,1
TRAIN-2563,Texas-Portland,1679,Clear,4443,44,46.69745926291207,16.0,8,89.60646039758706,1
TRAIN-2564,Denver-LA,1922,Fog,7194,29,38.70476389443198,15.0,3,63.956807702142584,1
TRAIN-2565,Texas-Portland,1628,Fog,3187,67,71.73869237767389,18.0,29,85.55261900806568,1
TRAIN-2566,Chicago-Seattle,1959,Rain,1022,52,48.05191800014344,5.0,11,90.52718683680587,0
TRAIN-2567,Texas-Portland,1662,Rain,3878,68,69.73860744955421,14.0,15,71.05968493109476,0
TRAIN-2568,Denver-LA,1740,Clear,1790,26,21.3776412395396,3.0,9,91.24632982623848,0
TRAIN-2569,Denver-LA,1540,Fog,4210,76,78.18140424743184,2.0,11,65.88107879004563,1
TRAIN-2570,Texas-Portland,1978,Clear,2891,31,30.339178577945702,15.0,1,90.77594529210592,0
TRAIN-2571,Denver-LA,1024,Fog,3654,38,43.82956105978337,22.0,11,67.10961355566413,1
TRAIN-2572,Chicago-Seattle,1928,Rain,3669,26,31.213107484786143,11.0,24,69.38699791190896,1
TRAIN-2573,Chicago-Seattle,1323,Clear,5577,27,28.897470406602082,15.0,1,64.68101111762248,0
TRAIN-2574,Chicago-Seattle,1851,Clear,3783,40,37.69484331704688,23.0,28,86.6243855555025,0
TRAIN-2575,Denver-LA,697,Rain,5506,25,24.130565618292238,14.0,18,95.6684247933627,0
TRAIN-2576,Denver-LA,838,Fog,2944,43,47.59854454837739,10.0,29,66.54206908514733,1
TRAIN-2577,Texas-Portland,1834,Fog,2189,43,46.50388083588351,19.0,26,68.41429604147095,1
TRAIN-2578,Texas-Portland,833,Rain,7921,42,54.29880532991452,5.0,13,79.55605114496244,1
TRAIN-2579,Texas-Portland,1239,Clear,7342,27,33.350966361932,10.0,25,60.82417725770573,1
TRAIN-2580,Texas-Portland,1864,Rain,5759,35,42.53666593228036,12.0,21,91.34854114800838,1
TRAIN-2581,Texas-Portland,762,Fog,2693,74,77.71494312010412,13.0,19,67.77919228150557,1
TRAIN-2582,Texas-Portland,1394,Clear,7030,40,48.49134187239787,14.0,25,,1
TRAIN-2583,Denver-LA,1217,Snow,6380,85,100.2742320952515,12.0,28,61.43728829494994,1
TRAIN-2584,Denver-LA,1947,Clear,4807,90,99.8578408682228,7.0,13,93.28188892247707,1
TRAIN-2585,Texas-Portland,1609,Fog,6290,60,63.32990534575704,15.0,12,79.16696729218285,1
TRAIN-2586,Texas-Portland,823,Snow,1185,41,40.359118971051124,10.0,13,67.68421582745947,0
TRAIN-2587,Chicago-Seattle,1591,Fog,4555,70,76.56235634416353,18.0,15,99.72203240553813,1
TRAIN-2588,Texas-Portland,1212,Rain,6003,63,64.66523057286686,22.0,6,76.35468630927596,0
TRAIN-2589,Chicago-Seattle,808,Fog,7578,65,78.25878986762035,10.0,24,85.32237885607816,1
TRAIN-2590,Denver-LA,1633,Fog,1604,94,94.01730543332927,21.0,19,,0
TRAIN-2591,Texas-Portland,1270,Snow,5048,48,57.70700617089667,8.0,25,61.24682206490591,1
TRAIN-2592,Texas-Portland,1664,Rain,2698,35,38.90375215503707,3.0,5,74.34959995864766,1
TRAIN-2593,Texas-Portland,1644,Snow,3598,43,46.285811560898885,10.0,27,93.89509579898527,1
TRAIN-2594,Texas-Portland,1686,Clear,7747,74,86.23606593159185,15.0,16,91.31642368191031,1
TRAIN-2595,Texas-Portland,1517,Clear,3304,89,93.28676225323956,16.0,27,60.48334754113935,1
TRAIN-2596,Texas-Portland,528,Rain,4874,86,91.96368161393686,1.0,9,99.07819510013054,1
TRAIN-2597,Chicago-Seattle,857,Snow,3553,43,54.20689924461001,21.0,23,83.24599114587198,1
TRAIN-2598,Denver-LA,1034,Snow,1967,54,54.186352428515804,17.0,3,91.50392043600458,0
TRAIN-2599,Texas-Portland,749,Clear,5207,82,88.69921164191334,21.0,9,68.81269606262981,1
TRAIN-2600,Texas-Portland,607,Snow,1198,76,80.56468336301111,11.0,11,71.26190450769204,1
TRAIN-2601,Denver-LA,749,Snow,2534,66,66.87742447569863,24.0,19,71.97027188942401,0
TRAIN-2602,Denver-LA,1798,Rain,4725,51,59.99039726543715,2.0,13,77.25531603981115,1
TRAIN-2603,Denver-LA,1501,Fog,7836,69,86.93874997508665,15.0,15,96.80055369846234,1
TRAIN-2604,Denver-LA,1522,Clear,1699,64,63.31265814420501,6.0,26,71.18100049397717,0
TRAIN-2605,Texas-Portland,1860,Fog,4123,93,95.7476151398579,19.0,29,65.85821103576089,1
TRAIN-2606,Denver-LA,1535,Rain,7070,57,63.78429024971441,7.0,1,65.2755215958294,1
TRAIN-2607,Denver-LA,573,Snow,5925,32,51.56715326952127,2.0,18,97.1270925451322,1
TRAIN-2608,Texas-Portland,555,Fog,6688,76,91.19394292824333,19.0,18,97.76140000154544,1
TRAIN-2609,Texas-Portland,1505,Clear,6158,37,43.67392388947131,2.0,22,99.41887461785703,1
TRAIN-2610,Chicago-Seattle,881,Clear,2122,37,34.0255719410739,12.0,19,78.9873789636422,0
TRAIN-2611,Denver-LA,681,Snow,5619,30,42.04313746485256,17.0,6,89.23530945042461,1
TRAIN-2612,Chicago-Seattle,1824,Rain,1838,73,74.56435439336718,17.0,26,90.16357626613181,0
TRAIN-2613,Chicago-Seattle,663,Rain,1182,75,72.94831157635184,18.0,20,86.42318755111293,0
TRAIN-2614,Denver-LA,956,Rain,1448,66,67.3621328215928,2.0,4,93.58715743622312,0
TRAIN-2615,Chicago-Seattle,672,Rain,1986,53,49.61943392317363,21.0,6,90.14622556620338,0
TRAIN-2616,Texas-Portland,1932,Clear,1230,30,28.42831236690995,17.0,14,62.20253724384269,0
TRAIN-2617,Denver-LA,1472,Snow,5821,51,59.81235832543342,22.0,15,67.44832520673575,1
TRAIN-2618,Texas-Portland,1569,Snow,3928,56,67.52231253773967,9.0,13,82.436920939208,1
TRAIN-2619,Texas-Portland,1060,Clear,4002,51,52.65981409577548,11.0,14,87.48203602038623,0
TRAIN-2620,Texas-Portland,1853,Clear,5439,71,74.84160763068265,18.0,22,82.40961316910892,1
TRAIN-2621,Denver-LA,582,Clear,3337,49,53.2789793914382,4.0,25,79.8767360490638,1
TRAIN-2622,Denver-LA,1614,Snow,2572,91,96.96515825696467,1.0,28,92.44276071516045,1
TRAIN-2623,Denver-LA,1990,Clear,1192,70,59.31200717928768,16.0,12,91.92090715513949,0
TRAIN-2624,Texas-Portland,1415,Fog,4723,33,37.258592666803004,17.0,12,74.56050916169075,1
TRAIN-2625,Chicago-Seattle,1619,Fog,2976,48,51.29847178726845,11.0,20,92.28070875193515,1
TRAIN-2626,Chicago-Seattle,1511,Snow,4548,84,96.57000580951633,19.0,20,74.22638788567609,1
TRAIN-2627,Chicago-Seattle,1303,Snow,3652,83,90.3779203291536,10.0,8,74.82507690941353,1
TRAIN-2628,Texas-Portland,1332,Rain,4306,83,85.98193904586378,23.0,10,96.5292052753384,1
TRAIN-2629,Denver-LA,1232,Snow,5953,68,77.56468674817073,18.0,19,83.79832121070075,1
TRAIN-2630,Texas-Portland,573,Rain,4651,76,77.38035118431317,23.0,10,66.00745593387455,0
TRAIN-2631,Denver-LA,1581,Fog,3979,32,31.542361896118702,12.0,29,60.77240613517454,0
TRAIN-2632,Texas-Portland,1279,Snow,5635,73,80.15412913362822,13.0,11,89.24877658815997,1
TRAIN-2633,Texas-Portland,1266,Fog,7202,65,78.43897043780176,7.0,22,91.98881466679836,1
TRAIN-2634,Chicago-Seattle,585,Clear,3829,70,74.67982867194033,10.0,5,89.35190493476682,1
TRAIN-2635,Denver-LA,1218,Snow,2392,88,88.264328057378,12.0,4,98.32811649796274,0
TRAIN-2636,Chicago-Seattle,865,Rain,4526,78,81.4348713848591,6.0,7,73.96585749637354,1
TRAIN-2637,Texas-Portland,946,Snow,6164,41,50.67541450963331,4.0,23,74.82454101509593,1
TRAIN-2638,Texas-Portland,1217,Fog,6356,30,42.294153178954105,14.0,1,69.5974530290041,1
TRAIN-2639,Texas-Portland,594,Clear,7952,56,60.71133986726734,3.0,3,,1
TRAIN-2640,Denver-LA,1293,Clear,5369,28,33.89527157178103,16.0,14,91.06002377597491,1
TRAIN-2641,Denver-LA,1429,Rain,2211,59,56.82917084887223,21.0,6,96.2582435212679,0
TRAIN-2642,Chicago-Seattle,1170,Clear,5271,30,38.30667377499829,24.0,13,63.99922101807945,1
TRAIN-2643,Chicago-Seattle,1597,Rain,2782,54,53.631135486633084,16.0,14,98.54365913387042,0
TRAIN-2644,Chicago-Seattle,571,Snow,3326,27,32.076917062461625,21.0,4,86.62544637722559,1
TRAIN-2645,Texas-Portland,1986,Fog,5476,64,72.5643881505951,23.0,24,66.85762359065454,1
TRAIN-2646,Chicago-Seattle,779,Fog,6741,95,107.9623538812447,16.0,3,97.7407282748288,1
TRAIN-2647,Texas-Portland,992,Snow,1469,65,65.13793750812987,24.0,27,97.09991909785364,0
TRAIN-2648,Chicago-Seattle,1886,Snow,5779,41,45.42058084521586,9.0,16,94.56992962452091,1
TRAIN-2649,Chicago-Seattle,1780,Rain,1213,95,94.48288568511443,18.0,16,94.8875111590726,0
TRAIN-2650,Texas-Portland,1816,Rain,4318,88,95.85857294763399,12.0,14,82.87241653666152,1
TRAIN-2651,Chicago-Seattle,822,Snow,5043,66,76.82997193456973,17.0,12,99.79636909978362,1
TRAIN-2652,Texas-Portland,1926,Snow,4164,90,99.75615386661677,13.0,15,63.15780539254634,1
TRAIN-2653,Chicago-Seattle,1104,Snow,7397,32,42.07543408169087,15.0,4,61.36416377796342,1
TRAIN-2654,Chicago-Seattle,1251,Fog,6765,93,102.81664034628956,10.0,9,78.23649048609133,1
TRAIN-2655,Texas-Portland,941,Clear,4319,49,53.75294039827437,2.0,16,99.3487219717109,1
TRAIN-2656,Texas-Portland,1085,Clear,4774,24,26.228839233486475,9.0,27,85.7924379531917,1
TRAIN-2657,Denver-LA,566,Snow,5152,63,70.05622264526033,9.0,24,,1
TRAIN-2658,Denver-LA,1544,Fog,1477,54,55.31008111879288,16.0,7,70.39752504884942,0
TRAIN-2659,Denver-LA,964,Rain,6350,62,73.36146362760944,13.0,10,,1
TRAIN-2660,Texas-Portland,1597,Snow,2001,86,88.09998432905329,22.0,14,96.25524933460629,1
TRAIN-2661,Chicago-Seattle,1373,Snow,7888,78,89.82725918632859,22.0,8,74.47472327777128,1
TRAIN-2662,Texas-Portland,598,Fog,7541,81,93.84569019373764,1.0,20,94.54670794270075,1
TRAIN-2663,Texas-Portland,1644,Fog,1473,42,36.75660327072082,14.0,8,68.85573349060071,0
TRAIN-2664,Denver-LA,1231,Rain,4880,39,40.50525560811407,21.0,6,60.23198045851116,0
TRAIN-2665,Chicago-Seattle,1173,Snow,5755,42,49.98692635351022,18.0,9,83.97310167710012,1
TRAIN-2666,Chicago-Seattle,1919,Rain,7181,64,73.98195524868137,17.0,29,91.36658525596451,1
TRAIN-2667,Chicago-Seattle,740,Rain,4585,25,27.012401653382046,18.0,22,98.18734778329633,1
TRAIN-2668,Chicago-Seattle,847,Rain,4445,76,78.07364615567987,4.0,19,60.06300885159371,1
TRAIN-2669,Denver-LA,1898,Fog,3787,61,61.686205257566236,9.0,4,70.12213493789439,0
TRAIN-2670,Chicago-Seattle,1487,Clear,2140,62,59.74165322054464,20.0,17,98.57749959660555,0
TRAIN-2671,Texas-Portland,781,Fog,5001,49,55.399891095005486,24.0,10,94.14549250918284,1
TRAIN-2672,Texas-Portland,1894,Snow,6979,63,76.2913594540396,8.0,11,80.28893646656874,1
TRAIN-2673,Denver-LA,1309,Rain,6689,72,83.7203718592788,16.0,19,81.67254255473271,1
TRAIN-2674,Texas-Portland,964,Rain,3493,71,70.62813440653615,3.0,22,62.1162302638237,0
TRAIN-2675,Denver-LA,1361,Clear,3402,95,100.44628257217781,11.0,18,77.76387582583966,1
TRAIN-2676,Denver-LA,1902,Clear,6513,90,97.94474363267412,14.0,8,94.44125994140782,1
TRAIN-2677,Texas-Portland,578,Snow,6331,71,84.86062025529839,13.0,25,95.37069999689973,1
TRAIN-2678,Chicago-Seattle,1974,Snow,4444,24,32.10342063771231,19.0,11,97.10798882170883,1
TRAIN-2679,Chicago-Seattle,800,Rain,6074,77,80.71635111453628,13.0,2,69.20357969482131,1
TRAIN-2680,Texas-Portland,681,Clear,6827,42,44.36073029293293,22.0,9,89.0054107667653,1
TRAIN-2681,Texas-Portland,1567,Snow,2845,71,73.81134334960065,9.0,28,86.2797189178118,1
TRAIN-2682,Chicago-Seattle,879,Clear,4898,76,85.29204534578759,14.0,14,68.28787599108449,1
TRAIN-2683,Chicago-Seattle,1032,Fog,1369,34,28.471082298245914,19.0,10,89.12578742509208,0
TRAIN-2684,Chicago-Seattle,1785,Snow,6261,54,65.46683094262701,21.0,10,74.47537365474412,1
TRAIN-2685,Texas-Portland,1148,Snow,4508,37,45.43338223234832,1.0,26,68.08109880307424,1
TRAIN-2686,Chicago-Seattle,1102,Snow,5810,33,42.90018811852298,17.0,10,83.34813132121327,1
TRAIN-2687,Denver-LA,1239,Clear,4808,67,73.51725085713672,16.0,17,79.34704393819227,1
TRAIN-2688,Chicago-Seattle,1646,Fog,3407,25,26.90543781785035,10.0,3,93.48784819824033,0
TRAIN-2689,Texas-Portland,625,Snow,4451,36,44.8802585507113,1.0,6,80.67348369478869,1
TRAIN-2690,Chicago-Seattle,1731,Rain,7600,66,74.4623599444409,3.0,7,78.9317092985102,1
TRAIN-2691,Texas-Portland,1462,Snow,6525,69,85.11106889166474,18.0,11,74.16586613566732,1
TRAIN-2692,Texas-Portland,827,Snow,4759,48,56.1656161060359,5.0,17,88.54519388102335,1
TRAIN-2693,Denver-LA,1088,Rain,6169,42,48.77803007634026,14.0,1,93.15130443787093,1
TRAIN-2694,Denver-LA,856,Fog,6498,32,36.69273463422262,12.0,1,84.74701882447275,1
TRAIN-2695,Texas-Portland,1685,Clear,5709,68,71.44484709805423,8.0,22,87.09426897728075,1
TRAIN-2696,Denver-LA,1083,Snow,6785,84,101.98401191008432,22.0,9,78.11939790955668,1
TRAIN-2697,Denver-LA,1218,Snow,4084,88,89.06950522321011,20.0,4,95.55004543472593,0
TRAIN-2698,Denver-LA,1019,Fog,1029,27,21.84897264739879,1.0,5,71.32929248487892,0
TRAIN-2699,Texas-Portland,1025,Rain,5825,56,65.22436719740588,13.0,28,63.30058497100754,1
TRAIN-2700,Denver-LA,1933,Snow,4937,84,94.17097968667527,24.0,5,80.34545132423844,1
TRAIN-2701,Chicago-Seattle,1123,Snow,7741,34,47.7572539463322,24.0,2,80.47871592534122,1
TRAIN-2702,Chicago-Seattle,1652,Clear,1432,51,45.48553120695858,18.0,11,82.60554759665132,0
TRAIN-2703,Denver-LA,703,Fog,4607,89,96.12725167390495,23.0,11,69.55883775427202,1
TRAIN-2704,Chicago-Seattle,1076,Clear,5710,76,78.56127146280471,6.0,9,73.94219892414509,1
TRAIN-2705,Texas-Portland,737,Fog,7879,24,38.24936292014804,7.0,21,70.70069591256814,1
TRAIN-2706,Texas-Portland,726,Rain,4828,75,78.02304134003789,12.0,9,62.33517147203605,1
TRAIN-2707,Denver-LA,1642,Rain,2714,93,95.94904611615078,15.0,26,74.24962291247591,1
TRAIN-2708,Texas-Portland,934,Rain,5983,33,36.48044355344995,16.0,5,96.97633814022497,1
TRAIN-2709,Denver-LA,560,Fog,7029,37,47.491289353639516,5.0,14,94.30947895102037,1
TRAIN-2710,Chicago-Seattle,504,Rain,7416,41,49.878236222345016,7.0,8,98.84802885831124,1
TRAIN-2711,Denver-LA,1212,Clear,2140,79,79.06783853612,4.0,16,96.8042215549166,0
TRAIN-2712,Denver-LA,580,Clear,1757,95,93.74626013609839,19.0,3,67.75166091517383,0
TRAIN-2713,Texas-Portland,740,Rain,2467,60,65.57411983056404,21.0,6,92.09095856271085,1
TRAIN-2714,Chicago-Seattle,776,Fog,2782,40,35.78180885950926,1.0,5,91.62522026185223,0
TRAIN-2715,Texas-Portland,1915,Snow,1922,45,49.59216866819822,18.0,18,68.08626686430893,1
TRAIN-2716,Texas-Portland,1153,Rain,4685,42,46.51632756693022,10.0,8,68.40228204143932,1
TRAIN-2717,Chicago-Seattle,1333,Fog,3144,77,78.20560850433915,21.0,7,83.26979310047027,0
TRAIN-2718,Texas-Portland,651,Fog,6436,82,88.93624726845744,17.0,14,,1
TRAIN-2719,Texas-Portland,967,Rain,2171,33,31.944103257485978,23.0,23,91.22639623166125,0
TRAIN-2720,Chicago-Seattle,1320,Snow,3959,26,34.44201327889769,1.0,26,,1
TRAIN-2721,Chicago-Seattle,1124,Clear,5817,48,51.90028390326094,13.0,21,79.45699777511211,1
TRAIN-2722,Denver-LA,1644,Rain,7674,60,72.87189166552054,23.0,11,79.71426586496462,1
TRAIN-2723,Texas-Portland,1229,Snow,5807,45,53.43943010067491,5.0,10,72.71944079817054,1
TRAIN-2724,Texas-Portland,985,Rain,7643,40,53.80807244625469,24.0,12,68.35705361250166,1
TRAIN-2725,Texas-Portland,1302,Clear,5667,62,63.28057180786127,16.0,8,84.57029487135,0
TRAIN-2726,Texas-Portland,1124,Rain,7691,58,66.86763123349365,9.0,6,76.46969994206923,1
TRAIN-2727,Chicago-Seattle,1235,Snow,6795,89,101.79184484159617,11.0,16,69.34662475787803,1
TRAIN-2728,Texas-Portland,1003,Fog,6183,90,96.93395538747794,13.0,3,66.83203369506765,1
TRAIN-2729,Texas-Portland,1356,Rain,6238,79,93.53261972882876,21.0,21,66.713684811876,1
TRAIN-2730,Denver-LA,1613,Snow,4372,68,74.3831067062744,23.0,4,84.06736557546137,1
TRAIN-2731,Chicago-Seattle,1959,Snow,5590,58,63.14341978094537,10.0,10,64.38381139847368,1
TRAIN-2732,Chicago-Seattle,505,Rain,5281,25,29.06229419465084,12.0,26,63.08158245867222,1
TRAIN-2733,Denver-LA,1976,Rain,4392,25,29.655372731852452,20.0,10,60.51027116962912,1
TRAIN-2734,Texas-Portland,500,Rain,7842,63,72.10450768144293,10.0,8,93.47035206849112,1
TRAIN-2735,Texas-Portland,857,Fog,5815,83,94.07969182413596,17.0,21,80.10577558141144,1
TRAIN-2736,Denver-LA,1798,Clear,7574,45,52.28898761912917,22.0,3,72.13119968007302,1
TRAIN-2737,Denver-LA,971,Snow,3297,41,42.39399100048356,9.0,12,98.13149761778774,0
TRAIN-2738,Texas-Portland,1393,Fog,5335,57,63.91131304413602,,13,80.26657666266074,1
TRAIN-2739,Texas-Portland,1040,Rain,4221,89,93.96935552497713,16.0,25,62.63382756689921,1
TRAIN-2740,Texas-Portland,1031,Fog,2344,58,57.14361691590835,7.0,6,86.78531304081051,0
TRAIN-2741,Chicago-Seattle,1551,Snow,6909,76,89.5081204414105,5.0,17,70.99936536378219,1
TRAIN-2742,Denver-LA,585,Fog,4752,43,50.71638675484539,7.0,23,77.1649270043792,1
TRAIN-2743,Texas-Portland,651,Snow,3103,81,84.52056429190544,1.0,1,76.09276631322959,1
TRAIN-2744,Chicago-Seattle,846,Fog,2850,54,56.39360932784551,15.0,28,89.85675948386762,1
TRAIN-2745,Chicago-Seattle,788,Fog,2850,48,52.99163415622699,5.0,7,61.54631694667772,1
TRAIN-2746,Chicago-Seattle,1308,Snow,6217,65,76.05388664432662,11.0,29,65.06462879237725,1
TRAIN-2747,Texas-Portland,1336,Snow,5001,48,56.78348412037446,16.0,14,66.74160384256483,1
TRAIN-2748,Denver-LA,1287,Snow,1934,37,45.23970556158728,1.0,21,79.24350544870143,1
TRAIN-2749,Denver-LA,1795,Fog,7761,73,74.90604895359739,2.0,5,86.02111094421501,0
TRAIN-2750,Texas-Portland,1381,Clear,5841,86,89.17498686627644,6.0,17,82.01851413259038,1
TRAIN-2751,Denver-LA,1123,Snow,5719,73,83.59696209885624,1.0,13,66.39984354024548,1
TRAIN-2752,Chicago-Seattle,1547,Snow,3107,75,80.13887368221059,15.0,21,89.83838878931479,1
TRAIN-2753,Texas-Portland,1997,Rain,6136,48,49.14505772635673,18.0,4,89.07312900802981,0
TRAIN-2754,Texas-Portland,529,Clear,7958,66,77.58559979721639,3.0,1,75.99826619240415,1
TRAIN-2755,Chicago-Seattle,1632,Snow,1446,42,38.193637743057366,11.0,15,90.50045063011919,0
TRAIN-2756,Denver-LA,638,Rain,7581,83,96.28050257125325,21.0,27,64.17921042916157,1
TRAIN-2757,Texas-Portland,854,Clear,5901,36,48.50551820512413,13.0,8,70.94239619648008,1
TRAIN-2758,Texas-Portland,1150,Fog,5340,85,94.62852036006745,7.0,26,77.8727151913814,1
TRAIN-2759,Chicago-Seattle,1844,Clear,3465,64,66.7772240490458,18.0,27,80.21270725099626,1
TRAIN-2760,Chicago-Seattle,771,Fog,5887,81,88.31999583313564,3.0,10,66.26119875431297,1
TRAIN-2761,Denver-LA,1208,Rain,2307,95,97.74593914755008,1.0,22,82.5538854540599,1
TRAIN-2762,Denver-LA,1463,Clear,7573,85,94.7180893363913,19.0,18,74.29217804753263,1
TRAIN-2763,Denver-LA,605,Fog,2300,62,58.325234877969905,3.0,24,65.2204230888085,0
TRAIN-2764,Denver-LA,502,Rain,7191,72,81.85211318204095,24.0,2,92.30302873866957,1
TRAIN-2765,Chicago-Seattle,1658,Snow,5998,30,44.45017881804241,12.0,11,80.71476952972841,1
TRAIN-2766,Texas-Portland,937,Rain,6913,62,68.96282574148518,15.0,11,98.3901610468173,1
TRAIN-2767,Chicago-Seattle,1695,Rain,3567,29,30.724912074567797,18.0,7,75.69001723637429,0
TRAIN-2768,Texas-Portland,533,Rain,6081,78,88.30676423426137,9.0,15,68.26080191992165,1
TRAIN-2769,Denver-LA,1295,Fog,1370,80,81.889897908568,6.0,13,67.7277152414779,0
TRAIN-2770,Texas-Portland,1360,Rain,5082,51,53.40573849844619,6.0,2,91.22408128611906,1
TRAIN-2771,Denver-LA,725,Snow,1109,44,41.96216542650709,16.0,2,86.69982142442167,0
TRAIN-2772,Denver-LA,1779,Fog,3660,47,48.66826191248886,17.0,17,80.02667662981752,0
TRAIN-2773,Chicago-Seattle,1334,Rain,2291,50,53.686302965320905,,16,70.24087692744368,1
TRAIN-2774,Chicago-Seattle,918,Snow,1903,74,73.39489152706464,23.0,7,92.91527365266447,0
TRAIN-2775,Texas-Portland,517,Rain,2322,37,44.13232436119684,7.0,21,69.61007239520347,1
TRAIN-2776,Texas-Portland,537,Clear,1241,84,81.15402134787139,5.0,24,72.85769878873568,0
TRAIN-2777,Denver-LA,1680,Clear,4121,70,68.79335669249915,,14,84.76458291816479,0
TRAIN-2778,Denver-LA,1407,Snow,6816,73,78.3537962524046,7.0,1,94.48407853809896,1
TRAIN-2779,Texas-Portland,1917,Fog,6806,68,78.88313023043901,,24,95.31888657814036,1
TRAIN-2780,Chicago-Seattle,1126,Clear,6594,25,29.535216949167054,4.0,12,,1
TRAIN-2781,Chicago-Seattle,1754,Fog,1224,65,66.71890506329247,23.0,29,78.50081833040117,0
TRAIN-2782,Denver-LA,1694,Snow,2882,91,103.69766003666638,5.0,11,84.6711210694197,1
TRAIN-2783,Chicago-Seattle,1513,Rain,6447,67,70.911488635232,13.0,1,87.05891074480157,1
TRAIN-2784,Texas-Portland,1577,Rain,7809,63,79.72863558143138,12.0,21,69.119173333775,1
TRAIN-2785,Texas-Portland,907,Fog,6792,50,55.25731811682593,5.0,11,91.90965746266819,1
TRAIN-2786,Denver-LA,833,Fog,1825,35,36.261323302043834,18.0,7,74.74948401190595,0
TRAIN-2787,Chicago-Seattle,1701,Rain,6591,71,82.69957516745944,5.0,19,83.22042278106073,1
TRAIN-2788,Denver-LA,1525,Fog,5090,83,90.16878493696662,10.0,17,91.4984348384866,1
TRAIN-2789,Texas-Portland,1960,Snow,2969,41,43.809338048574176,2.0,27,62.64158870855168,1
TRAIN-2790,Chicago-Seattle,982,Snow,2754,45,57.898433071605126,5.0,17,68.34885685688226,1
TRAIN-2791,Denver-LA,728,Clear,1946,91,88.09054606566703,13.0,9,79.60914742332112,0
TRAIN-2792,Texas-Portland,952,Snow,2124,50,51.96624901647709,19.0,2,69.49152193578001,0
TRAIN-2793,Chicago-Seattle,1272,Rain,4729,63,70.93034410272243,,4,99.03995544491835,1
TRAIN-2794,Chicago-Seattle,1492,Fog,6534,56,68.72291659640307,24.0,16,83.2042012562863,1
TRAIN-2795,Chicago-Seattle,895,Snow,7381,67,79.60798204581347,20.0,23,92.08560988084278,1
TRAIN-2796,Chicago-Seattle,1192,Rain,4113,49,54.52275796322508,1.0,5,60.25289067484887,1
TRAIN-2797,Chicago-Seattle,654,Fog,3856,49,51.4541734487825,18.0,26,74.86035285328538,1
TRAIN-2798,Denver-LA,1614,Fog,3896,91,101.24412713588217,24.0,25,75.0873029691898,1
TRAIN-2799,Chicago-Seattle,542,Fog,1111,25,24.9810625164971,14.0,24,64.1745567496299,0
TRAIN-2800,Texas-Portland,671,Fog,3803,73,76.75572194026742,8.0,24,76.07869287651248,1
TRAIN-2801,Denver-LA,1774,Fog,6668,93,110.23649737788635,11.0,28,80.4909337958279,1
TRAIN-2802,Denver-LA,1791,Snow,2574,34,33.81876352572805,2.0,2,60.61179536325873,0
TRAIN-2803,Texas-Portland,1922,Fog,1193,31,26.697354648393855,18.0,19,71.3106407297324,0
TRAIN-2804,Texas-Portland,1301,Fog,1340,62,58.77303167808227,12.0,13,75.11246627127858,0
TRAIN-2805,Texas-Portland,900,Snow,1359,33,29.798497814111755,17.0,1,99.03523231921608,0
TRAIN-2806,Chicago-Seattle,950,Rain,1973,81,75.74143994578014,15.0,8,69.0580407641305,0
TRAIN-2807,Texas-Portland,1281,Rain,4329,24,33.325517111105334,14.0,3,76.3403324331121,1
TRAIN-2808,Chicago-Seattle,703,Snow,4145,73,77.27386428972613,19.0,24,81.82231357235509,1
TRAIN-2809,Denver-LA,604,Snow,5924,61,73.82141672943632,1.0,7,65.67461163395149,1
TRAIN-2810,Chicago-Seattle,579,Snow,3860,49,53.85494741714033,5.0,7,70.56839923467669,1
TRAIN-2811,Denver-LA,1601,Snow,4056,29,37.50853239330688,13.0,7,67.60466945215958,1
TRAIN-2812,Denver-LA,758,Rain,3008,63,63.041454052593956,17.0,23,99.11846352058373,0
TRAIN-2813,Texas-Portland,1632,Rain,4778,50,51.720668433727795,22.0,1,85.9961252633304,0
TRAIN-2814,Chicago-Seattle,1724,Snow,7082,32,47.61074813874316,8.0,11,99.29714819943271,1
TRAIN-2815,Denver-LA,1704,Fog,4446,59,59.56851411138553,17.0,10,60.509649036033856,0
TRAIN-2816,Denver-LA,977,Clear,3464,48,46.24465396480472,1.0,13,83.30745556350178,0
TRAIN-2817,Chicago-Seattle,828,Clear,5673,53,59.45252444525861,12.0,19,93.20465383482806,1
TRAIN-2818,Denver-LA,871,Clear,1245,29,27.725533784795935,3.0,21,,0
TRAIN-2819,Chicago-Seattle,1502,Rain,2189,30,34.25861882706499,,4,80.18397643344808,1
TRAIN-2820,Chicago-Seattle,964,Rain,1810,40,42.74877132239223,15.0,17,,1
TRAIN-2821,Denver-LA,1404,Clear,7845,52,61.086853983603056,8.0,29,70.09422561675711,1
TRAIN-2822,Chicago-Seattle,913,Clear,6083,85,88.49776586630686,20.0,3,,1
TRAIN-2823,Texas-Portland,929,Clear,4023,70,71.115339966638,13.0,23,78.49467969973011,0
TRAIN-2824,Texas-Portland,673,Fog,6675,94,102.85032422122477,14.0,20,78.00128104044,1
TRAIN-2825,Chicago-Seattle,967,Fog,1922,74,79.10568055466268,6.0,24,89.88305476345553,1
TRAIN-2826,Denver-LA,1011,Snow,1754,92,94.44120635831572,21.0,11,92.2361437848164,1
TRAIN-2827,Denver-LA,1101,Fog,1547,55,52.330848884278495,9.0,22,85.4325807068058,0
TRAIN-2828,Texas-Portland,1778,Fog,6149,39,46.278174213776104,8.0,2,62.813718823553295,1
TRAIN-2829,Chicago-Seattle,1719,Clear,6517,93,104.3622085370796,19.0,14,,1
TRAIN-2830,Texas-Portland,847,Clear,5464,28,34.34650655985694,19.0,16,74.59919124588411,1
TRAIN-2831,Texas-Portland,1759,Rain,1447,30,32.2997843823496,18.0,25,99.18934957111026,1
TRAIN-2832,Chicago-Seattle,1020,Clear,2604,57,55.80633971190376,14.0,1,77.13783729181492,0
TRAIN-2833,Denver-LA,976,Snow,4545,31,37.774633162290286,7.0,12,87.6266485858229,1
TRAIN-2834,Denver-LA,539,Fog,2298,32,33.70883335169208,5.0,14,84.37100297132972,0
TRAIN-2835,Chicago-Seattle,863,Snow,7182,60,67.62717980098711,4.0,11,62.2966018487845,1
TRAIN-2836,Denver-LA,542,Rain,5258,71,77.94258836170536,2.0,22,77.23128988643353,1
TRAIN-2837,Chicago-Seattle,973,Rain,5171,75,81.24807091835928,17.0,13,88.70668757931955,1
TRAIN-2838,Denver-LA,1029,Snow,6188,43,54.810821941825864,3.0,19,92.7698553771637,1
TRAIN-2839,Chicago-Seattle,611,Snow,1393,28,27.72475459559448,18.0,8,78.89491954276335,0
TRAIN-2840,Denver-LA,713,Clear,4873,80,82.01494256976649,1.0,28,91.44992484875694,1
TRAIN-2841,Texas-Portland,925,Snow,2192,46,51.85546362128632,7.0,26,68.40945500957724,1
TRAIN-2842,Denver-LA,1252,Fog,4713,48,50.9533208377889,5.0,11,64.95838500082668,1
TRAIN-2843,Denver-LA,1456,Clear,3376,82,81.59208070459603,8.0,28,82.09611376458165,0
TRAIN-2844,Chicago-Seattle,794,Rain,1007,66,60.792580110064925,11.0,23,98.39956144716331,0
TRAIN-2845,Texas-Portland,1878,Snow,2557,34,35.28339162096093,18.0,8,77.18251097557969,0
TRAIN-2846,Texas-Portland,1809,Snow,4384,28,34.92752099120314,1.0,12,73.72456053484395,1
TRAIN-2847,Denver-LA,923,Snow,6773,38,49.16932989805685,22.0,17,92.38177748676365,1
TRAIN-2848,Chicago-Seattle,775,Fog,1424,72,78.5685485001953,14.0,23,71.03933050676778,1
TRAIN-2849,Denver-LA,1341,Clear,1763,83,85.9984466199088,10.0,12,,1
TRAIN-2850,Chicago-Seattle,1698,Rain,3790,41,44.35757155955993,24.0,8,66.45937123232937,1
TRAIN-2851,Texas-Portland,1929,Fog,3885,80,81.71329768376663,20.0,10,92.68169710611255,0
TRAIN-2852,Denver-LA,1412,Clear,4138,83,79.72075682689719,10.0,27,77.93339766570494,0
TRAIN-2853,Chicago-Seattle,1851,Snow,1388,80,81.05022468192335,20.0,12,82.83269011264044,0
TRAIN-2854,Chicago-Seattle,603,Fog,2723,61,61.69281825854286,15.0,4,71.14641728200355,0
TRAIN-2855,Denver-LA,1826,Fog,1514,31,32.80627515284975,,15,97.65528591080287,0
TRAIN-2856,Texas-Portland,1523,Fog,2462,52,48.30060941805569,14.0,9,89.08476447419179,0
TRAIN-2857,Chicago-Seattle,1956,Snow,1436,89,92.25271705431544,23.0,12,86.71690485594807,1
TRAIN-2858,Chicago-Seattle,1838,Fog,4510,65,70.47886637730124,6.0,23,60.88909685217096,1
TRAIN-2859,Denver-LA,1539,Clear,1831,92,89.59870751429202,24.0,17,78.68443283221534,0
TRAIN-2860,Chicago-Seattle,1484,Snow,5148,32,40.40819082447993,5.0,10,84.53596699976785,1
TRAIN-2861,Chicago-Seattle,647,Clear,7179,36,42.71297497557511,3.0,7,61.95660655595567,1
TRAIN-2862,Texas-Portland,988,Fog,5190,95,101.45521671190158,3.0,25,71.28603454780509,1
TRAIN-2863,Texas-Portland,1713,Rain,3276,73,69.40560772541643,4.0,3,85.87707280758195,0
TRAIN-2864,Chicago-Seattle,1588,Clear,2313,49,47.400347632500285,3.0,23,66.95813635680226,0
TRAIN-2865,Denver-LA,834,Clear,2700,59,60.54645695423263,22.0,4,67.95448580279968,0
TRAIN-2866,Texas-Portland,1323,Rain,7630,88,96.1276629947502,19.0,11,82.1692029049227,1
TRAIN-2867,Texas-Portland,861,Fog,4354,44,49.24123902244306,8.0,7,91.48572090269388,1
TRAIN-2868,Texas-Portland,1836,Clear,5081,66,70.47842271042977,3.0,20,64.47014911344036,1
TRAIN-2869,Texas-Portland,1869,Fog,2313,72,72.98828304471978,10.0,7,72.92033140698669,0
TRAIN-2870,Denver-LA,1976,Clear,7854,42,51.083340847893545,23.0,15,80.06067526236237,1
TRAIN-2871,Chicago-Seattle,902,Rain,7576,69,81.57570575802171,19.0,1,97.07745029475072,1
TRAIN-2872,Denver-LA,643,Clear,7238,31,38.34230605458983,22.0,10,77.89298467273203,1
TRAIN-2873,Texas-Portland,1166,Clear,1176,57,51.38413579864798,2.0,11,68.54899818334081,0
TRAIN-2874,Chicago-Seattle,1685,Fog,3847,93,95.6893466289458,8.0,16,65.99953182660445,1
TRAIN-2875,Texas-Portland,1563,Clear,1171,74,73.01768208543538,18.0,26,66.57598220859478,0
TRAIN-2876,Chicago-Seattle,653,Snow,3111,30,29.301660192114888,20.0,1,65.35178524104681,0
TRAIN-2877,Denver-LA,598,Rain,4845,70,75.1034755176872,18.0,14,88.22570186406999,1
TRAIN-2878,Chicago-Seattle,1830,Fog,1110,86,86.91466130729772,2.0,24,90.70547206679126,0
TRAIN-2879,Chicago-Seattle,1731,Clear,5457,73,76.41968388205873,4.0,13,83.79559815626193,1
TRAIN-2880,Chicago-Seattle,1457,Clear,1832,76,72.87176636810594,17.0,3,87.86722056755269,0
TRAIN-2881,Denver-LA,699,Snow,3615,77,78.63075905795276,10.0,15,84.88999118066256,0
TRAIN-2882,Denver-LA,1826,Snow,5781,74,81.06639976170179,1.0,2,,1
TRAIN-2883,Denver-LA,922,Clear,1006,37,26.66286701564728,14.0,2,81.06206887048293,0
TRAIN-2884,Denver-LA,1986,Rain,4290,75,74.64161229148202,13.0,22,74.19003956139936,0
TRAIN-2885,Chicago-Seattle,1340,Fog,5265,26,37.920139809790854,1.0,22,64.93630019223,1
TRAIN-2886,Texas-Portland,1221,Snow,7578,33,44.24585987004609,23.0,6,69.87186433342583,1
TRAIN-2887,Denver-LA,1588,Rain,1128,76,69.76687947513382,23.0,25,77.81211928876087,0
TRAIN-2888,Denver-LA,1677,Rain,1950,26,27.65010638465709,2.0,1,63.64534587938634,0
TRAIN-2889,Denver-LA,1398,Fog,4921,43,47.32863055267308,6.0,4,96.23849728130699,1
TRAIN-2890,Denver-LA,1554,Clear,1186,59,51.16953193624901,18.0,9,85.33923255861727,0
TRAIN-2891,Denver-LA,1506,Clear,6330,91,102.88022108085741,19.0,15,95.25239074338207,1
TRAIN-2892,Texas-Portland,908,Clear,3980,68,63.28260584268794,3.0,28,75.89794045436724,0
TRAIN-2893,Denver-LA,1331,Rain,6276,35,43.51341015888754,1.0,19,98.49815749286299,1
TRAIN-2894,Denver-LA,1459,Clear,1773,53,45.44023569210898,15.0,21,70.28076339549798,0
TRAIN-2895,Chicago-Seattle,1986,Clear,7002,51,58.78880620791815,16.0,29,90.9726077845867,1
TRAIN-2896,Texas-Portland,1399,Clear,3634,77,78.66779342072803,2.0,24,60.12366148636368,0
TRAIN-2897,Chicago-Seattle,1328,Rain,7438,95,105.27094270427916,14.0,24,82.51217557584678,1
TRAIN-2898,Denver-LA,1388,Snow,6626,27,40.7198901034983,15.0,27,90.65420569716208,1
TRAIN-2899,Texas-Portland,598,Snow,1898,61,65.81536969235349,19.0,26,95.15304997522617,1
TRAIN-2900,Chicago-Seattle,1372,Snow,2269,86,87.14410964011026,24.0,29,63.8978786838878,0
TRAIN-2901,Chicago-Seattle,980,Snow,5064,43,56.00633933241389,21.0,17,99.75179779971018,1
TRAIN-2902,Texas-Portland,1865,Clear,7261,69,79.61413443113575,14.0,15,75.36399566976655,1
TRAIN-2903,Denver-LA,1604,Rain,7750,61,70.34196595961765,24.0,17,73.93184058878387,1
TRAIN-2904,Texas-Portland,752,Snow,4856,77,89.9563350563727,10.0,14,91.75326733418412,1
TRAIN-2905,Chicago-Seattle,1678,Snow,7308,67,80.7007037584342,2.0,6,66.81285014158873,1
TRAIN-2906,Denver-LA,1991,Snow,6910,45,58.23814070733909,19.0,23,67.88325080704911,1
TRAIN-2907,Chicago-Seattle,930,Rain,7974,51,58.843705222000665,11.0,2,89.50191986409521,1
TRAIN-2908,Denver-LA,1486,Snow,7357,84,98.10283752607737,13.0,17,60.86504410252544,1
TRAIN-2909,Denver-LA,758,Snow,2783,51,56.318613793513535,8.0,16,92.399578274263,1
TRAIN-2910,Chicago-Seattle,1506,Fog,6226,58,67.51052510142284,24.0,19,75.62290927651493,1
TRAIN-2911,Texas-Portland,1595,Rain,2728,35,40.47948590253983,8.0,9,70.92357632283277,1
TRAIN-2912,Texas-Portland,706,Fog,7270,34,47.20139083814419,18.0,2,83.26543372690395,1
TRAIN-2913,Texas-Portland,1462,Snow,6062,94,108.70362550631224,3.0,28,73.90729227328524,1
TRAIN-2914,Texas-Portland,1642,Fog,4808,65,76.33717879273482,2.0,20,77.88306466796897,1
TRAIN-2915,Chicago-Seattle,848,Snow,1627,47,46.63215054133846,8.0,6,95.71011261239121,0
TRAIN-2916,Denver-LA,720,Rain,7145,72,77.9583959131687,6.0,5,88.7614406295355,1
TRAIN-2917,Denver-LA,1556,Clear,3324,78,79.26689158500024,13.0,28,98.25034083142862,0
TRAIN-2918,Texas-Portland,1325,Snow,7284,40,49.03050554217247,19.0,7,71.230007857116,1
TRAIN-2919,Texas-Portland,1180,Snow,6471,85,89.46878326940796,5.0,19,97.76563546286444,1
TRAIN-2920,Chicago-Seattle,569,Snow,1351,62,68.242631293502,22.0,20,83.53982090140839,1
TRAIN-2921,Chicago-Seattle,956,Rain,7838,45,53.3625597860369,4.0,8,91.80870335106935,1
TRAIN-2922,Denver-LA,962,Snow,7141,47,61.180431262389675,17.0,8,73.80718593689964,1
TRAIN-2923,Chicago-Seattle,1012,Clear,6359,93,103.74143692050689,2.0,26,83.42789530843106,1
TRAIN-2924,Chicago-Seattle,1337,Snow,6340,70,88.37809560758072,7.0,23,70.52175001391507,1
TRAIN-2925,Chicago-Seattle,992,Clear,2665,80,72.85812164028142,2.0,9,75.76746450822458,0
TRAIN-2926,Chicago-Seattle,679,Snow,6739,26,38.93651443264279,3.0,2,72.44375982573452,1
TRAIN-2927,Denver-LA,1997,Snow,6614,74,86.4101970804584,23.0,26,68.6372563595747,1
TRAIN-2928,Chicago-Seattle,1212,Rain,4494,77,77.8776005171738,12.0,5,89.95381043142525,0
TRAIN-2929,Texas-Portland,1507,Clear,7012,88,98.64017004322514,22.0,22,92.51887879626769,1
TRAIN-2930,Chicago-Seattle,1053,Fog,5151,28,40.056303060747815,21.0,17,82.5295717373454,1
TRAIN-2931,Chicago-Seattle,633,Clear,3141,26,22.476995757056763,15.0,13,83.65508136011975,0
TRAIN-2932,Chicago-Seattle,1113,Rain,1857,60,56.20096421151891,23.0,9,85.25221174503841,0
TRAIN-2933,Denver-LA,1554,Fog,2946,25,25.598947169802983,4.0,12,68.2954603774125,0
TRAIN-2934,Denver-LA,1049,Clear,2141,68,63.12265650394197,2.0,8,86.95298926705912,0
TRAIN-2935,Denver-LA,1956,Rain,4193,85,92.69206129276743,10.0,13,85.3265044816152,1
TRAIN-2936,Texas-Portland,1985,Rain,1628,74,67.38126933056219,22.0,4,93.15329739707235,0
TRAIN-2937,Chicago-Seattle,1450,Fog,4824,30,32.40116916876744,18.0,2,,1
TRAIN-2938,Texas-Portland,1942,Rain,1715,27,29.37220315759431,24.0,27,68.88392655147543,1
TRAIN-2939,Denver-LA,879,Clear,5340,39,43.020438304804,20.0,11,64.64747411485679,1
TRAIN-2940,Texas-Portland,1283,Clear,4906,36,44.021635348419906,2.0,27,86.98645141986854,1
TRAIN-2941,Denver-LA,774,Rain,1775,45,44.0271966120674,6.0,22,94.80589108629255,0
TRAIN-2942,Chicago-Seattle,904,Fog,7483,33,44.322574267661174,2.0,20,71.58783744804883,1
TRAIN-2943,Denver-LA,665,Clear,1450,79,77.43743334308608,3.0,24,95.23173924891212,0
TRAIN-2944,Texas-Portland,814,Clear,5960,56,63.02498420092271,1.0,15,96.72718040798725,1
TRAIN-2945,Texas-Portland,1607,Clear,7643,88,91.2981494623172,16.0,17,99.12062850599342,1
TRAIN-2946,Chicago-Seattle,975,Rain,7153,32,35.18515686277429,23.0,1,82.14624450575138,1
TRAIN-2947,Chicago-Seattle,1615,Clear,4464,77,77.46926169882623,15.0,22,,0
TRAIN-2948,Texas-Portland,591,Fog,1086,39,35.92324172466792,11.0,5,65.12155744637022,0
TRAIN-2949,Chicago-Seattle,1636,Fog,5268,63,68.63837159503403,18.0,22,78.46466194258673,1
TRAIN-2950,Denver-LA,1941,Clear,2082,53,49.51405701057615,19.0,3,85.86451936086806,0
TRAIN-2951,Chicago-Seattle,1081,Rain,7222,78,88.47576470273401,9.0,20,68.71032798850206,1
TRAIN-2952,Chicago-Seattle,585,Rain,3541,78,81.96501412350808,8.0,18,61.17156109651157,1
TRAIN-2953,Chicago-Seattle,1787,Fog,3580,32,34.52187927198324,8.0,4,93.8795806548421,1
TRAIN-2954,Texas-Portland,1143,Clear,3044,79,77.02431297736555,20.0,7,69.02116474677564,0
TRAIN-2955,Texas-Portland,1271,Snow,5559,44,51.17592826671765,17.0,11,74.65387150067751,1
TRAIN-2956,Denver-LA,1099,Snow,5417,49,57.51531777622026,15.0,15,81.10712135297108,1
TRAIN-2957,Denver-LA,1329,Rain,6108,66,75.49745818043894,7.0,9,60.663004500647745,1
TRAIN-2958,Texas-Portland,687,Rain,7207,46,57.86633495879578,19.0,15,70.22964780307751,1
TRAIN-2959,Chicago-Seattle,646,Clear,1767,34,26.09643054844454,20.0,27,85.80437507135287,0
TRAIN-2960,Chicago-Seattle,1102,Snow,2988,52,53.3262814467392,11.0,7,99.38277070955863,0
TRAIN-2961,Denver-LA,509,Snow,7074,89,102.61141983674457,15.0,10,74.39111595577825,1
TRAIN-2962,Denver-LA,1999,Fog,6232,90,92.03481598121688,,5,65.55394778549113,1
TRAIN-2963,Texas-Portland,518,Snow,7178,32,48.23749709073209,20.0,29,94.4959375307055,1
TRAIN-2964,Texas-Portland,886,Clear,1789,83,79.37812811532186,7.0,12,99.1259908190192,0
TRAIN-2965,Chicago-Seattle,922,Clear,5020,69,81.28144492328568,18.0,27,88.77516786564183,1
TRAIN-2966,Texas-Portland,673,Clear,4257,72,71.24231204352805,21.0,7,68.00833730095061,0
TRAIN-2967,Denver-LA,1781,Clear,5319,89,90.16481008553883,24.0,5,75.9659023434371,0
TRAIN-2968,Chicago-Seattle,614,Rain,6134,64,69.9022134233371,1.0,11,,1
TRAIN-2969,Chicago-Seattle,1449,Clear,1712,49,42.6559517573785,6.0,3,73.69809608038744,0
TRAIN-2970,Denver-LA,1657,Fog,4621,42,46.569353209829515,2.0,27,78.4143533356119,1
TRAIN-2971,Chicago-Seattle,1293,Clear,4291,87,90.30113795636086,8.0,20,93.98515901347969,1
TRAIN-2972,Denver-LA,1461,Clear,7857,95,101.66970241729443,10.0,6,62.03916764844249,1
TRAIN-2973,Chicago-Seattle,1218,Clear,7402,41,48.26773950869132,11.0,15,95.95453181446766,1
TRAIN-2974,Texas-Portland,756,Clear,5896,82,86.76201569192025,8.0,17,62.065155907169306,1
TRAIN-2975,Denver-LA,1554,Snow,2324,88,92.01285460842466,24.0,7,97.78757293323122,1
TRAIN-2976,Texas-Portland,1583,Rain,3506,68,68.18742971607612,20.0,10,61.46655590680652,0
TRAIN-2977,Chicago-Seattle,1716,Clear,1007,54,51.794679345220146,10.0,6,68.32658844605767,0
TRAIN-2978,Denver-LA,852,Fog,4753,78,79.45786322612001,10.0,3,88.65840504174233,0
TRAIN-2979,Denver-LA,722,Rain,1339,27,25.631860560761414,7.0,28,64.05463169091053,0
TRAIN-2980,Denver-LA,542,Rain,6242,62,74.11470649225122,3.0,21,97.21260641634089,1
TRAIN-2981,Chicago-Seattle,1027,Snow,1281,82,83.56146163961593,,13,76.88244467056391,0
TRAIN-2982,Denver-LA,753,Clear,4147,60,58.500405683892865,14.0,8,99.95392107910908,0
TRAIN-2983,Denver-LA,963,Clear,6487,61,60.94546676557016,3.0,2,63.02457015950402,0
TRAIN-2984,Texas-Portland,1352,Snow,5136,81,89.37146065138361,15.0,2,79.40121389807766,1
TRAIN-2985,Chicago-Seattle,1951,Rain,4514,54,59.934095687889325,17.0,5,88.55948560534074,1
TRAIN-2986,Texas-Portland,1428,Snow,7835,26,36.96213168861609,6.0,1,90.5027852583448,1
TRAIN-2987,Texas-Portland,593,Clear,2134,66,61.34222242273998,13.0,8,67.4118189111959,0
TRAIN-2988,Texas-Portland,621,Snow,2916,95,98.13059342715589,18.0,4,,1
TRAIN-2989,Denver-LA,647,Snow,6719,84,99.51284789869642,4.0,26,70.34891150298695,1
TRAIN-2990,Texas-Portland,1639,Fog,3047,49,52.72090745516776,5.0,2,99.14025939967792,1
TRAIN-2991,Texas-Portland,1654,Fog,5226,74,84.28884642725893,14.0,1,68.94142148065615,1
TRAIN-2992,Chicago-Seattle,1285,Rain,1257,56,49.8781400819054,15.0,14,81.05913271678476,0
TRAIN-2993,Denver-LA,1660,Snow,5633,45,56.998748300430954,7.0,28,88.05246600840793,1
TRAIN-2994,Texas-Portland,1455,Clear,5962,57,66.53775154070485,24.0,22,78.08909197728087,1
TRAIN-2995,Denver-LA,663,Snow,6844,71,83.35511333452078,1.0,11,85.73138688034209,1
TRAIN-2996,Denver-LA,1632,Snow,5983,42,52.675136334272814,3.0,1,,1
TRAIN-2997,Denver-LA,785,Snow,7267,73,83.98447718384604,7.0,3,88.8635711760407,1
TRAIN-2998,Texas-Portland,1931,Rain,3989,56,53.37765013948037,8.0,12,91.0714645446099,0
TRAIN-2999,Texas-Portland,919,Clear,2053,25,24.370990066544437,9.0,9,75.39993521884271,0
TRAIN-3000,Denver-LA,1825,Clear,1779,68,66.24003617003727,20.0,27,88.40138871850263,0
TRAIN-3001,Chicago-Seattle,1521,Rain,5142,73,79.12499092382643,6.0,7,89.84848608231617,1
TRAIN-3002,Denver-LA,969,Snow,2719,37,40.6823106416645,21.0,29,69.30170992936206,1
TRAIN-3003,Chicago-Seattle,604,Fog,2704,72,75.53766765321487,10.0,8,60.5279339507538,1
TRAIN-3004,Texas-Portland,770,Fog,6813,65,80.14672311403683,16.0,24,77.66857317793651,1
TRAIN-3005,Denver-LA,1551,Clear,1714,62,58.91176387985447,6.0,19,75.19570902790133,0
TRAIN-3006,Denver-LA,1623,Snow,1418,27,26.0032613209469,7.0,12,65.09924382438257,0
TRAIN-3007,Chicago-Seattle,890,Rain,2161,46,43.49070293933154,3.0,21,66.52570990342278,0
TRAIN-3008,Denver-LA,1453,Fog,7017,55,61.402732124498684,22.0,15,84.45701559675632,1
TRAIN-3009,Texas-Portland,1659,Fog,7847,51,60.08454870068268,10.0,6,88.61578113288024,1
TRAIN-3010,Chicago-Seattle,1502,Rain,4929,71,77.67508831139865,2.0,4,83.84171811951978,1
TRAIN-3011,Texas-Portland,848,Rain,5165,90,89.14399998320633,14.0,15,93.89777283658142,0
TRAIN-3012,Chicago-Seattle,1993,Clear,7208,27,32.421425656582514,2.0,27,83.90847865730328,1
TRAIN-3013,Chicago-Seattle,1572,Rain,3893,74,74.01050987196098,16.0,2,76.38836517771,0
TRAIN-3014,Chicago-Seattle,1035,Rain,4300,58,58.53874437952893,22.0,7,68.30529722517531,0
TRAIN-3015,Denver-LA,1206,Rain,3806,58,58.77811380620704,22.0,11,75.5671555222345,0
TRAIN-3016,Chicago-Seattle,1568,Snow,1700,94,93.06545235913848,18.0,6,85.36623509920972,0
TRAIN-3017,Chicago-Seattle,689,Clear,2847,41,33.63598235610931,11.0,6,79.18793597622603,0
TRAIN-3018,Texas-Portland,1712,Fog,2320,46,41.592350612782546,18.0,27,80.22014237219646,0
TRAIN-3019,Texas-Portland,1300,Clear,1957,43,41.99603824865639,5.0,22,91.59512910926118,0
TRAIN-3020,Chicago-Seattle,1873,Snow,3020,60,63.55544237839339,3.0,29,80.99130861461447,1
TRAIN-3021,Denver-LA,1125,Rain,2739,58,62.754404712034535,7.0,16,65.46114064629845,1
TRAIN-3022,Chicago-Seattle,1183,Rain,2945,36,35.07687286456591,23.0,13,67.33014755758714,0
TRAIN-3023,Chicago-Seattle,1357,Rain,3500,75,72.70740615007699,18.0,17,,0
TRAIN-3024,Texas-Portland,760,Snow,3013,77,84.01206754929648,10.0,28,75.92335501434309,1
TRAIN-3025,Denver-LA,1708,Clear,4934,83,88.50582472742214,11.0,14,79.8790253113594,1
TRAIN-3026,Denver-LA,1149,Fog,1026,52,49.59536173011401,13.0,7,64.7585116192351,0
TRAIN-3027,Chicago-Seattle,1288,Fog,2564,40,47.31961974216059,2.0,12,,1
TRAIN-3028,Denver-LA,1392,Clear,6725,34,39.65259892043711,11.0,6,85.12045389778666,1
TRAIN-3029,Denver-LA,540,Snow,4855,68,76.78716526060067,13.0,9,61.08558171429001,1
TRAIN-3030,Texas-Portland,1028,Snow,7020,77,93.31850605100392,22.0,22,69.91316284189816,1
TRAIN-3031,Chicago-Seattle,575,Rain,7244,38,48.58106439802976,19.0,23,60.114112364196174,1
TRAIN-3032,Denver-LA,948,Rain,6978,42,55.16840477846257,22.0,8,86.60537228997163,1
TRAIN-3033,Texas-Portland,1301,Snow,6481,52,65.84394398559095,9.0,15,95.11468417788252,1
TRAIN-3034,Chicago-Seattle,1084,Rain,1421,73,70.59093218270472,8.0,1,85.16223005113117,0
TRAIN-3035,Texas-Portland,857,Fog,5406,38,44.65354397812972,3.0,18,63.32069680459953,1
TRAIN-3036,Texas-Portland,1866,Snow,7632,41,58.91347620071443,8.0,28,73.07951411425992,1
TRAIN-3037,Chicago-Seattle,1652,Fog,4335,90,95.35538314607692,3.0,20,78.42651302342787,1
TRAIN-3038,Chicago-Seattle,1739,Clear,1032,75,74.30669236424342,1.0,27,65.33210616957018,0
TRAIN-3039,Denver-LA,1814,Clear,3506,55,57.07722867170422,10.0,17,61.10776369905997,1
TRAIN-3040,Texas-Portland,1531,Clear,5673,45,53.755358219326766,1.0,3,78.71246289062948,1
TRAIN-3041,Chicago-Seattle,736,Fog,1398,51,47.511186703033246,13.0,1,85.69441241569501,0
TRAIN-3042,Texas-Portland,1183,Rain,1352,70,67.43401102434754,10.0,29,67.1011278393774,0
TRAIN-3043,Chicago-Seattle,759,Rain,5087,35,43.949039616496485,12.0,21,86.54189862445817,1
TRAIN-3044,Denver-LA,1945,Clear,6125,61,67.66739606648503,23.0,28,87.29149363433876,1
TRAIN-3045,Chicago-Seattle,1072,Clear,5131,49,46.11749238510869,6.0,3,75.9665998081248,0
TRAIN-3046,Chicago-Seattle,1907,Fog,2883,70,70.59651280661313,21.0,11,64.37971577080887,0
TRAIN-3047,Chicago-Seattle,679,Clear,6450,71,71.45920298437254,12.0,6,,0
TRAIN-3048,Chicago-Seattle,1161,Snow,7897,58,72.79306527746763,22.0,24,67.07885144092151,1
TRAIN-3049,Texas-Portland,1224,Snow,4118,63,70.02720011678649,21.0,15,79.02503131309851,1
TRAIN-3050,Denver-LA,1129,Rain,4603,24,24.511561026381955,20.0,5,76.95863481141522,0
TRAIN-3051,Texas-Portland,1581,Clear,3761,92,93.38146597348734,23.0,19,97.66224899183331,0
TRAIN-3052,Chicago-Seattle,1213,Fog,3882,76,79.77264853090043,6.0,22,71.61394381428047,1
TRAIN-3053,Texas-Portland,1003,Clear,3114,51,54.91102604145128,4.0,6,,1
TRAIN-3054,Denver-LA,1131,Clear,6026,53,64.56286132682926,11.0,24,66.93238467386932,1
TRAIN-3055,Denver-LA,1296,Snow,3298,72,76.81395605652564,12.0,14,92.95593280419985,1
TRAIN-3056,Chicago-Seattle,1412,Fog,6133,68,76.5577272295687,22.0,2,62.61163641765069,1
TRAIN-3057,Texas-Portland,1150,Rain,6929,39,47.66140254183978,20.0,13,78.08125566141037,1
TRAIN-3058,Chicago-Seattle,1667,Fog,3673,64,73.8058464319267,16.0,28,91.01873938582327,1
TRAIN-3059,Chicago-Seattle,1776,Fog,2818,47,56.32630967900876,19.0,21,89.3918014223284,1
TRAIN-3060,Denver-LA,1050,Clear,6247,88,95.56680218467983,11.0,12,76.6719635431914,1
TRAIN-3061,Denver-LA,866,Fog,7983,53,64.41512445220305,2.0,26,71.7818124116812,1
TRAIN-3062,Texas-Portland,1282,Rain,6690,83,96.99776520728203,22.0,26,88.1581453462362,1
TRAIN-3063,Denver-LA,1703,Clear,1176,44,45.062003783857065,1.0,27,68.23874117789333,0
TRAIN-3064,Chicago-Seattle,1731,Snow,4622,88,90.4629876623776,7.0,26,79.5594778384048,1
TRAIN-3065,Chicago-Seattle,785,Clear,1807,74,71.87835811585859,18.0,6,98.77492182926454,0
TRAIN-3066,Texas-Portland,1981,Snow,6164,54,67.2190946770933,15.0,21,90.1449391409844,1
TRAIN-3067,Chicago-Seattle,1002,Fog,6895,84,97.08295286686959,15.0,26,98.84352286773888,1
TRAIN-3068,Texas-Portland,1140,Fog,5735,44,47.4498107783659,14.0,9,79.63419534416116,1
TRAIN-3069,Denver-LA,1059,Rain,2170,61,65.412134937527,17.0,29,99.32480132665992,1
TRAIN-3070,Denver-LA,1588,Rain,3343,79,82.76896477432025,13.0,17,61.36804924627058,1
TRAIN-3071,Texas-Portland,1375,Snow,6045,61,76.25167679345861,7.0,24,65.31977970348215,1
TRAIN-3072,Chicago-Seattle,1557,Snow,4126,32,41.24992980132568,11.0,21,98.77552389500352,1
TRAIN-3073,Chicago-Seattle,1762,Rain,5307,60,67.37582661075658,16.0,6,79.55377533087352,1
TRAIN-3074,Chicago-Seattle,544,Fog,7409,47,60.161171645565,24.0,12,84.09021753192455,1
TRAIN-3075,Denver-LA,911,Snow,4242,61,68.04197470601777,6.0,3,73.06574467040569,1
TRAIN-3076,Chicago-Seattle,1481,Clear,3608,85,83.27691274194488,18.0,8,73.04348544396403,0
TRAIN-3077,Denver-LA,1436,Snow,2201,68,72.57432546322318,,25,79.58725852552782,1
TRAIN-3078,Chicago-Seattle,1463,Fog,2576,44,51.01723760746729,11.0,20,83.01343321097269,1
TRAIN-3079,Denver-LA,1799,Snow,1790,50,56.163850023670626,7.0,20,67.65828704191712,1
TRAIN-3080,Texas-Portland,865,Fog,4446,24,28.475471950371585,18.0,3,71.7045627367866,1
TRAIN-3081,Texas-Portland,966,Rain,1445,53,51.07632318332798,19.0,7,70.38627829950079,0
TRAIN-3082,Texas-Portland,1556,Fog,2413,57,59.53034877266838,11.0,23,64.04332877219854,1
TRAIN-3083,Chicago-Seattle,1329,Snow,4721,25,34.060089855317784,,12,70.86467129447453,1
TRAIN-3084,Chicago-Seattle,1489,Clear,2369,36,37.07571020996808,22.0,12,88.24320156146601,0
TRAIN-3085,Chicago-Seattle,802,Snow,4417,79,87.28665377415547,2.0,10,82.5387151287799,1
TRAIN-3086,Chicago-Seattle,1588,Rain,5864,26,32.3597499736545,4.0,8,64.56315831707374,1
TRAIN-3087,Denver-LA,1661,Snow,5444,67,72.10021177434228,2.0,23,97.82782992038427,1
TRAIN-3088,Texas-Portland,1406,Fog,4407,73,78.50480871006553,10.0,26,61.36527498246158,1
TRAIN-3089,Texas-Portland,972,Snow,3913,54,62.41448550591124,14.0,21,62.36101601529372,1
TRAIN-3090,Texas-Portland,837,Fog,6697,70,83.35499993108715,4.0,19,65.70218880924395,1
TRAIN-3091,Denver-LA,1038,Fog,3712,35,39.83125592051322,23.0,24,69.22368088509644,1
TRAIN-3092,Texas-Portland,862,Snow,7913,32,51.96204134678341,12.0,15,91.54388449763152,1
TRAIN-3093,Texas-Portland,1669,Fog,3948,63,70.50269971705605,18.0,22,69.98375747304543,1
TRAIN-3094,Chicago-Seattle,1243,Snow,3614,42,51.51415225693072,23.0,28,65.37810967332639,1
TRAIN-3095,Denver-LA,949,Clear,1207,72,64.29573133763895,10.0,22,75.71371797265331,0
TRAIN-3096,Chicago-Seattle,1591,Fog,3474,86,87.66043727936363,14.0,1,79.26042013268791,0
TRAIN-3097,Texas-Portland,1800,Snow,3346,64,74.97551383132118,9.0,18,,1
TRAIN-3098,Denver-LA,887,Clear,7356,52,62.69395534731089,4.0,18,82.38651315924548,1
TRAIN-3099,Denver-LA,1389,Clear,7841,45,54.38175152577143,7.0,7,,1
TRAIN-3100,Denver-LA,514,Clear,1442,71,64.0301403426543,22.0,18,96.5090955768136,0
TRAIN-3101,Chicago-Seattle,594,Fog,3139,88,90.2824653681138,3.0,19,71.28189516333745,1
TRAIN-3102,Chicago-Seattle,1357,Snow,2145,43,41.6485682745967,17.0,22,98.77743754307724,0
TRAIN-3103,Denver-LA,565,Rain,1777,86,78.56926087697543,5.0,11,87.84764371255125,0
TRAIN-3104,Chicago-Seattle,929,Fog,3290,54,54.1149055014115,20.0,1,90.14072408616713,0
TRAIN-3105,Texas-Portland,1635,Fog,5052,87,93.83908011202799,12.0,3,98.91866509015675,1
TRAIN-3106,Denver-LA,808,Fog,2349,44,45.74845742578761,20.0,19,68.57292141386628,0
TRAIN-3107,Texas-Portland,1041,Clear,5124,58,65.8481408036809,13.0,29,85.82042390521454,1
TRAIN-3108,Texas-Portland,919,Snow,1282,29,30.340579126112264,21.0,16,60.24562052118296,0
TRAIN-3109,Chicago-Seattle,983,Fog,3331,61,61.76913393836571,10.0,18,99.24477805322194,0
TRAIN-3110,Denver-LA,1246,Clear,2761,80,82.1245453573549,22.0,26,84.60630800305859,1
TRAIN-3111,Texas-Portland,865,Fog,4001,39,43.738392898341196,20.0,26,88.93171218775673,1
TRAIN-3112,Chicago-Seattle,1701,Rain,4097,95,98.22162487058822,,28,65.24063250877357,1
TRAIN-3113,Denver-LA,1953,Snow,1073,35,35.08863850804224,17.0,8,,0
TRAIN-3114,Chicago-Seattle,812,Snow,7658,39,58.69874001598839,4.0,21,83.7983585271484,1
TRAIN-3115,Texas-Portland,897,Snow,6923,89,102.02188462432899,23.0,28,97.9953170864398,1
TRAIN-3116,Texas-Portland,1074,Fog,5671,71,82.5850043647493,9.0,23,97.84886028398509,1
TRAIN-3117,Denver-LA,1096,Fog,3358,71,78.81669407204146,10.0,13,85.44991114371072,1
TRAIN-3118,Texas-Portland,1109,Rain,4076,35,42.58960788368597,22.0,1,91.56387473380916,1
TRAIN-3119,Texas-Portland,1383,Clear,6360,91,96.6065080315442,14.0,23,64.34191635202288,1
TRAIN-3120,Texas-Portland,990,Clear,5939,34,39.110444192709515,10.0,13,90.99084472522696,1
TRAIN-3121,Denver-LA,1926,Rain,4796,25,30.624567910860193,14.0,19,,1
TRAIN-3122,Texas-Portland,834,Rain,3490,90,94.35806433523194,14.0,12,82.80977770983044,1
TRAIN-3123,Texas-Portland,1082,Clear,2577,81,81.87173890518228,17.0,20,85.12464494193071,0
TRAIN-3124,Chicago-Seattle,774,Snow,2990,78,84.04215998742782,22.0,25,64.89539831697064,1
TRAIN-3125,Chicago-Seattle,1694,Clear,3470,93,89.03014953167057,4.0,12,95.97604610000673,0
TRAIN-3126,Texas-Portland,910,Clear,3989,64,65.50129079919752,7.0,12,83.4548334259212,0
TRAIN-3127,Texas-Portland,940,Rain,3344,59,59.2359899207694,2.0,21,62.74844189560121,0
TRAIN-3128,Chicago-Seattle,803,Snow,3624,86,93.53629226206432,8.0,3,84.62408184366595,1
TRAIN-3129,Denver-LA,1106,Rain,1782,55,51.49060155060964,9.0,2,63.85677246301846,0
TRAIN-3130,Chicago-Seattle,521,Snow,4035,59,69.47672534980548,7.0,16,84.53811632246237,1
TRAIN-3131,Texas-Portland,1800,Fog,1763,26,22.85980287742523,1.0,17,76.14292089104718,0
TRAIN-3132,Denver-LA,924,Clear,7672,56,62.99888393689186,5.0,12,79.9615827454554,1
TRAIN-3133,Denver-LA,938,Clear,3604,28,33.781803549299056,18.0,27,68.39901313024073,1
TRAIN-3134,Chicago-Seattle,1277,Fog,3454,74,73.3606273706113,18.0,9,62.305440583300516,0
TRAIN-3135,Texas-Portland,1752,Rain,7414,63,71.13335986831402,5.0,12,64.75362167742402,1
TRAIN-3136,Denver-LA,561,Fog,1558,89,83.88149608296918,6.0,14,86.96335650665014,0
TRAIN-3137,Chicago-Seattle,1979,Clear,3647,32,32.351889193570045,19.0,17,63.69977517546195,0
TRAIN-3138,Texas-Portland,941,Rain,7886,91,110.47623209247746,20.0,28,69.49544921461448,1
TRAIN-3139,Texas-Portland,1618,Snow,5027,66,75.79097901873178,15.0,10,66.08963481874022,1
TRAIN-3140,Denver-LA,1127,Snow,5574,68,76.31247195189121,8.0,19,83.40612811702314,1
TRAIN-3141,Texas-Portland,677,Rain,6843,84,93.02719427335636,3.0,13,79.98222737319617,1
TRAIN-3142,Chicago-Seattle,1626,Rain,3924,60,64.03334915193903,15.0,3,75.16395544678477,1
TRAIN-3143,Texas-Portland,953,Snow,1422,84,87.30798707347327,2.0,16,93.98063631785502,1
TRAIN-3144,Chicago-Seattle,738,Rain,1823,59,60.39883853958887,12.0,21,93.95673407822792,0
TRAIN-3145,Denver-LA,1707,Clear,2960,31,27.09976091416207,6.0,8,77.22957053336285,0
TRAIN-3146,Chicago-Seattle,1126,Snow,2868,71,72.3625056249269,20.0,27,70.22954335070666,0
TRAIN-3147,Denver-LA,1575,Fog,3595,37,39.02209840173832,5.0,20,61.98000478828166,1
TRAIN-3148,Texas-Portland,1698,Clear,7124,76,83.91054059889822,19.0,13,84.3780249624261,1
TRAIN-3149,Chicago-Seattle,1420,Clear,3780,72,71.51842438048247,24.0,21,75.00135556185842,0
TRAIN-3150,Chicago-Seattle,1397,Clear,5530,55,58.988662408855035,20.0,11,98.45047785314424,1
TRAIN-3151,Denver-LA,1315,Fog,7918,92,102.94377647983819,4.0,26,85.32648340482852,1
TRAIN-3152,Denver-LA,677,Fog,5509,66,73.96176936528968,19.0,18,73.70567881198427,1
TRAIN-3153,Denver-LA,1205,Rain,6982,59,67.38120477516264,16.0,26,81.57396673752243,1
TRAIN-3154,Texas-Portland,1340,Rain,4505,29,36.79334372513172,15.0,17,70.4904986154067,1
TRAIN-3155,Chicago-Seattle,1202,Clear,6690,47,54.00767317483949,16.0,6,63.232776862744224,1
TRAIN-3156,Denver-LA,1117,Fog,1547,29,31.52074109972375,22.0,28,73.13080158036782,1
TRAIN-3157,Texas-Portland,1232,Rain,6158,41,47.13605792606694,19.0,3,97.70173311787082,1
TRAIN-3158,Texas-Portland,953,Snow,2312,50,57.11641595165813,23.0,7,75.10123882005988,1
TRAIN-3159,Texas-Portland,536,Snow,7671,63,79.7630951498347,11.0,17,88.8083723279556,1
TRAIN-3160,Chicago-Seattle,1965,Clear,2254,50,47.20872797852803,16.0,7,92.19343027034357,0
TRAIN-3161,Texas-Portland,1859,Fog,5251,58,71.12956107318826,8.0,25,,1
TRAIN-3162,Texas-Portland,1207,Rain,2821,73,74.06859426476768,13.0,7,88.8506930905998,0
TRAIN-3163,Chicago-Seattle,1764,Fog,1696,34,33.63633764779063,7.0,2,64.50663129013289,0
TRAIN-3164,Chicago-Seattle,1340,Rain,4420,45,55.9122259620093,7.0,9,,1
TRAIN-3165,Denver-LA,1030,Fog,1307,59,53.594812819868835,19.0,4,85.1195928760589,0
TRAIN-3166,Denver-LA,640,Snow,7528,28,42.866815657169745,19.0,16,70.24542967529965,1
TRAIN-3167,Chicago-Seattle,1976,Snow,6224,70,76.11313974702644,11.0,13,74.03251855774673,1
TRAIN-3168,Chicago-Seattle,1668,Rain,2502,93,95.93106787656843,12.0,10,60.037295467701696,1
TRAIN-3169,Texas-Portland,694,Fog,4791,65,66.4127639348229,12.0,16,87.36943507538479,0
TRAIN-3170,Denver-LA,1688,Snow,3579,88,91.14649044026025,19.0,1,62.01300022270495,1
TRAIN-3171,Texas-Portland,1575,Snow,1678,56,58.03873808988051,11.0,23,85.48499579104046,1
TRAIN-3172,Texas-Portland,1652,Fog,4407,70,76.21771036154175,8.0,16,61.954786288794,1
TRAIN-3173,Denver-LA,1187,Rain,3165,35,40.64922080641117,4.0,19,81.76451453076574,1
TRAIN-3174,Denver-LA,1947,Rain,7027,44,52.59379740679969,2.0,7,80.86398281035316,1
TRAIN-3175,Texas-Portland,1845,Rain,2346,37,35.599440232312496,7.0,3,94.7192040702988,0
TRAIN-3176,Chicago-Seattle,500,Fog,1793,38,35.40968825510994,2.0,14,77.8126419245506,0
TRAIN-3177,Denver-LA,1967,Clear,1110,84,70.9955109543256,16.0,11,73.46763917233095,0
TRAIN-3178,Denver-LA,1800,Fog,4404,74,76.38837657220526,19.0,2,99.56014857424549,1
TRAIN-3179,Chicago-Seattle,1355,Clear,4141,77,78.11389753146742,,9,81.10833377323658,0
TRAIN-3180,Chicago-Seattle,946,Snow,2882,90,99.71642546566439,5.0,28,98.85803035079815,1
TRAIN-3181,Texas-Portland,1514,Fog,5109,32,43.606843895965056,22.0,16,66.6601536068295,1
TRAIN-3182,Chicago-Seattle,1544,Rain,3635,81,82.55642417208021,19.0,10,94.65327313552692,0
TRAIN-3183,Chicago-Seattle,1692,Fog,2176,93,89.39662646437813,4.0,10,77.3131885431666,0
TRAIN-3184,Texas-Portland,1345,Rain,4960,71,76.5955494054394,19.0,17,72.6842057576211,1
TRAIN-3185,Texas-Portland,706,Clear,2237,35,35.07528955244,19.0,13,95.37459977566613,0
TRAIN-3186,Denver-LA,1222,Snow,2609,91,93.28920310129057,3.0,17,78.65067522533602,1
TRAIN-3187,Chicago-Seattle,725,Fog,6189,30,43.30352635760561,5.0,22,93.29230828929215,1
TRAIN-3188,Denver-LA,1752,Rain,2557,75,75.21653246655438,22.0,3,66.10681432149083,0
TRAIN-3189,Chicago-Seattle,1833,Rain,4079,62,64.57468774604064,22.0,2,89.8814546251343,1
TRAIN-3190,Chicago-Seattle,1230,Snow,7947,42,49.70112236638012,1.0,5,73.04474564212745,1
TRAIN-3191,Chicago-Seattle,1434,Fog,4337,87,92.62408591665162,1.0,27,87.57018800346621,1
TRAIN-3192,Chicago-Seattle,867,Clear,3342,39,35.18032933147435,20.0,8,67.54098040461562,0
TRAIN-3193,Chicago-Seattle,710,Rain,3269,71,83.37917057060056,12.0,13,69.45120230076084,1
TRAIN-3194,Chicago-Seattle,883,Fog,2804,76,77.90925454409147,2.0,11,61.41437808285807,0
TRAIN-3195,Texas-Portland,646,Fog,2905,33,39.1606724646066,1.0,27,73.49059780993372,1
TRAIN-3196,Chicago-Seattle,1133,Rain,1414,93,87.74789899336066,6.0,7,89.74340638350915,0
TRAIN-3197,Denver-LA,749,Clear,3883,92,87.77119032984837,10.0,3,61.301615069851614,0
TRAIN-3198,Chicago-Seattle,616,Snow,6854,83,99.89145847472271,15.0,15,74.89509817161994,1
TRAIN-3199,Denver-LA,704,Rain,6917,35,41.35822068249144,14.0,7,85.10098357216243,1
TRAIN-3200,Chicago-Seattle,1792,Clear,6706,87,88.80008688564915,17.0,6,86.9112093715296,0
TRAIN-3201,Chicago-Seattle,1077,Fog,1939,47,47.30496077380058,18.0,22,87.97870579435863,0
TRAIN-3202,Denver-LA,1906,Snow,2655,55,61.82181368276078,24.0,12,,1
TRAIN-3203,Texas-Portland,1569,Rain,1848,90,88.91911230936194,17.0,3,75.83515457435233,0
TRAIN-3204,Texas-Portland,1069,Clear,1740,28,24.19126864629932,20.0,20,88.94572004259484,0
TRAIN-3205,Chicago-Seattle,1501,Rain,4405,49,49.43683937046096,12.0,8,70.61368885912304,0
TRAIN-3206,Texas-Portland,1310,Snow,5001,34,43.817732453408205,6.0,28,96.32664339611665,1
TRAIN-3207,Texas-Portland,1685,Fog,3571,60,66.60588040329505,7.0,2,82.94384453578272,1
TRAIN-3208,Texas-Portland,1137,Rain,2050,83,82.23534069994805,7.0,28,89.50706337235125,0
TRAIN-3209,Chicago-Seattle,920,Rain,2243,78,73.43784265547136,1.0,3,90.87445605787833,0
TRAIN-3210,Chicago-Seattle,1575,Rain,2990,66,68.22715022784332,16.0,4,95.10509233327934,1
TRAIN-3211,Chicago-Seattle,1213,Fog,5934,86,95.48678061321424,24.0,4,77.79327723374101,1
TRAIN-3212,Denver-LA,1534,Clear,2326,77,79.29185679127994,12.0,16,89.81083688079347,1
TRAIN-3213,Denver-LA,1903,Snow,5899,45,54.21141507441867,14.0,9,91.05595801961191,1
TRAIN-3214,Chicago-Seattle,505,Clear,7203,94,105.99891354296531,23.0,3,71.25712503566828,1
TRAIN-3215,Texas-Portland,1878,Snow,1714,47,42.67305911006994,7.0,6,78.25577705577813,0
TRAIN-3216,Denver-LA,1812,Fog,3733,57,59.84685833994635,4.0,23,65.09678459852077,1
TRAIN-3217,Texas-Portland,1295,Fog,6265,74,81.86041647237613,2.0,20,77.32404385618398,1
TRAIN-3218,Texas-Portland,675,Fog,4962,69,77.43425036771069,17.0,9,96.63363293341686,1
TRAIN-3219,Chicago-Seattle,1364,Fog,1727,77,81.90264356034153,3.0,27,78.66839817200555,1
TRAIN-3220,Chicago-Seattle,635,Fog,4143,88,94.02313978908141,7.0,13,87.46043107632367,1
TRAIN-3221,Denver-LA,528,Snow,6331,62,74.83683385303961,2.0,29,88.05267934297052,1
TRAIN-3222,Denver-LA,1419,Snow,6521,25,32.19954645599903,18.0,3,75.0890273100049,1
TRAIN-3223,Texas-Portland,1603,Clear,4383,94,97.72757123902113,18.0,25,93.71487507869132,1
TRAIN-3224,Chicago-Seattle,885,Rain,5051,62,66.78423493917217,18.0,13,71.69019913946656,1
TRAIN-3225,Chicago-Seattle,1414,Snow,3817,63,71.3745511164611,10.0,17,71.94718436135447,1
TRAIN-3226,Chicago-Seattle,1584,Rain,4578,39,43.24186632196451,21.0,25,87.96809797543321,1
TRAIN-3227,Chicago-Seattle,1342,Rain,6919,54,62.385915973340445,21.0,19,65.08091154452956,1
TRAIN-3228,Texas-Portland,897,Snow,1106,24,32.39160362896592,20.0,25,93.30887962439614,1
TRAIN-3229,Denver-LA,1107,Fog,2540,48,49.5212721340876,,18,91.63869362827634,0
TRAIN-3230,Denver-LA,1620,Fog,2088,70,73.27178005793797,7.0,9,87.5686648916371,1
TRAIN-3231,Denver-LA,1468,Fog,3951,73,79.46626312470617,,11,76.88761487441738,1
TRAIN-3232,Denver-LA,843,Snow,3796,69,69.31335798877919,16.0,10,73.56910208352986,0
TRAIN-3233,Texas-Portland,1682,Fog,2032,50,46.51026084815922,7.0,2,71.0923701488453,0
TRAIN-3234,Texas-Portland,874,Snow,7204,39,47.42428014513461,3.0,11,88.14607218716138,1
TRAIN-3235,Denver-LA,1468,Snow,5884,42,56.53359493835443,13.0,1,64.36278710955202,1
TRAIN-3236,Texas-Portland,1976,Fog,3822,46,53.04046714740594,22.0,21,82.29306824689735,1
TRAIN-3237,Denver-LA,1944,Rain,3536,35,42.78653891179391,14.0,23,,1
TRAIN-3238,Denver-LA,1166,Clear,1098,91,89.3205095711922,9.0,1,76.75298422897532,0
TRAIN-3239,Chicago-Seattle,1539,Rain,7792,51,59.6910195844368,15.0,27,65.65733276543507,1
TRAIN-3240,Chicago-Seattle,735,Fog,2018,44,44.594542655366645,9.0,26,82.79470260921049,0
TRAIN-3241,Texas-Portland,805,Rain,4094,56,57.07338819219883,4.0,7,94.28996021315245,0
TRAIN-3242,Chicago-Seattle,1153,Fog,2742,64,62.73821447886211,16.0,16,73.72180605962221,0
TRAIN-3243,Chicago-Seattle,1319,Snow,3800,52,58.57651423558736,5.0,15,72.5493596005537,1
TRAIN-3244,Texas-Portland,972,Fog,5586,82,86.76992521619965,9.0,9,96.61628851235676,1
TRAIN-3245,Texas-Portland,1112,Fog,2137,44,48.43624423170331,19.0,24,74.72326833728945,1
TRAIN-3246,Denver-LA,1027,Rain,1734,33,36.54780515080573,4.0,27,91.2826306738406,1
TRAIN-3247,Denver-LA,1712,Rain,6921,29,39.974397727007826,22.0,7,73.42833765577518,1
TRAIN-3248,Texas-Portland,1200,Rain,3286,70,67.05964498415173,9.0,3,63.873389337587014,0
TRAIN-3249,Texas-Portland,775,Clear,4196,50,50.584658850571905,21.0,2,90.97298692518746,0
TRAIN-3250,Denver-LA,1536,Clear,7355,80,91.58069307919723,19.0,12,64.31236517625754,1
TRAIN-3251,Texas-Portland,969,Fog,4176,50,54.08909776434136,23.0,11,83.59201043871171,1
TRAIN-3252,Texas-Portland,1558,Snow,2931,24,29.1290860093116,6.0,9,60.123476729113435,1
TRAIN-3253,Chicago-Seattle,1335,Clear,3860,95,95.85304028404028,12.0,28,88.08472269635365,0
TRAIN-3254,Texas-Portland,583,Snow,1975,41,43.12419175741465,22.0,17,86.02532702577368,1
TRAIN-3255,Denver-LA,637,Rain,6175,34,47.51498660774773,4.0,19,69.10672666909139,1
TRAIN-3256,Texas-Portland,1169,Rain,1207,93,85.38527470973379,24.0,7,69.57295633882377,0
TRAIN-3257,Denver-LA,1071,Clear,2197,51,53.57321592822975,6.0,26,87.14954640483523,1
TRAIN-3258,Chicago-Seattle,1014,Fog,4149,74,78.8646216439191,7.0,21,65.80323085818797,1
TRAIN-3259,Chicago-Seattle,1026,Fog,2599,29,28.905961486888916,20.0,9,73.3913971997458,0
TRAIN-3260,Texas-Portland,669,Fog,1573,64,64.77419031877211,24.0,20,87.09693146436067,0
TRAIN-3261,Denver-LA,907,Clear,7883,42,49.99547680569522,9.0,8,62.810326891453514,1
TRAIN-3262,Texas-Portland,1650,Clear,4736,35,40.56779555183816,19.0,26,90.09566680924729,1
TRAIN-3263,Denver-LA,1493,Fog,7164,82,93.45790614800511,20.0,17,81.97385923595735,1
TRAIN-3264,Texas-Portland,513,Clear,1145,53,47.46578448559338,17.0,17,,0
TRAIN-3265,Chicago-Seattle,1071,Clear,3101,87,88.13755922917474,1.0,24,69.16003539636921,0
TRAIN-3266,Texas-Portland,1580,Snow,5664,69,77.92551759094115,8.0,3,68.93560831187493,1
TRAIN-3267,Denver-LA,1102,Rain,7071,84,97.0147786828272,13.0,27,84.84623770360858,1
TRAIN-3268,Texas-Portland,1673,Rain,3959,66,69.72797015307586,18.0,22,78.06943137254547,1
TRAIN-3269,Denver-LA,1214,Fog,1117,33,28.401323886073566,,5,83.50847413471467,0
TRAIN-3270,Texas-Portland,728,Fog,2976,84,87.74965370898889,1.0,20,64.95114253541337,1
TRAIN-3271,Texas-Portland,1286,Fog,3203,35,44.59773118925642,4.0,22,,1
TRAIN-3272,Denver-LA,1542,Rain,3546,78,79.78499781133836,22.0,18,64.00270941859489,0
TRAIN-3273,Chicago-Seattle,1200,Fog,4885,76,82.7412441846474,18.0,8,61.82018307849711,1
TRAIN-3274,Chicago-Seattle,1471,Fog,4357,86,90.02587348770464,19.0,2,87.32766168228203,1
TRAIN-3275,Chicago-Seattle,1511,Fog,7779,73,82.07819374816299,3.0,21,73.10094507218481,1
TRAIN-3276,Texas-Portland,1061,Rain,3549,54,55.36923900093211,18.0,16,92.55427994275686,0
TRAIN-3277,Denver-LA,964,Fog,7522,38,53.18118971359821,1.0,21,89.68525625821871,1
TRAIN-3278,Texas-Portland,1595,Fog,5690,91,100.17328597430475,8.0,9,91.94025852016759,1
TRAIN-3279,Denver-LA,1898,Fog,2871,91,97.47277724218401,6.0,21,75.54018122273922,1
TRAIN-3280,Chicago-Seattle,1893,Clear,1049,36,33.566348633028944,12.0,2,65.57173097669994,0
TRAIN-3281,Texas-Portland,1268,Clear,1536,37,34.870464116307105,16.0,2,85.08159748068994,0
TRAIN-3282,Texas-Portland,1472,Fog,3157,44,45.59430760158494,4.0,29,77.12833857781477,0
TRAIN-3283,Chicago-Seattle,864,Snow,6763,48,59.23737239434754,,17,60.61039086918397,1
TRAIN-3284,Denver-LA,1846,Fog,6636,50,54.53450940472198,1.0,15,81.44879498163121,1
TRAIN-3285,Texas-Portland,1521,Fog,7601,63,73.91262004965789,24.0,2,80.27702114797931,1
TRAIN-3286,Chicago-Seattle,1158,Snow,3960,83,86.97611480305558,12.0,18,60.286664275178396,1
TRAIN-3287,Denver-LA,1701,Rain,7777,88,95.6750959531277,6.0,10,76.17922239999142,1
TRAIN-3288,Texas-Portland,1140,Fog,3623,90,89.96087743555589,1.0,2,82.88458380363159,0
TRAIN-3289,Chicago-Seattle,586,Clear,7014,74,76.12267264878383,17.0,9,84.82911187420777,1
TRAIN-3290,Texas-Portland,1806,Fog,4375,56,61.001295546682165,9.0,21,65.33803797490108,1
TRAIN-3291,Denver-LA,1975,Snow,3427,53,57.107440398159206,13.0,8,73.48645233757595,1
TRAIN-3292,Chicago-Seattle,946,Snow,3992,48,57.445995534199724,18.0,5,90.83191565227673,1
TRAIN-3293,Texas-Portland,1884,Clear,6474,90,100.53455131249981,5.0,27,85.53937378047362,1
TRAIN-3294,Chicago-Seattle,1714,Clear,2717,43,45.79273289058983,18.0,26,85.68682398005747,1
TRAIN-3295,Chicago-Seattle,1368,Fog,1244,73,68.20574869938991,23.0,2,72.409646214318,0
TRAIN-3296,Chicago-Seattle,1831,Snow,5397,51,56.43920093478958,22.0,7,82.90930702804218,1
TRAIN-3297,Denver-LA,1863,Snow,6975,27,41.777036089159466,20.0,29,65.15022960361259,1
TRAIN-3298,Chicago-Seattle,581,Rain,1470,31,27.73496951587331,13.0,25,96.60528528862974,0
TRAIN-3299,Denver-LA,1019,Rain,2633,79,76.0564602976776,17.0,2,83.55035726170051,0
TRAIN-3300,Chicago-Seattle,863,Fog,1316,73,78.49499524188256,17.0,23,87.2246204850216,1
TRAIN-3301,Chicago-Seattle,511,Snow,2457,71,70.56480797986956,12.0,8,73.94053813331553,0
TRAIN-3302,Texas-Portland,597,Snow,6912,77,87.64049065262265,,26,66.09752876501501,1
TRAIN-3303,Denver-LA,1938,Clear,4866,58,63.444391747711855,1.0,23,68.78737683660206,1
TRAIN-3304,Denver-LA,540,Snow,7855,66,78.18326024844698,19.0,22,86.62126252962075,1
TRAIN-3305,Denver-LA,1574,Clear,2520,67,69.26494337536195,,14,96.5840324985003,1
TRAIN-3306,Chicago-Seattle,1872,Rain,5827,87,96.67047450810604,10.0,29,64.53168499063459,1
TRAIN-3307,Denver-LA,1919,Snow,6590,60,73.64830086522306,10.0,22,99.78987441617056,1
TRAIN-3308,Texas-Portland,1758,Rain,3454,76,82.83563991629889,15.0,26,63.76873251935047,1
TRAIN-3309,Denver-LA,1575,Clear,1553,38,32.70637974285427,8.0,2,72.65451715580465,0
TRAIN-3310,Texas-Portland,524,Snow,3344,36,40.19772327633123,3.0,5,61.466038866897314,1
TRAIN-3311,Denver-LA,544,Fog,3983,91,96.46774427191941,19.0,7,,1
TRAIN-3312,Texas-Portland,552,Clear,6390,85,93.9969712972571,16.0,22,67.67156025096084,1
TRAIN-3313,Chicago-Seattle,516,Snow,4772,28,32.63039101510144,24.0,11,98.6894769114142,1
TRAIN-3314,Chicago-Seattle,1490,Snow,4662,39,43.612652781898866,4.0,8,76.67998446042259,1
TRAIN-3315,Denver-LA,1255,Clear,7790,68,76.02307768270919,15.0,26,66.68829074581103,1
TRAIN-3316,Chicago-Seattle,517,Clear,4329,39,40.09847330418897,3.0,16,,0
TRAIN-3317,Texas-Portland,1235,Fog,5943,61,70.13084546127392,8.0,23,95.62404217966832,1
TRAIN-3318,Denver-LA,1691,Clear,3610,71,72.95043086771737,5.0,23,76.88513574043553,0
TRAIN-3319,Chicago-Seattle,1296,Clear,4938,88,91.67628297683842,13.0,11,68.71966611136628,1
TRAIN-3320,Denver-LA,1330,Fog,1569,68,66.08937012864206,1.0,4,63.97790228628,0
TRAIN-3321,Texas-Portland,1652,Rain,7515,86,96.56042795390132,18.0,15,62.02702321083916,1
TRAIN-3322,Denver-LA,727,Clear,6619,48,54.766682510860726,11.0,1,60.12811578249759,1
TRAIN-3323,Denver-LA,1487,Fog,7717,72,85.59234674178961,13.0,15,78.55356135305192,1
TRAIN-3324,Chicago-Seattle,1387,Fog,4394,82,90.00789612358473,4.0,27,93.33921873516357,1
TRAIN-3325,Texas-Portland,1390,Fog,3844,59,61.96690611148939,18.0,19,81.37204381475364,1
TRAIN-3326,Texas-Portland,763,Clear,4442,36,39.420135790615404,16.0,29,60.425927694262555,1
TRAIN-3327,Chicago-Seattle,1501,Clear,6243,35,41.647728455771606,1.0,18,87.1537503124078,1
TRAIN-3328,Texas-Portland,719,Snow,3306,47,60.613683599222696,6.0,9,73.55764754969735,1
TRAIN-3329,Denver-LA,878,Fog,1666,91,91.16492917398229,3.0,20,86.8188673156552,0
TRAIN-3330,Chicago-Seattle,1749,Rain,3028,76,80.83317977769076,13.0,23,61.725067786885454,1
TRAIN-3331,Denver-LA,1280,Fog,4790,49,48.942191525460906,6.0,5,74.73449294524514,0
TRAIN-3332,Chicago-Seattle,977,Rain,3477,48,48.27574761068975,3.0,19,85.72366269691578,0
TRAIN-3333,Chicago-Seattle,1286,Clear,3976,33,31.185918200874134,1.0,12,61.94746226731066,0
TRAIN-3334,Denver-LA,678,Clear,7180,72,80.26180637798947,16.0,15,91.37660822888961,1
TRAIN-3335,Chicago-Seattle,1803,Clear,1246,63,48.76872310587084,3.0,12,95.12118544877232,0
TRAIN-3336,Chicago-Seattle,874,Rain,5823,29,38.557105286696995,23.0,20,60.538590612285084,1
TRAIN-3337,Denver-LA,601,Snow,3581,94,95.07118610664541,10.0,24,,0
TRAIN-3338,Chicago-Seattle,1581,Clear,1496,58,60.07753380746102,15.0,9,72.71527507549689,1
TRAIN-3339,Denver-LA,847,Fog,7198,49,56.94480271410415,,18,63.66246191273791,1
TRAIN-3340,Texas-Portland,1406,Snow,4871,74,81.7426502432883,20.0,13,91.33314519580374,1
TRAIN-3341,Texas-Portland,1923,Fog,1362,73,67.5649824678011,22.0,18,63.75055251429907,0
TRAIN-3342,Denver-LA,1211,Snow,3860,51,57.336562774840615,18.0,25,,1
TRAIN-3343,Chicago-Seattle,870,Fog,2885,66,71.28672874381775,2.0,3,68.32330364213243,1
TRAIN-3344,Denver-LA,972,Snow,7266,36,47.240739143376956,19.0,17,71.18913529926772,1
TRAIN-3345,Texas-Portland,1337,Snow,5788,75,88.93651236393485,4.0,2,86.00045268968012,1
TRAIN-3346,Denver-LA,1471,Rain,3480,31,32.91220663614605,6.0,14,92.02014732306402,0
TRAIN-3347,Denver-LA,1358,Fog,3036,92,94.08284042892116,3.0,11,82.65832338825696,1
TRAIN-3348,Texas-Portland,1571,Snow,6075,36,45.61887821548178,11.0,1,87.56028278305683,1
TRAIN-3349,Denver-LA,848,Fog,4903,92,99.68185089901203,22.0,4,95.17601278012418,1
TRAIN-3350,Denver-LA,1723,Clear,4450,69,72.09036632344825,11.0,20,64.69096925591509,1
TRAIN-3351,Denver-LA,1958,Fog,4348,87,91.85078469702844,2.0,23,97.09200571449868,1
TRAIN-3352,Denver-LA,1605,Snow,1893,31,31.170679982265366,17.0,9,63.08713508780798,0
TRAIN-3353,Denver-LA,1321,Clear,6214,81,85.60387962074016,3.0,10,89.98660504317567,1
TRAIN-3354,Texas-Portland,1670,Fog,5296,67,73.88582494548719,8.0,7,70.21260575802992,1
TRAIN-3355,Chicago-Seattle,1589,Fog,5612,80,85.44380530644284,1.0,6,65.37191916886398,1
TRAIN-3356,Denver-LA,847,Fog,6177,56,64.96473806378334,12.0,14,83.0983635899836,1
TRAIN-3357,Texas-Portland,525,Clear,4411,57,62.947013570302936,13.0,29,92.84733937127015,1
TRAIN-3358,Denver-LA,924,Snow,6573,67,79.09485023761867,21.0,1,86.08514748037967,1
TRAIN-3359,Texas-Portland,664,Fog,5579,60,68.27929670214955,16.0,12,74.1878680369679,1
TRAIN-3360,Denver-LA,827,Rain,7044,33,39.274296532844744,22.0,20,71.16456366802835,1
TRAIN-3361,Chicago-Seattle,1447,Rain,5840,55,66.43223199682117,20.0,7,96.87691490164876,1
TRAIN-3362,Denver-LA,630,Fog,1726,50,54.7575243903273,9.0,6,81.68210240935504,1
TRAIN-3363,Chicago-Seattle,1912,Rain,1281,80,81.95757231472449,12.0,18,61.68638953420721,0
TRAIN-3364,Denver-LA,1142,Clear,7254,26,34.6390741021836,1.0,11,86.47940783876614,1
TRAIN-3365,Chicago-Seattle,1818,Snow,7904,41,49.83584509271473,4.0,20,88.10678556364589,1
TRAIN-3366,Texas-Portland,1234,Fog,5679,45,48.674853704710415,7.0,23,67.87953799090876,1
TRAIN-3367,Texas-Portland,1224,Clear,3958,91,92.61408619994427,13.0,25,97.15414822687748,0
TRAIN-3368,Denver-LA,1495,Snow,5056,94,101.93211180062013,17.0,7,99.98827546160432,1
TRAIN-3369,Chicago-Seattle,1789,Snow,1980,88,96.57617109595897,20.0,25,75.13207989713193,1
TRAIN-3370,Denver-LA,1117,Snow,3219,30,36.711245721400815,,12,71.10519014963668,1
TRAIN-3371,Denver-LA,1171,Snow,4994,24,32.855907682903876,24.0,18,,1
TRAIN-3372,Denver-LA,662,Rain,3188,79,86.74616996646142,20.0,20,81.37952577775647,1
TRAIN-3373,Texas-Portland,542,Clear,4256,66,70.67593806486208,9.0,24,91.83667337566564,1
TRAIN-3374,Denver-LA,568,Rain,1691,62,55.994386838783036,16.0,3,74.07452011664108,0
TRAIN-3375,Texas-Portland,1842,Snow,7660,41,50.78430498772851,7.0,11,95.87933873139042,1
TRAIN-3376,Denver-LA,511,Snow,1989,26,34.32104794594699,14.0,20,74.12319735797276,1
TRAIN-3377,Texas-Portland,839,Clear,1600,57,58.16383626804625,18.0,28,60.900477423478684,0
TRAIN-3378,Denver-LA,502,Fog,4905,92,102.2376200080661,17.0,19,82.86581410137246,1
TRAIN-3379,Denver-LA,1485,Clear,3153,55,56.24315039565963,,3,91.89622757787316,0
TRAIN-3380,Texas-Portland,1739,Snow,5978,77,89.05586303357039,6.0,15,74.80019241496146,1
TRAIN-3381,Texas-Portland,835,Rain,7026,66,77.5285854253745,17.0,5,72.24735131175215,1
TRAIN-3382,Chicago-Seattle,736,Clear,3161,68,61.12348523398572,14.0,8,73.8869421610839,0
TRAIN-3383,Denver-LA,1287,Fog,6567,80,88.60100789795734,9.0,9,68.74426422536857,1
TRAIN-3384,Denver-LA,1020,Clear,4026,51,50.70555262976423,6.0,11,77.27547524982809,0
TRAIN-3385,Chicago-Seattle,711,Clear,7564,44,49.997244336107705,13.0,8,72.01141949048655,1
TRAIN-3386,Texas-Portland,1045,Snow,4748,94,98.13523629824181,11.0,19,86.12928794470297,1
TRAIN-3387,Texas-Portland,1640,Rain,2163,78,79.06101728865586,24.0,28,97.07332123445329,0
TRAIN-3388,Chicago-Seattle,768,Fog,7750,92,108.02802468237104,8.0,7,71.8808024471614,1
TRAIN-3389,Denver-LA,1741,Rain,1461,92,92.6938349478467,24.0,29,77.56488739571526,0
TRAIN-3390,Chicago-Seattle,1026,Rain,3620,35,37.645524403849635,7.0,11,72.13644421653926,1
TRAIN-3391,Texas-Portland,1820,Clear,4469,41,43.76805151465482,9.0,14,73.6548562596358,1
TRAIN-3392,Texas-Portland,734,Fog,5829,45,50.64805135123697,23.0,1,82.36877113538682,1
TRAIN-3393,Texas-Portland,1089,Clear,1727,26,27.24099852025299,13.0,4,87.3672754048607,0
TRAIN-3394,Chicago-Seattle,1461,Clear,6260,73,74.83863099728359,21.0,6,64.76350440264041,0
TRAIN-3395,Denver-LA,1900,Snow,2454,73,76.94533900130926,5.0,14,73.86896366486867,1
TRAIN-3396,Texas-Portland,1588,Rain,2329,48,39.99832617294627,5.0,1,67.1890338722083,0
TRAIN-3397,Denver-LA,1889,Clear,1740,58,57.45515930209404,6.0,15,70.83274016567265,0
TRAIN-3398,Texas-Portland,1701,Clear,7173,63,73.47330159145315,1.0,12,85.06689022501259,1
TRAIN-3399,Texas-Portland,1976,Clear,5755,70,78.5445717204794,3.0,17,94.84452707664173,1
TRAIN-3400,Texas-Portland,617,Fog,5111,34,45.233010520805465,24.0,23,66.29456540924461,1
TRAIN-3401,Texas-Portland,739,Rain,1950,38,38.76019743031638,6.0,29,,0
TRAIN-3402,Denver-LA,1965,Snow,7130,32,46.22244335061455,12.0,15,,1
TRAIN-3403,Chicago-Seattle,1610,Rain,5350,92,101.60806580437011,24.0,22,60.94243998482871,1
TRAIN-3404,Texas-Portland,970,Fog,1874,53,49.30925134042658,20.0,4,88.04836278678707,0
TRAIN-3405,Denver-LA,1986,Rain,4177,38,51.312849675908126,5.0,27,,1
TRAIN-3406,Texas-Portland,1409,Rain,6161,78,87.45575149529868,3.0,12,75.24191177905229,1
TRAIN-3407,Chicago-Seattle,735,Snow,4066,60,60.178770633945526,16.0,9,,0
TRAIN-3408,Texas-Portland,623,Clear,6874,67,73.14981628671418,8.0,21,65.29698979802704,1
TRAIN-3409,Texas-Portland,1145,Clear,6105,30,32.20766738413087,1.0,11,96.46915859257581,1
TRAIN-3410,Chicago-Seattle,559,Snow,4426,41,50.18223013437207,15.0,11,85.94836630758604,1
TRAIN-3411,Texas-Portland,887,Snow,1176,95,93.7381102454439,22.0,3,,0
TRAIN-3412,Denver-LA,798,Snow,1687,80,87.57406449926067,5.0,24,65.49511742003833,1
TRAIN-3413,Texas-Portland,1466,Clear,5658,52,52.12678926972453,20.0,1,76.5031415954731,0
TRAIN-3414,Chicago-Seattle,1717,Fog,7039,63,73.64303474033957,7.0,7,82.04629408484364,1
TRAIN-3415,Chicago-Seattle,1826,Snow,1339,52,52.41018291750842,24.0,15,88.11027940268539,0
TRAIN-3416,Texas-Portland,897,Fog,3608,83,86.04048429255107,4.0,9,90.1361766431198,1
TRAIN-3417,Texas-Portland,655,Snow,4721,80,81.19785715376878,8.0,10,88.48685249474617,0
TRAIN-3418,Texas-Portland,1483,Clear,6237,39,43.07622742189413,19.0,13,,1
TRAIN-3419,Texas-Portland,1157,Fog,4022,57,63.65052267227256,6.0,16,74.38882689362637,1
TRAIN-3420,Chicago-Seattle,1022,Rain,5485,78,88.64265444469532,11.0,27,71.28393009367187,1
TRAIN-3421,Chicago-Seattle,978,Snow,1121,38,36.16036390871026,1.0,4,71.10155923990135,0
TRAIN-3422,Denver-LA,1201,Fog,4689,82,86.90496427463005,5.0,11,90.14660200625566,1
TRAIN-3423,Texas-Portland,676,Snow,2363,93,96.79406564622843,9.0,12,62.30956179179431,1
TRAIN-3424,Chicago-Seattle,1828,Fog,1677,57,52.67905082840984,5.0,7,83.59588217959339,0
TRAIN-3425,Texas-Portland,1447,Snow,3072,69,73.24389048581804,23.0,13,98.1102115765169,1
TRAIN-3426,Denver-LA,1914,Rain,6941,95,105.77682541966344,3.0,13,83.55753921242251,1
TRAIN-3427,Chicago-Seattle,1621,Rain,2942,66,64.70939169325555,,17,90.0925112165551,0
TRAIN-3428,Chicago-Seattle,680,Snow,4826,62,71.06885098823565,23.0,21,94.52550934437718,1
TRAIN-3429,Denver-LA,1921,Clear,1219,63,62.18649435576802,7.0,23,69.42778053706088,0
TRAIN-3430,Denver-LA,909,Clear,7777,58,63.651455200891164,11.0,22,93.07201243661947,1
TRAIN-3431,Denver-LA,1762,Fog,6694,67,78.79764046362571,8.0,23,63.416709241362554,1
TRAIN-3432,Texas-Portland,1290,Snow,1545,94,91.70613671050077,22.0,12,74.0316650774439,0
TRAIN-3433,Texas-Portland,1735,Snow,1943,28,27.260134032165944,2.0,7,94.4299560810152,0
TRAIN-3434,Denver-LA,1293,Clear,2577,50,49.846044959222866,1.0,21,61.55387221217764,0
TRAIN-3435,Denver-LA,1377,Fog,7618,79,91.97687811396325,17.0,27,64.53220188951545,1
TRAIN-3436,Chicago-Seattle,557,Clear,7519,35,38.65437302634912,18.0,1,91.43853354625966,1
TRAIN-3437,Denver-LA,1910,Snow,6535,24,33.730454595437166,9.0,26,62.197128316212236,1
TRAIN-3438,Denver-LA,1969,Rain,7704,65,78.0601061708461,23.0,5,66.63610615979671,1
TRAIN-3439,Chicago-Seattle,1474,Fog,1931,29,29.60178796528445,3.0,23,91.76207993695527,0
TRAIN-3440,Denver-LA,1787,Clear,3405,86,85.57858959586771,14.0,16,98.71104346392097,0
TRAIN-3441,Chicago-Seattle,1272,Fog,5861,94,105.96247378299825,5.0,16,80.64048887664475,1
TRAIN-3442,Denver-LA,739,Fog,5124,68,75.91136323774457,24.0,8,60.24539933565591,1
TRAIN-3443,Denver-LA,1851,Rain,6813,41,50.881751709167816,13.0,24,86.20924635696298,1
TRAIN-3444,Chicago-Seattle,1161,Fog,4100,72,81.84071377261455,18.0,27,85.3953877982872,1
TRAIN-3445,Texas-Portland,1891,Snow,2658,73,77.61425143471976,21.0,7,99.23681667251975,1
TRAIN-3446,Denver-LA,1557,Clear,2263,42,36.72609608535431,22.0,6,65.21879155848387,0
TRAIN-3447,Texas-Portland,1912,Clear,7263,43,45.42051533841247,22.0,14,61.84296554465109,1
TRAIN-3448,Chicago-Seattle,960,Rain,1144,46,44.17711592905593,8.0,17,83.26040465952192,0
TRAIN-3449,Denver-LA,1373,Fog,6625,87,98.9725316685185,3.0,28,70.67437141239027,1
TRAIN-3450,Chicago-Seattle,1706,Rain,4961,86,90.37087077218594,10.0,11,87.57187025266965,1
TRAIN-3451,Chicago-Seattle,1917,Rain,4603,71,78.43815758807541,21.0,22,65.98395626820079,1
TRAIN-3452,Texas-Portland,1273,Snow,7344,31,43.21958664595254,20.0,25,98.83084838771074,1
TRAIN-3453,Denver-LA,1606,Clear,6329,25,29.37187341118006,22.0,23,81.77895618897722,1
TRAIN-3454,Denver-LA,659,Rain,7126,67,75.16807818345771,23.0,5,87.07328660664966,1
TRAIN-3455,Texas-Portland,528,Rain,6428,25,35.09898510158933,12.0,22,89.41872601051688,1
TRAIN-3456,Denver-LA,654,Rain,6256,34,38.912382962162006,1.0,3,73.14366569805033,1
TRAIN-3457,Denver-LA,1126,Fog,6228,32,40.94333483348401,7.0,9,71.06749708586011,1
TRAIN-3458,Texas-Portland,1150,Rain,2516,42,45.47390653543285,17.0,24,60.99719964454998,1
TRAIN-3459,Denver-LA,1174,Snow,4694,87,91.04129646888029,17.0,12,94.37323404122651,1
TRAIN-3460,Texas-Portland,870,Snow,4313,59,65.02682310109604,12.0,13,73.14816132817897,1
TRAIN-3461,Texas-Portland,1184,Fog,7907,27,41.68076629433803,23.0,23,,1
TRAIN-3462,Chicago-Seattle,725,Clear,6980,80,91.94280376570842,11.0,22,80.11994632162208,1
TRAIN-3463,Texas-Portland,1178,Rain,2461,29,29.48019501224286,,10,66.29635137030033,0
TRAIN-3464,Texas-Portland,1386,Snow,4068,61,65.47356577503584,14.0,11,82.37140403786091,1
TRAIN-3465,Chicago-Seattle,1597,Snow,3589,47,50.051853140086955,5.0,17,90.41536588555158,1
TRAIN-3466,Chicago-Seattle,849,Fog,4102,24,30.028393054182423,11.0,23,76.00887878238537,1
TRAIN-3467,Texas-Portland,1491,Clear,2517,91,83.46373042901817,4.0,4,95.79630445217605,0
TRAIN-3468,Texas-Portland,1363,Clear,6346,40,43.268961232569886,1.0,21,77.61193757228891,1
TRAIN-3469,Chicago-Seattle,1570,Snow,4039,90,92.96594516268367,17.0,24,85.46613614548049,1
TRAIN-3470,Chicago-Seattle,1713,Clear,1760,67,64.23090185087614,14.0,20,75.6431945375176,0
TRAIN-3471,Chicago-Seattle,551,Snow,1729,25,26.619076777242892,18.0,8,63.24705284057945,0
TRAIN-3472,Chicago-Seattle,1165,Clear,7227,88,97.03628632036127,8.0,3,74.06856444435408,1
TRAIN-3473,Texas-Portland,1171,Clear,4514,33,35.15726661557588,5.0,6,90.64389698871761,1
TRAIN-3474,Denver-LA,832,Snow,3833,85,91.32987614876403,11.0,12,70.19262421006111,1
TRAIN-3475,Denver-LA,546,Fog,4187,40,44.40842804063789,5.0,7,66.67568905290567,1
TRAIN-3476,Denver-LA,1416,Rain,4087,90,90.46599751306583,2.0,12,98.14434438328958,0
TRAIN-3477,Texas-Portland,1696,Rain,1002,29,27.935737746001163,7.0,8,64.48652031397508,0
TRAIN-3478,Texas-Portland,1455,Clear,6793,89,101.11192198170272,,19,68.51949222274322,1
TRAIN-3479,Chicago-Seattle,1690,Clear,7191,83,93.9111573211308,10.0,12,88.75328672150079,1
TRAIN-3480,Texas-Portland,687,Snow,6378,76,88.38217091750874,5.0,2,94.11616859833639,1
TRAIN-3481,Denver-LA,1654,Fog,1589,76,73.24491826154792,8.0,25,83.23188508926327,0
TRAIN-3482,Texas-Portland,1361,Rain,3323,78,82.1048858215601,5.0,20,,1
TRAIN-3483,Chicago-Seattle,912,Clear,4903,87,93.9377612550643,3.0,23,89.83263900826222,1
TRAIN-3484,Chicago-Seattle,1259,Snow,4023,41,47.036597459270716,7.0,10,80.31013867806361,1
TRAIN-3485,Texas-Portland,1766,Clear,7127,48,57.63832065363198,5.0,29,96.4179595522073,1
TRAIN-3486,Texas-Portland,1178,Clear,6212,84,91.31896750996316,7.0,21,75.57605115948633,1
TRAIN-3487,Chicago-Seattle,884,Snow,5636,49,61.74895486074967,7.0,27,95.90764528823024,1
TRAIN-3488,Texas-Portland,1548,Snow,3380,61,64.66613915860913,14.0,24,98.4814015913307,1
TRAIN-3489,Denver-LA,702,Rain,1703,67,67.23099944994819,2.0,10,97.98408529697227,0
TRAIN-3490,Denver-LA,647,Rain,5275,68,71.66889943817063,1.0,1,71.02724918187562,1
TRAIN-3491,Chicago-Seattle,1723,Fog,2503,25,25.813942419833232,10.0,2,93.12369306215942,0
TRAIN-3492,Texas-Portland,734,Clear,6408,50,56.27308827127116,21.0,23,80.39877385900178,1
TRAIN-3493,Denver-LA,1909,Clear,1385,46,45.552154021648754,22.0,13,75.78202557212936,0
TRAIN-3494,Texas-Portland,641,Fog,5562,91,98.25951812708647,18.0,22,88.16841817364893,1
TRAIN-3495,Denver-LA,724,Rain,1733,80,79.95432537227519,10.0,28,70.7996308720022,0
TRAIN-3496,Texas-Portland,1109,Fog,4210,80,85.1363689969791,5.0,16,66.13699373958177,1
TRAIN-3497,Chicago-Seattle,1068,Fog,5887,82,88.59143838929378,14.0,6,92.14003245207621,1
TRAIN-3498,Texas-Portland,1209,Clear,4895,45,53.87373486625657,16.0,7,76.96844288119749,1
TRAIN-3499,Texas-Portland,617,Clear,3072,37,42.165559704608654,18.0,4,69.90967418789447,1
TRAIN-3500,Chicago-Seattle,1224,Rain,7259,66,75.44584649033828,14.0,29,79.42752060260095,1
TRAIN-3501,Chicago-Seattle,730,Clear,1880,77,74.92935562778828,7.0,24,91.58637420885567,0
TRAIN-3502,Denver-LA,589,Fog,5178,35,40.954831792205006,2.0,19,80.38654663958776,1
TRAIN-3503,Chicago-Seattle,1421,Clear,2467,93,91.91472636768799,6.0,13,90.10713048426089,0
TRAIN-3504,Denver-LA,803,Rain,7224,68,81.28095171196956,21.0,16,91.34764272034946,1
TRAIN-3505,Denver-LA,1379,Fog,3158,87,86.82976698856766,23.0,5,74.42680002709434,0
TRAIN-3506,Denver-LA,1170,Rain,5018,78,81.91655200915638,14.0,9,74.96233213162368,1
TRAIN-3507,Chicago-Seattle,1028,Clear,5757,55,64.1347271522183,1.0,23,61.58115408371037,1
TRAIN-3508,Denver-LA,1530,Clear,1546,62,58.51407922942526,5.0,13,86.19235446003273,0
TRAIN-3509,Denver-LA,784,Fog,2493,93,92.14137408975297,7.0,3,60.01541353522478,0
TRAIN-3510,Chicago-Seattle,1242,Rain,6140,92,95.33262915975851,8.0,6,84.88610459855666,1
TRAIN-3511,Chicago-Seattle,652,Snow,3051,82,82.32695114848707,4.0,14,,0
TRAIN-3512,Denver-LA,1247,Clear,2142,73,71.90024290426902,13.0,19,88.51293780389778,0
TRAIN-3513,Chicago-Seattle,1790,Fog,1046,92,88.24420780101873,14.0,9,62.25908049273817,0
TRAIN-3514,Chicago-Seattle,1338,Fog,5213,87,93.61488972399546,9.0,4,70.44355755179966,1
TRAIN-3515,Texas-Portland,1431,Rain,6159,71,76.63429221551009,14.0,14,,1
TRAIN-3516,Chicago-Seattle,1100,Snow,6507,58,71.99832797397968,8.0,25,67.64569828169837,1
TRAIN-3517,Texas-Portland,1563,Clear,5115,86,92.49874378068986,10.0,1,86.117195574314,1
TRAIN-3518,Texas-Portland,1632,Fog,3951,95,104.6783304141612,11.0,28,91.05250235265534,1
TRAIN-3519,Chicago-Seattle,533,Snow,1744,79,84.27709679901434,8.0,10,74.51498210596918,1
TRAIN-3520,Texas-Portland,618,Rain,7810,68,78.78903450882233,23.0,24,60.32348236323726,1
TRAIN-3521,Denver-LA,777,Snow,1056,80,81.25713527930633,19.0,10,71.44520388430755,0
TRAIN-3522,Denver-LA,1202,Rain,4761,92,100.1830273377633,1.0,4,,1
TRAIN-3523,Denver-LA,1617,Snow,2113,36,35.42763996712742,3.0,9,90.34705518031741,0
TRAIN-3524,Texas-Portland,1772,Rain,2857,85,85.9005494841295,2.0,5,,0
TRAIN-3525,Texas-Portland,1948,Clear,4082,95,99.68893355916838,2.0,24,85.3369672539439,1
TRAIN-3526,Chicago-Seattle,1363,Rain,1836,35,30.772122645785075,17.0,2,95.63620888896654,0
TRAIN-3527,Texas-Portland,803,Clear,7237,55,58.803608608561674,,9,64.26914421187668,1
TRAIN-3528,Denver-LA,1257,Fog,1015,54,46.92760584100525,15.0,2,87.11843922955066,0
TRAIN-3529,Texas-Portland,1406,Clear,2729,93,89.56701780357683,23.0,15,82.87075774824255,0
TRAIN-3530,Denver-LA,1413,Rain,2114,32,33.12905692984042,12.0,18,98.33079494905617,0
TRAIN-3531,Denver-LA,1604,Clear,5149,31,32.02752209669157,16.0,13,96.39164704339657,0
TRAIN-3532,Chicago-Seattle,695,Clear,7219,65,78.10191967932478,21.0,22,67.6923899287372,1
TRAIN-3533,Chicago-Seattle,1374,Snow,5454,37,48.28997873889391,,12,86.52020483211918,1
TRAIN-3534,Texas-Portland,549,Fog,1448,61,61.51756741738763,21.0,22,79.3643670915298,0
TRAIN-3535,Texas-Portland,1362,Clear,7651,58,63.89321075963791,20.0,8,87.25944065642253,1
TRAIN-3536,Chicago-Seattle,1056,Rain,6620,58,64.4910386058814,2.0,11,80.62131688838015,1
TRAIN-3537,Texas-Portland,1110,Clear,2728,66,66.002791414773,18.0,15,96.84810118613402,0
TRAIN-3538,Denver-LA,1377,Snow,2670,74,72.48333185961366,2.0,5,79.8294690995977,0
TRAIN-3539,Denver-LA,1721,Clear,1126,78,70.2645730933282,13.0,2,65.27753051821779,0
TRAIN-3540,Texas-Portland,1669,Fog,6124,49,60.298841261709924,19.0,3,64.92092029023091,1
TRAIN-3541,Texas-Portland,1749,Rain,7793,62,71.12959108946667,15.0,16,72.65501689011626,1
TRAIN-3542,Texas-Portland,1581,Snow,3422,32,38.836586513117695,11.0,14,63.826044059228735,1
TRAIN-3543,Denver-LA,1805,Rain,6919,90,99.94710422357602,12.0,9,85.9242920244552,1
TRAIN-3544,Denver-LA,578,Fog,3664,29,27.57555984045029,9.0,15,69.26562472436278,0
TRAIN-3545,Texas-Portland,888,Rain,3853,34,33.96182095683685,14.0,7,78.82518302781742,0
TRAIN-3546,Chicago-Seattle,1688,Snow,7683,62,78.30014039377927,4.0,18,90.00820519123604,1
TRAIN-3547,Texas-Portland,1269,Fog,7988,54,63.46933118761091,2.0,11,93.88195619692925,1
TRAIN-3548,Denver-LA,1508,Clear,4122,35,37.852247038191436,15.0,22,70.03333847961602,1
TRAIN-3549,Chicago-Seattle,1732,Snow,4067,68,77.37453599671719,2.0,14,60.75791322067851,1
TRAIN-3550,Denver-LA,1426,Snow,1526,50,45.8814353088678,,22,67.18501901331972,0
TRAIN-3551,Texas-Portland,1192,Snow,5044,68,84.06152503511143,23.0,26,80.33660873786054,1
TRAIN-3552,Chicago-Seattle,1095,Fog,6334,74,83.399041075738,22.0,18,92.20843117402089,1
TRAIN-3553,Texas-Portland,1556,Fog,5062,24,28.818695942266842,23.0,5,67.57695825050331,1
TRAIN-3554,Texas-Portland,941,Rain,7269,42,55.39689611088756,5.0,22,63.98671581312613,1
TRAIN-3555,Denver-LA,972,Clear,6664,52,59.32038465254816,5.0,26,84.41785733621091,1
TRAIN-3556,Denver-LA,592,Rain,4884,25,38.45690531171109,12.0,29,61.59554564480406,1
TRAIN-3557,Chicago-Seattle,1498,Snow,5579,49,58.57888040405525,1.0,28,95.00417140111777,1
TRAIN-3558,Texas-Portland,544,Snow,6173,84,93.77108359201378,16.0,15,91.83394203849672,1
TRAIN-3559,Texas-Portland,1492,Rain,1733,35,32.299316551782766,16.0,25,76.49890688602177,0
TRAIN-3560,Texas-Portland,1739,Clear,2738,83,84.23369572288522,8.0,1,89.71436699584956,0
TRAIN-3561,Texas-Portland,1394,Snow,1722,25,27.355850348789133,21.0,4,73.14851775581722,1
TRAIN-3562,Chicago-Seattle,542,Clear,4374,33,35.852365229380375,2.0,4,85.35494293186626,1
TRAIN-3563,Denver-LA,1634,Fog,1462,90,86.29236685088894,14.0,3,89.99522493911509,0
TRAIN-3564,Chicago-Seattle,1219,Rain,4983,65,71.57060455637355,15.0,12,,1
TRAIN-3565,Chicago-Seattle,664,Fog,6407,27,34.95728737791473,24.0,10,67.60062817431108,1
TRAIN-3566,Texas-Portland,1270,Clear,7362,81,90.66089638893337,12.0,24,91.73589049256164,1
TRAIN-3567,Denver-LA,1673,Snow,7338,79,94.038583872931,18.0,21,91.94444759786838,1
TRAIN-3568,Chicago-Seattle,1414,Clear,6021,46,50.8438025882255,1.0,28,88.59985893195869,1
TRAIN-3569,Chicago-Seattle,812,Snow,3071,45,48.192015198117915,21.0,4,75.5094284597486,1
TRAIN-3570,Texas-Portland,1811,Rain,2509,73,72.60801404000654,20.0,22,89.99042965398436,0
TRAIN-3571,Texas-Portland,1539,Snow,7240,57,69.03161401817488,3.0,20,69.29247066671282,1
TRAIN-3572,Denver-LA,518,Fog,4290,91,95.78842700743496,23.0,7,84.20492127262037,1
TRAIN-3573,Chicago-Seattle,1576,Rain,3552,83,87.83340150850934,1.0,9,80.55487067111602,1
TRAIN-3574,Chicago-Seattle,1505,Fog,3470,53,51.587080402315706,14.0,11,,0
TRAIN-3575,Texas-Portland,1564,Snow,2977,59,66.36549371793478,5.0,8,95.56812253112282,1
TRAIN-3576,Texas-Portland,1430,Fog,5279,32,38.90991053841558,3.0,10,93.71545788608071,1
TRAIN-3577,Chicago-Seattle,1761,Clear,5365,94,98.46979451534973,14.0,22,78.32712274812926,1
TRAIN-3578,Texas-Portland,1018,Clear,3146,68,73.55289489225692,8.0,28,92.94828427115704,1
TRAIN-3579,Texas-Portland,1672,Clear,2791,92,92.98825796795983,13.0,28,69.44890521036726,0
TRAIN-3580,Texas-Portland,1529,Clear,7552,45,51.86394333585515,11.0,9,98.10034193154017,1
TRAIN-3581,Denver-LA,839,Rain,5982,68,70.71997529488237,23.0,14,61.7607366035588,1
TRAIN-3582,Texas-Portland,1086,Rain,3631,74,78.22000108969164,13.0,24,60.03291971396398,1
TRAIN-3583,Chicago-Seattle,606,Rain,2325,72,72.96386033066602,3.0,17,61.21797953068786,0
TRAIN-3584,Chicago-Seattle,1968,Snow,1493,67,64.19778866097086,10.0,17,81.70813939939379,0
TRAIN-3585,Denver-LA,1706,Clear,3683,70,64.66564042127118,6.0,12,96.81505660293439,0
TRAIN-3586,Texas-Portland,1278,Rain,1807,84,87.07050543336508,,26,,1
TRAIN-3587,Denver-LA,1648,Snow,7358,79,96.33981025023515,1.0,11,84.37130227336621,1
TRAIN-3588,Chicago-Seattle,1598,Snow,4737,36,42.5193663700782,9.0,16,95.4151275634276,1
TRAIN-3589,Texas-Portland,1609,Snow,1795,29,30.210585738540814,3.0,28,67.04666014012133,0
TRAIN-3590,Chicago-Seattle,599,Rain,1774,59,51.61690100454922,7.0,15,97.00326983873813,0
TRAIN-3591,Denver-LA,1837,Fog,1790,62,60.242231516914515,3.0,3,99.90509849253446,0
TRAIN-3592,Denver-LA,1935,Rain,2350,57,58.95584909299425,13.0,13,,0
TRAIN-3593,Chicago-Seattle,1268,Fog,3019,30,28.92580904333985,4.0,7,90.48476762770616,0
TRAIN-3594,Texas-Portland,1036,Clear,5611,92,96.72902072641682,7.0,14,91.05351907307511,1
TRAIN-3595,Denver-LA,1762,Clear,7556,35,47.15799712184096,24.0,25,73.25584028467051,1
TRAIN-3596,Texas-Portland,1971,Fog,5031,92,93.6574163177256,21.0,9,62.52386939562559,0
TRAIN-3597,Denver-LA,1412,Clear,3004,33,32.93002853644947,22.0,29,73.72772936253362,0
TRAIN-3598,Denver-LA,946,Clear,1594,27,26.96014953509578,2.0,2,89.15146013182874,0
TRAIN-3599,Chicago-Seattle,1520,Snow,7532,77,95.20059583087118,2.0,25,82.0863776196714,1
TRAIN-3600,Texas-Portland,584,Clear,6129,55,60.76412304436784,3.0,8,75.63278830296325,1
TRAIN-3601,Chicago-Seattle,1634,Clear,6379,64,75.16780433901395,14.0,9,,1
TRAIN-3602,Chicago-Seattle,1608,Fog,7858,26,33.54330635041187,1.0,4,80.08753151927341,1
TRAIN-3603,Chicago-Seattle,1768,Rain,5328,78,82.48535144998199,23.0,4,71.17828085207785,1
TRAIN-3604,Denver-LA,1351,Fog,2435,33,36.481091746941566,2.0,16,99.49458656937787,1
TRAIN-3605,Texas-Portland,1622,Fog,3495,71,77.04974125785027,17.0,26,,1
TRAIN-3606,Texas-Portland,1893,Rain,6850,50,56.5303387276077,2.0,12,60.62420698304413,1
TRAIN-3607,Chicago-Seattle,1511,Snow,2687,81,82.17293058325357,13.0,21,,0
TRAIN-3608,Texas-Portland,1053,Clear,4857,61,65.66193191421006,14.0,11,67.06689657969955,1
TRAIN-3609,Chicago-Seattle,724,Fog,6926,37,49.20987286287816,17.0,23,79.61221395388066,1
TRAIN-3610,Denver-LA,855,Fog,2686,64,61.76814237558623,20.0,1,81.19583640083178,0
TRAIN-3611,Denver-LA,1382,Rain,6976,92,95.57179340841677,18.0,7,89.18733193830286,1
TRAIN-3612,Chicago-Seattle,1567,Rain,4848,94,94.43201928565794,11.0,15,75.96582160232026,0
TRAIN-3613,Texas-Portland,1318,Snow,6937,93,108.66569525564674,5.0,29,81.3651557302286,1
TRAIN-3614,Texas-Portland,973,Fog,3109,56,61.23218548725434,18.0,9,82.9540082729153,1
TRAIN-3615,Chicago-Seattle,1396,Clear,7236,69,79.68861877704404,,19,72.9034896728878,1
TRAIN-3616,Denver-LA,1323,Fog,1606,58,54.21040407314058,19.0,27,,0
TRAIN-3617,Denver-LA,618,Snow,2745,77,86.62057524117995,23.0,20,87.5629830144858,1
TRAIN-3618,Texas-Portland,1820,Fog,7620,33,44.27563152393634,13.0,7,95.54516328780988,1
TRAIN-3619,Chicago-Seattle,1977,Rain,5061,41,45.561111336455404,21.0,11,86.95569909968938,1
TRAIN-3620,Texas-Portland,1346,Clear,3170,78,73.03738229966672,11.0,1,79.0210839778616,0
TRAIN-3621,Texas-Portland,1159,Clear,3798,74,74.7809210379592,7.0,8,75.0603117193537,0
TRAIN-3622,Chicago-Seattle,1367,Clear,1913,56,60.77168775593635,9.0,28,82.50369290276979,1
TRAIN-3623,Chicago-Seattle,1967,Rain,6436,41,50.35878573541407,23.0,15,94.03628400726839,1
TRAIN-3624,Denver-LA,516,Clear,5654,56,64.5663661640535,14.0,28,65.34127924361529,1
TRAIN-3625,Texas-Portland,1753,Snow,5191,24,31.706672041997475,23.0,22,60.9355363853153,1
TRAIN-3626,Texas-Portland,1368,Fog,3760,60,67.61247728346406,10.0,28,91.88137601119891,1
TRAIN-3627,Texas-Portland,628,Snow,2918,66,68.21988655224658,22.0,16,74.14034476248592,1
TRAIN-3628,Texas-Portland,1658,Rain,6696,75,86.12151576155333,18.0,26,88.48715504867026,1
TRAIN-3629,Chicago-Seattle,1895,Fog,6202,87,91.47384152013768,,27,72.11924836599711,1
TRAIN-3630,Chicago-Seattle,1712,Snow,3939,32,45.316864891682705,10.0,15,88.23583293578643,1
TRAIN-3631,Texas-Portland,711,Clear,5748,82,87.29730665511714,12.0,21,67.08592241287806,1
TRAIN-3632,Texas-Portland,1716,Snow,7208,63,78.61035008433434,20.0,22,93.34902225441587,1
TRAIN-3633,Texas-Portland,1265,Snow,2603,52,57.138788465699434,1.0,17,69.36590886929653,1
TRAIN-3634,Texas-Portland,751,Fog,5480,52,61.585926581966234,18.0,15,95.898201538889,1
TRAIN-3635,Texas-Portland,1275,Clear,1214,77,71.24962764817995,13.0,10,80.06336324709014,0
TRAIN-3636,Texas-Portland,1078,Clear,2784,47,45.70592772070528,12.0,7,91.34606574233001,0
TRAIN-3637,Texas-Portland,1662,Fog,4614,73,79.83496879286291,20.0,20,95.8597253769255,1
TRAIN-3638,Chicago-Seattle,552,Snow,2674,83,84.86510410628888,11.0,17,94.74786348075567,0
TRAIN-3639,Texas-Portland,1728,Rain,4043,32,38.53943613512583,14.0,22,88.4683463886136,1
TRAIN-3640,Texas-Portland,1331,Rain,5601,38,51.19600329324939,8.0,17,93.13627469659284,1
TRAIN-3641,Denver-LA,658,Clear,7105,35,45.035554518956644,4.0,23,92.54872140248813,1
TRAIN-3642,Chicago-Seattle,1366,Rain,6205,89,95.77143231151484,20.0,11,82.0696534107702,1
TRAIN-3643,Chicago-Seattle,1549,Clear,7337,60,69.84499170038505,16.0,19,99.34526643914262,1
TRAIN-3644,Texas-Portland,1220,Fog,2908,77,83.0905987845948,18.0,17,65.33909388947554,1
TRAIN-3645,Denver-LA,1595,Fog,3009,26,30.524574205136744,1.0,15,68.18906024333553,1
TRAIN-3646,Chicago-Seattle,1695,Clear,4423,80,77.3761772917416,7.0,5,89.3991667312047,0
TRAIN-3647,Texas-Portland,1105,Fog,1177,49,50.82912380811222,12.0,22,83.85454930933022,0
TRAIN-3648,Texas-Portland,918,Snow,2825,87,93.24404255732931,12.0,4,72.21526438697876,1
TRAIN-3649,Denver-LA,1080,Rain,3110,64,67.80325174225153,2.0,20,68.22240973918912,1
TRAIN-3650,Texas-Portland,1449,Clear,4010,61,63.32176856422294,5.0,13,99.90129494674639,1
TRAIN-3651,Denver-LA,1043,Snow,4473,65,69.3699773364811,8.0,17,88.99031663903386,1
TRAIN-3652,Texas-Portland,905,Clear,7834,57,66.99295377159272,15.0,14,74.62115011331376,1
TRAIN-3653,Chicago-Seattle,1807,Rain,6598,90,97.2231344523053,20.0,20,75.40399166166254,1
TRAIN-3654,Texas-Portland,755,Fog,3387,62,63.4545052876609,15.0,7,70.38226649835507,0
TRAIN-3655,Texas-Portland,1255,Clear,6332,59,65.88987533697315,16.0,11,92.46130466957908,1
TRAIN-3656,Chicago-Seattle,1536,Rain,5188,70,72.44386864428692,5.0,21,64.66829423207562,1
TRAIN-3657,Texas-Portland,1074,Snow,2471,74,83.41633014912011,24.0,26,88.23547402546484,1
TRAIN-3658,Chicago-Seattle,1578,Snow,3876,84,93.45397306156626,22.0,17,96.40928913231647,1
TRAIN-3659,Denver-LA,1310,Snow,5928,58,75.43923521133613,23.0,13,62.73263926915707,1
TRAIN-3660,Texas-Portland,723,Snow,3974,65,71.24522199698764,16.0,17,70.63665146245705,1
TRAIN-3661,Chicago-Seattle,1320,Clear,5782,50,58.84226717075453,4.0,21,94.65129132316318,1
TRAIN-3662,Chicago-Seattle,1328,Rain,5229,31,35.363224570929745,1.0,8,82.63184893729134,1
TRAIN-3663,Chicago-Seattle,1591,Rain,6075,72,73.0497607637571,4.0,19,77.03679575709504,0
TRAIN-3664,Chicago-Seattle,1068,Fog,2548,94,94.69918049537654,9.0,28,97.52784692830701,0
TRAIN-3665,Denver-LA,1356,Fog,5198,75,82.13381510370942,1.0,12,98.64529138814194,1
TRAIN-3666,Chicago-Seattle,1778,Clear,3340,28,30.60922931555754,17.0,14,66.7890009158084,1
TRAIN-3667,Denver-LA,696,Rain,4980,92,100.74619825045502,19.0,18,67.55207054519093,1
TRAIN-3668,Chicago-Seattle,1273,Snow,1007,78,73.83403432619208,10.0,4,99.93583432436779,0
TRAIN-3669,Denver-LA,1039,Clear,5744,33,36.784715168144835,4.0,11,84.73625046747753,1
TRAIN-3670,Denver-LA,828,Fog,2884,78,83.82174356926016,15.0,23,,1
TRAIN-3671,Chicago-Seattle,858,Fog,3867,78,76.29702300977456,13.0,13,63.275679377808764,0
TRAIN-3672,Texas-Portland,1529,Clear,6712,57,64.19814290266146,6.0,5,78.74408575735946,1
TRAIN-3673,Chicago-Seattle,1085,Snow,2376,78,78.2240645412751,11.0,17,97.82700656522502,0
TRAIN-3674,Chicago-Seattle,1063,Rain,2244,84,87.69414036038475,19.0,23,69.66597062720082,1
TRAIN-3675,Chicago-Seattle,1943,Clear,6144,48,52.1509829435143,9.0,9,67.7663524139982,1
TRAIN-3676,Chicago-Seattle,1268,Rain,5283,86,91.13076780956676,21.0,7,74.91683196711712,1
TRAIN-3677,Chicago-Seattle,809,Rain,1512,83,88.79580381412708,18.0,28,87.04651834117821,1
TRAIN-3678,Texas-Portland,978,Clear,6890,88,98.21168498867661,5.0,19,74.5674141351064,1
TRAIN-3679,Texas-Portland,1217,Clear,2161,89,85.0385664914559,2.0,8,99.575406702548,0
TRAIN-3680,Texas-Portland,1123,Rain,7354,27,36.497846136218925,5.0,15,83.69460307849344,1
TRAIN-3681,Chicago-Seattle,1502,Clear,6053,27,30.49116381177057,1.0,2,73.41594787847464,1
TRAIN-3682,Denver-LA,526,Rain,2213,67,74.69799464286096,23.0,19,95.20309617869837,1
TRAIN-3683,Texas-Portland,1737,Clear,2756,51,45.64640169686419,21.0,28,66.57657311828747,0
TRAIN-3684,Texas-Portland,589,Clear,2605,74,78.69714520436358,,19,67.48100645493903,1
TRAIN-3685,Chicago-Seattle,1535,Fog,6780,79,87.12525662402416,13.0,14,91.12589557250996,1
TRAIN-3686,Chicago-Seattle,1250,Fog,3904,33,35.20040142672579,21.0,7,80.4404195982097,1
TRAIN-3687,Texas-Portland,988,Rain,1697,28,22.674831488260146,1.0,21,66.05309775563906,0
TRAIN-3688,Denver-LA,1451,Clear,3773,70,73.59760032577576,3.0,11,88.10071662083695,1
TRAIN-3689,Denver-LA,737,Clear,1913,37,35.86858192074897,6.0,5,63.1460213500922,0
TRAIN-3690,Chicago-Seattle,1432,Snow,6100,55,67.67328775019996,3.0,20,74.87541772356353,1
TRAIN-3691,Denver-LA,675,Clear,3319,41,41.42128633105876,11.0,4,85.76196750058679,0
TRAIN-3692,Chicago-Seattle,895,Rain,1550,82,82.2871824594794,22.0,12,70.07129574739449,0
TRAIN-3693,Chicago-Seattle,1433,Rain,6751,88,96.58412177467218,14.0,19,88.08140585441899,1
TRAIN-3694,Chicago-Seattle,1173,Fog,1360,57,56.23308076595956,13.0,23,80.78585154396464,0
TRAIN-3695,Chicago-Seattle,1398,Rain,5777,40,45.14178262522801,19.0,7,83.13348848871064,1
TRAIN-3696,Chicago-Seattle,1516,Snow,4650,32,40.658237387521105,22.0,4,64.33560271264889,1
TRAIN-3697,Texas-Portland,1076,Rain,6010,54,61.37741947884559,16.0,11,82.88481225869619,1
TRAIN-3698,Chicago-Seattle,1936,Snow,7089,90,107.02721889902783,1.0,28,74.585940775262,1
TRAIN-3699,Denver-LA,1043,Clear,7407,85,89.62887774178702,17.0,5,71.46524459677275,1
TRAIN-3700,Denver-LA,1282,Snow,3801,57,62.310078722417735,16.0,24,67.00356008999995,1
TRAIN-3701,Texas-Portland,1812,Rain,3287,69,68.85945291586656,14.0,5,68.1604059938047,0
TRAIN-3702,Texas-Portland,674,Snow,7840,48,60.62733323403927,10.0,6,91.1107544075646,1
TRAIN-3703,Denver-LA,875,Snow,4818,65,72.71907971979358,4.0,15,83.56635523341492,1
TRAIN-3704,Chicago-Seattle,552,Clear,3904,94,95.19265003376731,9.0,21,86.33860288795321,0
TRAIN-3705,Chicago-Seattle,1240,Clear,1562,55,49.93110685759461,20.0,15,83.02968391070301,0
TRAIN-3706,Texas-Portland,719,Fog,5094,70,77.96801486197076,15.0,4,71.29526712836433,1
TRAIN-3707,Chicago-Seattle,957,Rain,4929,65,69.14988316706412,14.0,10,94.75087596677776,1
TRAIN-3708,Texas-Portland,954,Fog,6237,73,79.7065488939765,17.0,2,96.54130318701922,1
TRAIN-3709,Denver-LA,1462,Rain,7762,38,45.35116503190749,15.0,27,66.37777534120539,1
TRAIN-3710,Denver-LA,823,Snow,7200,26,41.91035939223105,3.0,20,76.79405408999602,1
TRAIN-3711,Texas-Portland,1002,Rain,5829,45,52.201682242789204,,15,61.126333481213784,1
TRAIN-3712,Denver-LA,505,Fog,7591,39,50.472108734364845,21.0,10,93.09304481857293,1
TRAIN-3713,Denver-LA,1608,Snow,1409,76,74.52093303183453,20.0,24,84.22264687884837,0
TRAIN-3714,Chicago-Seattle,706,Snow,7068,61,75.30965023099078,16.0,14,70.98799313627107,1
TRAIN-3715,Texas-Portland,1029,Clear,1667,26,20.23480843967525,19.0,2,81.3056149550604,0
TRAIN-3716,Texas-Portland,1161,Fog,7795,57,69.4316297553876,15.0,16,71.4783080869869,1
TRAIN-3717,Chicago-Seattle,560,Fog,1964,94,99.10392652436072,9.0,20,99.6053662324238,1
TRAIN-3718,Denver-LA,1211,Clear,4516,62,66.64655683660683,12.0,29,74.38869576482824,1
TRAIN-3719,Texas-Portland,1883,Fog,2844,26,24.091098791165283,4.0,9,94.18858942461236,0
TRAIN-3720,Denver-LA,1690,Fog,6516,40,51.724295396933684,3.0,11,77.06242593157293,1
TRAIN-3721,Denver-LA,1788,Clear,7026,84,93.67952000621202,16.0,16,84.02157116715784,1
TRAIN-3722,Texas-Portland,1081,Snow,7695,88,101.4458421454699,6.0,22,89.30762460370804,1
TRAIN-3723,Denver-LA,1197,Fog,7017,83,96.76007113699664,14.0,21,78.21714674883688,1
TRAIN-3724,Texas-Portland,1731,Fog,5194,67,73.60360269444999,5.0,19,65.84521431378288,1
TRAIN-3725,Chicago-Seattle,1872,Fog,1000,83,78.47288862059148,22.0,2,83.89593837860062,0
TRAIN-3726,Texas-Portland,1010,Snow,2430,26,29.966402866178143,24.0,5,81.92765102313813,1
TRAIN-3727,Texas-Portland,1637,Fog,5345,67,76.23764656263714,10.0,18,75.52775189471828,1
TRAIN-3728,Chicago-Seattle,1135,Fog,7856,83,94.43336390327649,9.0,4,79.38552410644324,1
TRAIN-3729,Denver-LA,914,Rain,1031,47,44.75783420444333,7.0,12,89.91561842877078,0
TRAIN-3730,Chicago-Seattle,1712,Fog,5687,62,64.75850437040201,13.0,25,,1
TRAIN-3731,Texas-Portland,1017,Fog,3969,90,97.59946150192955,9.0,29,68.61899746527118,1
TRAIN-3732,Chicago-Seattle,1416,Fog,1751,47,44.69091441973255,3.0,3,93.56878885917607,0
TRAIN-3733,Texas-Portland,1337,Clear,4163,60,60.89332505839532,10.0,16,98.43695255936241,0
TRAIN-3734,Chicago-Seattle,501,Snow,2745,24,28.084740241720098,4.0,4,81.33672657291028,1
TRAIN-3735,Texas-Portland,1418,Rain,2834,90,93.5089166156964,24.0,23,78.04546929710766,1
TRAIN-3736,Texas-Portland,746,Snow,4936,71,82.52652726838957,7.0,24,72.66742263480165,1
TRAIN-3737,Chicago-Seattle,1691,Snow,2543,42,48.86349137641787,3.0,8,74.22807409401142,1
TRAIN-3738,Denver-LA,1120,Clear,4841,38,40.9986969753048,17.0,16,67.0839681742556,1
TRAIN-3739,Denver-LA,1681,Snow,3994,51,56.990964598009484,4.0,18,95.37317935646881,1
TRAIN-3740,Texas-Portland,909,Clear,3531,84,84.76254480098946,17.0,4,71.37380989699786,0
TRAIN-3741,Texas-Portland,943,Rain,3756,24,27.106029336654284,12.0,12,92.51480507018783,1
TRAIN-3742,Chicago-Seattle,1054,Fog,3672,60,72.2306634908754,24.0,16,71.738175553477,1
TRAIN-3743,Denver-LA,587,Fog,4465,91,96.55249120824472,6.0,11,76.41950673616505,1
TRAIN-3744,Texas-Portland,920,Clear,1027,82,77.9603827895463,20.0,24,82.57587732687236,0
TRAIN-3745,Denver-LA,1611,Fog,5436,78,88.44072224993093,12.0,23,83.47168349128995,1
TRAIN-3746,Texas-Portland,976,Fog,2966,76,79.10047723763941,17.0,22,77.41990244256144,1
TRAIN-3747,Texas-Portland,1798,Clear,3788,52,54.580029510241886,9.0,14,73.1411816831408,1
TRAIN-3748,Denver-LA,1646,Snow,6474,67,79.54987842051416,12.0,6,84.18297099440498,1
TRAIN-3749,Chicago-Seattle,756,Snow,3227,52,56.7001810122282,4.0,16,70.02111242834903,1
TRAIN-3750,Texas-Portland,504,Rain,4708,51,55.28315784355208,18.0,16,,1
TRAIN-3751,Chicago-Seattle,1960,Snow,5194,87,97.3966276427441,8.0,25,68.34680550234923,1
TRAIN-3752,Texas-Portland,1632,Rain,3531,56,54.92813605137635,3.0,5,84.01573603249622,0
TRAIN-3753,Texas-Portland,1295,Clear,5710,80,88.04882978937228,2.0,12,63.43182157135192,1
TRAIN-3754,Texas-Portland,1772,Clear,7868,53,65.04347432581324,12.0,28,80.48401889604068,1
TRAIN-3755,Chicago-Seattle,1074,Snow,1497,71,74.12717434943015,16.0,21,70.08295629728968,1
TRAIN-3756,Denver-LA,922,Fog,7562,78,87.62955579027953,6.0,14,68.57644614460584,1
TRAIN-3757,Chicago-Seattle,1799,Clear,4352,94,94.60535950421884,10.0,27,92.35332289146277,0
TRAIN-3758,Texas-Portland,781,Rain,3197,68,67.53610938650297,24.0,3,61.764618163275884,0
TRAIN-3759,Texas-Portland,898,Clear,1602,94,91.93118711778074,20.0,23,71.23252666625346,0
TRAIN-3760,Denver-LA,546,Snow,3140,74,75.14529443021465,5.0,9,,0
TRAIN-3761,Texas-Portland,1903,Rain,3910,88,90.02116425612914,21.0,26,80.3591416209226,1
TRAIN-3762,Texas-Portland,1495,Clear,2168,38,41.72970461784021,3.0,23,81.2231730207094,1
TRAIN-3763,Denver-LA,910,Snow,6961,84,100.8442139095543,9.0,20,75.36629032239705,1
TRAIN-3764,Denver-LA,1869,Fog,6779,25,36.10528112338862,8.0,26,70.34434422227113,1
TRAIN-3765,Chicago-Seattle,1810,Rain,5140,77,88.86586310022773,18.0,29,,1
TRAIN-3766,Texas-Portland,1589,Snow,4638,77,83.31490759276221,16.0,1,86.5932525127638,1
TRAIN-3767,Denver-LA,864,Clear,4044,73,73.92860429879393,19.0,14,75.78650641021062,0
TRAIN-3768,Chicago-Seattle,1827,Clear,5480,91,95.60460664843399,3.0,19,72.81622901979395,1
TRAIN-3769,Denver-LA,1772,Fog,4506,25,28.066807137104416,7.0,10,66.26849653509674,1
TRAIN-3770,Denver-LA,1862,Snow,1277,86,92.64465777131973,1.0,25,61.234409349421796,1
TRAIN-3771,Texas-Portland,808,Fog,7901,60,73.75870557589158,,25,78.23877958005724,1
TRAIN-3772,Texas-Portland,1194,Snow,7967,77,95.08249157241387,4.0,23,92.00078008489382,1
TRAIN-3773,Chicago-Seattle,1826,Rain,1787,64,66.52548725028227,17.0,4,87.03917011185771,1
TRAIN-3774,Texas-Portland,1840,Clear,5734,56,61.700378974721446,22.0,27,85.77791307248452,1
TRAIN-3775,Texas-Portland,1267,Clear,5308,89,90.91616140721513,8.0,21,80.69976208386265,0
TRAIN-3776,Denver-LA,773,Snow,4572,75,81.25894610147445,7.0,13,68.70842619248897,1
TRAIN-3777,Chicago-Seattle,987,Clear,5205,24,28.55787356919444,9.0,9,74.77556334634913,1
TRAIN-3778,Denver-LA,1857,Fog,7523,86,98.70892807399919,1.0,1,74.66366891044031,1
TRAIN-3779,Texas-Portland,1829,Snow,3667,74,80.10302000853171,18.0,29,86.86015992356394,1
TRAIN-3780,Denver-LA,1967,Clear,2094,29,27.786030236929374,21.0,16,80.08443306174676,0
TRAIN-3781,Denver-LA,1593,Snow,4136,66,66.79249745776951,14.0,6,71.90531703399813,0
TRAIN-3782,Chicago-Seattle,1741,Snow,2053,45,49.821501135976646,7.0,21,69.54650556284506,1
TRAIN-3783,Chicago-Seattle,1849,Rain,4724,48,49.88428108145482,17.0,2,,0
TRAIN-3784,Texas-Portland,517,Fog,7467,63,68.07029543120245,15.0,5,88.42695243093513,1
TRAIN-3785,Denver-LA,1017,Fog,1991,94,95.32454875984843,15.0,5,99.61401609398055,0
TRAIN-3786,Chicago-Seattle,1177,Rain,1107,94,89.28647576729561,9.0,1,97.41383248799463,0
TRAIN-3787,Texas-Portland,1830,Snow,1294,60,62.79142512528991,9.0,26,68.6051521211979,1
TRAIN-3788,Chicago-Seattle,874,Fog,5300,43,42.70194093839962,20.0,5,70.59872979271852,0
TRAIN-3789,Chicago-Seattle,849,Snow,5336,69,81.85850560381367,14.0,18,81.28219696851417,1
TRAIN-3790,Chicago-Seattle,509,Snow,3589,42,43.019977443773065,21.0,9,86.98810474917309,0
TRAIN-3791,Texas-Portland,1059,Rain,2514,73,71.59673176012222,5.0,25,82.00269740834611,0
TRAIN-3792,Chicago-Seattle,567,Clear,6330,78,80.31780187287302,1.0,21,82.09177515837996,1
TRAIN-3793,Chicago-Seattle,1744,Snow,7227,37,43.279610984081565,,9,87.35810576405959,1
TRAIN-3794,Chicago-Seattle,1585,Clear,3922,62,65.01155479834674,3.0,19,84.55215424474984,1
TRAIN-3795,Denver-LA,700,Fog,2687,75,82.54442060263152,1.0,27,67.08360707768168,1
TRAIN-3796,Chicago-Seattle,687,Rain,6293,66,73.8733146285277,23.0,6,85.04179381714967,1
TRAIN-3797,Denver-LA,1564,Snow,1035,69,70.58513230203582,22.0,17,64.58329542761176,0
TRAIN-3798,Denver-LA,763,Clear,4558,66,72.16149482214966,4.0,12,69.81611319593982,1
TRAIN-3799,Denver-LA,1272,Fog,3903,88,86.10163847652593,23.0,15,97.10543751061009,0
TRAIN-3800,Texas-Portland,788,Snow,2257,75,72.01265871062918,1.0,7,,0
TRAIN-3801,Texas-Portland,1480,Snow,5661,93,104.56821485539308,13.0,18,62.54731563448083,1
TRAIN-3802,Denver-LA,1336,Fog,7649,27,42.18653336840049,7.0,14,65.67235643735327,1
TRAIN-3803,Texas-Portland,1954,Snow,1659,92,94.80073876943159,6.0,1,74.12852791190302,1
TRAIN-3804,Denver-LA,1489,Rain,2603,61,67.38631448706391,18.0,13,76.11146122471288,1
TRAIN-3805,Chicago-Seattle,967,Fog,1810,53,55.09983724532446,9.0,26,74.61453639956181,1
TRAIN-3806,Chicago-Seattle,1540,Rain,2873,24,22.996082947507166,20.0,8,82.80568261765117,0
TRAIN-3807,Denver-LA,568,Clear,6022,30,35.97149642088445,1.0,1,61.01213570776152,1
TRAIN-3808,Texas-Portland,1575,Fog,2009,58,53.360052750817474,11.0,12,92.57908499325035,0
TRAIN-3809,Chicago-Seattle,1374,Rain,1730,93,95.5345217183703,2.0,3,62.65682486013431,1
TRAIN-3810,Denver-LA,828,Fog,2303,80,83.41600162371748,15.0,28,60.88531912423598,1
TRAIN-3811,Denver-LA,630,Fog,7595,32,41.1596870116649,16.0,10,99.10039320653043,1
TRAIN-3812,Denver-LA,1374,Fog,3205,39,41.10904969144649,23.0,26,61.66264318266927,1
TRAIN-3813,Denver-LA,1858,Snow,3946,64,64.68136635415107,10.0,19,75.42378123241348,0
TRAIN-3814,Texas-Portland,1381,Fog,1932,92,93.21758900923868,3.0,10,80.75415070679043,0
TRAIN-3815,Chicago-Seattle,517,Fog,2242,86,90.68128449401058,8.0,24,81.10364310088292,1
TRAIN-3816,Texas-Portland,1567,Fog,7659,66,76.48743761755489,19.0,4,78.29978661109284,1
TRAIN-3817,Denver-LA,1957,Snow,3011,39,39.499781720850464,16.0,13,80.77112925081767,0
TRAIN-3818,Texas-Portland,968,Rain,1052,74,76.80513937225462,20.0,24,69.86924916930421,1
TRAIN-3819,Texas-Portland,723,Snow,1940,76,75.748326530004,24.0,14,93.80945633479735,0
TRAIN-3820,Chicago-Seattle,950,Snow,7929,50,67.49023109229378,20.0,22,67.88939809032237,1
TRAIN-3821,Chicago-Seattle,1200,Fog,3898,61,67.91423308471019,7.0,29,77.46731602147766,1
TRAIN-3822,Chicago-Seattle,1288,Rain,4659,91,100.56827577082424,12.0,2,87.79324493395565,1
TRAIN-3823,Denver-LA,1179,Fog,7928,44,51.32920521427477,15.0,22,66.18277810450321,1
TRAIN-3824,Chicago-Seattle,1573,Rain,5693,28,39.22083988640444,13.0,22,86.34078701130524,1
TRAIN-3825,Texas-Portland,1003,Snow,7145,78,93.59514582445676,12.0,18,60.40532359656757,1
TRAIN-3826,Texas-Portland,1004,Fog,7909,65,77.17431928979278,18.0,11,95.77153868566563,1
TRAIN-3827,Denver-LA,1304,Clear,1133,25,22.08592255862907,,8,85.67872957853889,0
TRAIN-3828,Denver-LA,845,Rain,3938,57,60.32804520832192,17.0,3,91.58614767929957,1
TRAIN-3829,Chicago-Seattle,1238,Snow,2269,55,56.99976830223663,15.0,16,88.11834786062701,0
TRAIN-3830,Denver-LA,1019,Fog,1734,36,38.6681493417894,5.0,14,63.46540828257512,1
TRAIN-3831,Denver-LA,814,Snow,6354,27,35.79607230871686,15.0,22,67.93414612169471,1
TRAIN-3832,Chicago-Seattle,573,Snow,1337,59,60.39388698263835,24.0,26,87.30183976630826,0
TRAIN-3833,Denver-LA,977,Fog,4198,84,94.70626934117598,20.0,19,83.88368247115459,1
TRAIN-3834,Chicago-Seattle,1051,Clear,1692,68,56.73001372196052,23.0,24,81.28498500619118,0
TRAIN-3835,Chicago-Seattle,769,Rain,2615,41,37.14814732240363,10.0,14,68.45592387684462,0
TRAIN-3836,Texas-Portland,1997,Fog,7649,78,85.97524645257232,22.0,27,70.93718299001091,1
TRAIN-3837,Texas-Portland,1383,Clear,6850,69,73.09632147433942,3.0,21,89.75917191096369,1
TRAIN-3838,Chicago-Seattle,627,Fog,7852,52,64.02435518882322,15.0,9,82.4940701483208,1
TRAIN-3839,Denver-LA,941,Clear,2321,45,37.11848038295688,9.0,9,78.70592770493599,0
TRAIN-3840,Texas-Portland,1544,Snow,7254,29,44.15559541793022,4.0,16,66.90243359498395,1
TRAIN-3841,Chicago-Seattle,668,Fog,6284,39,46.80853984887671,12.0,29,67.75255958438358,1
TRAIN-3842,Texas-Portland,1634,Fog,2565,66,71.15265377118048,18.0,13,99.97114637577474,1
TRAIN-3843,Texas-Portland,888,Snow,3608,68,71.5487071951542,11.0,5,67.85387072185071,1
TRAIN-3844,Texas-Portland,774,Clear,3603,52,50.3687666294242,4.0,5,96.18561071466611,0
TRAIN-3845,Chicago-Seattle,1290,Snow,1725,55,57.41996507786905,11.0,3,88.42183996445937,1
TRAIN-3846,Denver-LA,1613,Fog,2662,38,45.24256890448141,16.0,25,89.78894668724756,1
TRAIN-3847,Texas-Portland,649,Fog,2186,49,49.003832706657356,10.0,18,91.851993414432,0
TRAIN-3848,Texas-Portland,1885,Fog,4058,73,78.6077036002274,20.0,13,63.71951546399448,1
TRAIN-3849,Texas-Portland,1959,Fog,1518,71,71.78979208198415,13.0,6,87.88266622750284,0
TRAIN-3850,Chicago-Seattle,1966,Snow,5423,41,58.220277677086756,17.0,19,64.00503656465733,1
TRAIN-3851,Texas-Portland,534,Fog,4387,59,68.05820690470193,9.0,22,61.846409102366636,1
TRAIN-3852,Chicago-Seattle,1041,Fog,4072,46,50.440092581422284,16.0,27,94.42353699649753,1
TRAIN-3853,Denver-LA,1804,Snow,2383,82,80.34078613792113,18.0,17,84.15545934265154,0
TRAIN-3854,Denver-LA,1597,Snow,3225,48,51.81783539987821,20.0,6,62.13357654069573,1
TRAIN-3855,Denver-LA,833,Clear,7596,25,33.85401032806461,8.0,23,87.94536526415716,1
TRAIN-3856,Texas-Portland,1250,Snow,4238,72,78.44486399342199,18.0,8,90.00042220980848,1
TRAIN-3857,Chicago-Seattle,1729,Snow,2661,40,39.908171263298385,6.0,5,98.76200793285702,0
TRAIN-3858,Denver-LA,698,Rain,5260,91,91.56066578607822,,3,,0
TRAIN-3859,Texas-Portland,1167,Rain,5773,33,38.989680915486154,12.0,16,84.54918024696231,1
TRAIN-3860,Denver-LA,1750,Clear,1525,77,68.53986344132014,18.0,9,70.54198800552291,0
TRAIN-3861,Texas-Portland,1276,Clear,1787,61,61.02274797197492,19.0,1,79.50310386295057,0
TRAIN-3862,Texas-Portland,1892,Fog,7264,41,52.68743739157421,20.0,15,74.10553261487753,1
TRAIN-3863,Texas-Portland,703,Snow,4562,39,48.268919036014225,14.0,28,92.19989050715193,1
TRAIN-3864,Denver-LA,948,Rain,3925,40,42.714290980025815,24.0,19,83.86682985320627,1
TRAIN-3865,Chicago-Seattle,1963,Rain,5080,40,43.01143034864735,12.0,10,92.68954174377171,1
TRAIN-3866,Texas-Portland,1187,Fog,6885,89,94.89949514059818,22.0,24,87.32599261235274,1
TRAIN-3867,Texas-Portland,1224,Rain,5467,78,82.61061117524929,4.0,29,94.36733749832413,1
TRAIN-3868,Denver-LA,1321,Fog,6526,77,85.64046380473555,2.0,2,81.38610277615982,1
TRAIN-3869,Chicago-Seattle,851,Rain,1289,53,53.62687202699395,22.0,19,74.60393736215548,0
TRAIN-3870,Denver-LA,1135,Snow,2306,41,49.92749946441313,13.0,29,89.20804694294816,1
TRAIN-3871,Texas-Portland,669,Snow,5894,90,99.31852843906813,23.0,14,78.52233940477856,1
TRAIN-3872,Texas-Portland,588,Clear,3668,57,57.89960344082927,1.0,8,99.9536769715529,0
TRAIN-3873,Denver-LA,1262,Rain,4342,78,87.57208644858284,18.0,13,62.671150770831986,1
TRAIN-3874,Denver-LA,588,Rain,4598,85,91.50312172036911,4.0,28,89.94452188462864,1
TRAIN-3875,Denver-LA,522,Fog,1323,74,75.4208187645819,12.0,4,77.81202025010167,0
TRAIN-3876,Chicago-Seattle,1360,Rain,6325,79,91.29738308319523,18.0,24,73.97788538984184,1
TRAIN-3877,Texas-Portland,579,Rain,5391,48,53.543456993339305,21.0,13,74.08678692807644,1
TRAIN-3878,Denver-LA,1347,Clear,5995,66,69.42595725839922,20.0,24,88.65491972379957,1
TRAIN-3879,Chicago-Seattle,705,Fog,7172,68,76.97856190988009,10.0,8,65.56005544007239,1
TRAIN-3880,Texas-Portland,1119,Clear,6583,92,94.51204847021643,21.0,5,94.15092622629604,1
TRAIN-3881,Denver-LA,1648,Fog,6981,33,42.75127652334771,20.0,14,96.60042897323859,1
TRAIN-3882,Denver-LA,1382,Clear,4115,57,64.62921174901406,13.0,28,98.46929959930642,1
TRAIN-3883,Texas-Portland,1036,Clear,1534,86,85.41645245628051,16.0,7,62.97591229299818,0
TRAIN-3884,Texas-Portland,581,Fog,5818,85,95.9909740022223,4.0,2,86.09268257676169,1
TRAIN-3885,Denver-LA,1996,Fog,3033,84,87.00206773921674,16.0,29,96.22626171317961,1
TRAIN-3886,Texas-Portland,1033,Fog,1556,63,59.4249458379625,19.0,19,91.56549404831374,0
TRAIN-3887,Chicago-Seattle,1916,Snow,4817,28,34.72424071500814,24.0,23,94.37600159297793,1
TRAIN-3888,Denver-LA,572,Fog,2067,24,19.583352084014162,23.0,5,87.01086692223473,0
TRAIN-3889,Texas-Portland,1304,Snow,3269,75,83.9742446059425,17.0,2,80.80156052302732,1
TRAIN-3890,Denver-LA,567,Clear,6218,55,63.29237262086573,13.0,6,80.97517280479082,1
TRAIN-3891,Chicago-Seattle,1058,Clear,5637,79,89.27604985044074,11.0,16,91.39156820691937,1
TRAIN-3892,Denver-LA,1100,Rain,4542,75,83.14080453050852,8.0,15,97.8500301470242,1
TRAIN-3893,Chicago-Seattle,1680,Fog,6672,64,68.93374977023228,21.0,28,82.10071293384247,1
TRAIN-3894,Chicago-Seattle,534,Snow,4251,34,40.33059107066178,2.0,8,93.52930831542517,1
TRAIN-3895,Chicago-Seattle,1663,Fog,1256,72,72.91454333611532,9.0,16,61.6701568704492,0
TRAIN-3896,Chicago-Seattle,1036,Snow,5527,73,83.6677781121043,15.0,27,99.84574602728672,1
TRAIN-3897,Chicago-Seattle,1002,Fog,6163,39,45.259406710023775,17.0,6,75.12192351046323,1
TRAIN-3898,Denver-LA,1659,Fog,4060,30,38.15414417975746,2.0,8,72.29366636682602,1
TRAIN-3899,Denver-LA,1789,Clear,6841,52,55.71032962817877,3.0,6,72.57214325082874,1
TRAIN-3900,Texas-Portland,1219,Snow,2382,76,75.94047045208592,24.0,27,65.92552749157247,0
TRAIN-3901,Chicago-Seattle,565,Rain,2492,53,54.15690836275266,6.0,7,63.55943015738059,0
TRAIN-3902,Texas-Portland,881,Fog,1218,95,95.70031878876382,14.0,9,68.36560301747546,0
TRAIN-3903,Chicago-Seattle,1896,Fog,7098,37,49.48693947062114,10.0,28,87.78802564555593,1
TRAIN-3904,Chicago-Seattle,1648,Fog,2145,82,81.39127768967184,15.0,10,60.87541825826618,0
TRAIN-3905,Texas-Portland,841,Fog,5816,64,70.87484090765207,19.0,20,74.00802793122692,1
TRAIN-3906,Denver-LA,1534,Snow,7079,87,98.59926040128857,6.0,21,67.98333051050653,1
TRAIN-3907,Texas-Portland,689,Fog,6371,84,95.87477997200503,6.0,19,80.0265653111588,1
TRAIN-3908,Texas-Portland,803,Fog,1884,92,87.3388577111233,21.0,2,88.68788404699376,0
TRAIN-3909,Chicago-Seattle,1286,Fog,5457,88,94.6957249746385,15.0,28,88.73611163715209,1
TRAIN-3910,Denver-LA,1591,Snow,4652,93,98.93076247301215,1.0,15,73.9919179724164,1
TRAIN-3911,Denver-LA,1996,Clear,1380,70,66.77749696131069,18.0,22,93.44764681544011,0
TRAIN-3912,Chicago-Seattle,851,Snow,6990,28,41.061816766784666,2.0,17,99.84703690768009,1
TRAIN-3913,Texas-Portland,1453,Snow,3405,63,67.16364320512972,24.0,10,94.52955648823871,1
TRAIN-3914,Texas-Portland,1408,Snow,1700,29,32.00251949890819,8.0,1,60.738675834449744,1
TRAIN-3915,Texas-Portland,1726,Rain,6103,67,76.83720744438037,11.0,14,68.23730982695048,1
TRAIN-3916,Texas-Portland,1033,Clear,1630,26,20.205715093127484,9.0,10,68.51340807116367,0
TRAIN-3917,Denver-LA,1933,Clear,4195,95,98.27209936821156,9.0,18,70.34850558814462,1
TRAIN-3918,Denver-LA,1040,Rain,3023,29,31.591458833271545,18.0,6,90.86900230918658,1
TRAIN-3919,Denver-LA,1918,Snow,1418,39,39.856733364647475,9.0,5,86.9173240218325,0
TRAIN-3920,Denver-LA,1696,Rain,3958,47,50.35625361885344,20.0,16,71.42556762603179,1
TRAIN-3921,Denver-LA,1495,Snow,1924,80,84.41902097398074,3.0,10,66.58426792992802,1
TRAIN-3922,Denver-LA,1940,Clear,2282,41,39.07673335079006,5.0,28,97.06440882453808,0
TRAIN-3923,Texas-Portland,1925,Rain,5469,53,66.23328731581616,17.0,24,72.48465358742146,1
TRAIN-3924,Chicago-Seattle,1345,Rain,2379,30,31.78971921473012,14.0,17,87.17313402125978,0
TRAIN-3925,Texas-Portland,895,Fog,2447,86,87.61746064621548,10.0,25,70.11342026252368,0
TRAIN-3926,Texas-Portland,1727,Clear,4908,47,50.936046382547254,24.0,6,76.4819084459453,1
TRAIN-3927,Denver-LA,1439,Fog,5731,77,80.66385784923484,6.0,22,93.4363027740967,1
TRAIN-3928,Denver-LA,1473,Clear,1502,30,31.04471057620981,18.0,15,96.90490337965696,0
TRAIN-3929,Chicago-Seattle,1899,Rain,1996,56,57.48015574733747,22.0,27,90.93563987175563,0
TRAIN-3930,Denver-LA,1080,Fog,3599,26,27.68145113042779,7.0,2,69.0425480164388,0
TRAIN-3931,Texas-Portland,1706,Rain,1332,74,74.18459138365976,14.0,10,82.49405261366604,0
TRAIN-3932,Chicago-Seattle,1525,Snow,6903,67,76.59202297330445,24.0,19,66.48433103783711,1
TRAIN-3933,Denver-LA,763,Clear,6561,92,100.85914063340394,,21,,1
TRAIN-3934,Denver-LA,1578,Rain,7476,81,91.42088950993,12.0,25,69.84801133353014,1
TRAIN-3935,Chicago-Seattle,933,Fog,2380,78,77.86658612665042,12.0,12,90.71342010444306,0
TRAIN-3936,Texas-Portland,1121,Fog,6971,42,49.15597870521865,7.0,5,84.64972056284323,1
TRAIN-3937,Denver-LA,840,Rain,7280,65,81.9738305302384,17.0,29,76.27114160136429,1
TRAIN-3938,Chicago-Seattle,1536,Snow,2946,94,97.42835648879442,19.0,14,85.58981720403966,1
TRAIN-3939,Texas-Portland,1460,Fog,6010,74,77.89716511126821,17.0,18,65.97150993431129,1
TRAIN-3940,Denver-LA,1589,Clear,4656,89,91.91688721256041,22.0,3,72.24169760626778,1
TRAIN-3941,Texas-Portland,1435,Clear,3706,82,83.77614777367302,9.0,7,83.36653704478948,0
TRAIN-3942,Chicago-Seattle,1448,Fog,1242,39,37.26777009594,15.0,7,66.60837323839613,0
TRAIN-3943,Texas-Portland,1472,Rain,7559,66,82.56772638234614,20.0,6,67.72081778119141,1
TRAIN-3944,Texas-Portland,1684,Snow,7307,46,63.73810817142954,2.0,17,60.62594710895992,1
TRAIN-3945,Chicago-Seattle,503,Snow,3129,69,73.4943157211802,6.0,20,98.26261256479165,1
TRAIN-3946,Chicago-Seattle,1999,Snow,2116,57,55.91557596161858,4.0,11,93.30709677718022,0
TRAIN-3947,Texas-Portland,522,Clear,2633,89,86.50445264171958,1.0,26,72.64571439482012,0
TRAIN-3948,Denver-LA,1442,Rain,2842,42,40.910410472657816,22.0,20,70.7887247961797,0
TRAIN-3949,Chicago-Seattle,1454,Fog,5933,77,84.96073274586347,14.0,10,89.17144405078638,1
TRAIN-3950,Texas-Portland,1251,Rain,1955,51,47.550949441441354,23.0,27,91.15534510028644,0
TRAIN-3951,Chicago-Seattle,1822,Snow,7362,62,74.25659668752849,9.0,23,86.18090017683629,1
TRAIN-3952,Denver-LA,1608,Fog,1084,40,37.52630451038771,13.0,5,63.130276486305966,0
TRAIN-3953,Chicago-Seattle,1023,Snow,2659,36,41.54042435395821,15.0,11,75.82649532466512,1
TRAIN-3954,Texas-Portland,682,Rain,4683,89,84.75681500089726,5.0,4,67.25894600851149,0
TRAIN-3955,Chicago-Seattle,1526,Snow,6227,31,45.44361251289904,22.0,11,79.18781967084465,1
TRAIN-3956,Denver-LA,530,Rain,3202,49,54.889905612574616,2.0,18,64.93315268412603,1
TRAIN-3957,Denver-LA,512,Snow,2143,41,45.44396172200922,8.0,16,78.96493989207133,1
TRAIN-3958,Denver-LA,1140,Rain,2035,40,43.759334342404784,9.0,13,92.3462263447542,1
TRAIN-3959,Texas-Portland,799,Clear,2694,54,53.022184320507876,,26,,0
TRAIN-3960,Texas-Portland,1252,Fog,5550,88,94.50138527335692,3.0,6,87.74084504705459,1
TRAIN-3961,Texas-Portland,533,Snow,5694,40,51.14963660674255,17.0,24,77.01927002376323,1
TRAIN-3962,Texas-Portland,1871,Clear,3763,72,77.38563651721822,14.0,28,92.03163768669043,1
TRAIN-3963,Chicago-Seattle,1111,Fog,3016,35,38.03745064721458,8.0,1,92.3295258946527,1
TRAIN-3964,Chicago-Seattle,770,Fog,7480,31,42.63466418684146,18.0,20,92.23454542932367,1
TRAIN-3965,Chicago-Seattle,1709,Clear,6591,41,49.97686165471537,13.0,24,77.53361372136018,1
TRAIN-3966,Texas-Portland,1744,Rain,1585,61,57.88723091753513,10.0,2,81.6244931166718,0
TRAIN-3967,Texas-Portland,1467,Rain,5411,72,75.40673963680531,18.0,16,95.40831667875239,1
TRAIN-3968,Denver-LA,830,Clear,6679,42,46.48733568392861,2.0,6,72.10570670005637,1
TRAIN-3969,Texas-Portland,1252,Fog,5746,80,88.80022985848395,3.0,28,87.31964245305745,1
TRAIN-3970,Texas-Portland,901,Fog,6651,66,71.23662709859549,21.0,8,96.7515683506846,1
TRAIN-3971,Denver-LA,1394,Snow,7776,82,95.54503574123434,4.0,19,64.13932217952006,1
TRAIN-3972,Denver-LA,522,Snow,1191,67,68.34945337034914,1.0,1,65.67256743320056,0
TRAIN-3973,Denver-LA,1118,Snow,4040,39,49.901529749846404,14.0,29,92.24079973300613,1
TRAIN-3974,Texas-Portland,735,Fog,4927,40,43.63542408522385,8.0,24,87.58636738614672,1
TRAIN-3975,Chicago-Seattle,982,Rain,5500,41,43.42334675995251,9.0,3,90.055769433488,1
TRAIN-3976,Denver-LA,1251,Clear,5735,92,92.93992381202185,11.0,7,86.25347794354212,0
TRAIN-3977,Texas-Portland,1810,Clear,1012,52,52.849790147856126,1.0,25,94.12174677208739,0
TRAIN-3978,Denver-LA,569,Fog,7271,76,85.65454344707089,15.0,12,90.51794910535423,1
TRAIN-3979,Denver-LA,1107,Rain,1420,48,45.360809803894455,11.0,23,71.34293737392922,0
TRAIN-3980,Denver-LA,549,Clear,4936,93,96.20485030300136,21.0,9,74.53429259220397,1
TRAIN-3981,Denver-LA,1212,Clear,1129,46,39.298543643564955,17.0,8,70.80893744920617,0
TRAIN-3982,Denver-LA,1719,Clear,7203,80,90.20794412198985,11.0,13,73.56150469866746,1
TRAIN-3983,Denver-LA,1756,Snow,4386,89,92.45587192564884,21.0,14,85.12030685517576,1
TRAIN-3984,Chicago-Seattle,1262,Clear,1162,32,27.946919473956658,20.0,17,97.45572665012693,0
TRAIN-3985,Chicago-Seattle,635,Snow,6943,70,82.05519306582993,15.0,23,84.33815782808924,1
TRAIN-3986,Texas-Portland,1104,Snow,3224,90,97.73266660558026,12.0,6,97.2168667123168,1
TRAIN-3987,Chicago-Seattle,601,Snow,5559,29,37.48226088469993,8.0,9,66.5279382196086,1
TRAIN-3988,Texas-Portland,670,Fog,2899,94,94.53310505464951,10.0,17,89.28338655058201,0
TRAIN-3989,Denver-LA,1623,Rain,4339,79,80.60207248409196,14.0,27,79.58654231854945,0
TRAIN-3990,Texas-Portland,1238,Snow,5257,81,90.1642931740009,4.0,1,90.2177631385332,1
TRAIN-3991,Texas-Portland,1990,Rain,7563,86,98.32153213317432,20.0,22,93.69941759876,1
TRAIN-3992,Chicago-Seattle,1117,Snow,1918,67,66.63120463904993,16.0,14,72.16822320537803,0
TRAIN-3993,Texas-Portland,1178,Rain,1487,66,67.58461163040803,12.0,7,62.76366785826389,0
TRAIN-3994,Denver-LA,1987,Fog,2583,90,93.73809650915345,13.0,18,97.77200445561115,1
TRAIN-3995,Chicago-Seattle,1480,Fog,2399,60,59.83470609047434,2.0,15,99.90108523338105,0
TRAIN-3996,Denver-LA,1127,Snow,1877,81,79.81094805488831,2.0,16,71.23050582760916,0
TRAIN-3997,Denver-LA,1494,Rain,1317,79,74.87654853055628,2.0,1,96.38162672963422,0
TRAIN-3998,Texas-Portland,1178,Clear,6381,42,47.7828722157497,14.0,11,86.96395316091335,1
TRAIN-3999,Chicago-Seattle,1498,Fog,4468,66,75.4616720524302,5.0,25,70.26809402147941,1
TRAIN-4000,Texas-Portland,1845,Rain,7869,71,77.15027939499804,5.0,10,91.04979084736505,1
TRAIN-4001,Texas-Portland,1745,Snow,6107,40,48.727591366131165,12.0,11,75.30849744866899,1
TRAIN-4002,Chicago-Seattle,796,Rain,1702,57,59.861885190107856,1.0,16,64.53150689058485,1
TRAIN-4003,Denver-LA,1255,Rain,5691,75,80.6055879718163,16.0,20,76.25447655369737,1
TRAIN-4004,Texas-Portland,1599,Rain,1732,92,94.26823405440197,11.0,8,63.55471181088041,1
TRAIN-4005,Texas-Portland,1673,Snow,1416,83,81.62804513350643,19.0,10,78.38371711114527,0
TRAIN-4006,Denver-LA,952,Rain,1175,38,30.504921767159388,23.0,4,71.7556095214766,0
TRAIN-4007,Denver-LA,1011,Fog,4006,61,61.643048188806546,22.0,16,90.1863372562879,0
TRAIN-4008,Texas-Portland,790,Snow,7431,45,62.01576976169573,19.0,15,99.2126005635563,1
TRAIN-4009,Chicago-Seattle,1884,Fog,3126,49,50.91509360360567,9.0,7,98.62614369564642,0
TRAIN-4010,Texas-Portland,612,Rain,5566,60,59.59148853860126,16.0,12,98.3305942056098,0
TRAIN-4011,Texas-Portland,1805,Clear,6415,46,49.858336579854615,19.0,27,99.20949596291464,1
TRAIN-4012,Denver-LA,1652,Snow,1903,63,65.70140079005657,9.0,7,66.86992567233247,1
TRAIN-4013,Chicago-Seattle,1684,Fog,1976,58,58.06175210392973,19.0,1,90.86641710793162,0
TRAIN-4014,Denver-LA,1980,Rain,4667,93,96.91880773680488,23.0,7,92.51068347410842,1
TRAIN-4015,Texas-Portland,1415,Clear,2503,46,48.17459686175314,20.0,2,65.13199350056121,1
TRAIN-4016,Denver-LA,1756,Rain,2667,44,44.888186732887526,8.0,9,75.81208813909323,0
TRAIN-4017,Denver-LA,660,Clear,5897,92,93.76376375769027,19.0,18,89.81902158639173,0
TRAIN-4018,Chicago-Seattle,666,Snow,4774,75,82.01649146389536,17.0,25,,1
TRAIN-4019,Denver-LA,973,Snow,1370,33,30.516435224349472,13.0,9,89.73822635677634,0
TRAIN-4020,Chicago-Seattle,1231,Rain,7847,37,58.163956740172225,19.0,3,,1
TRAIN-4021,Chicago-Seattle,1152,Fog,2557,45,46.87827602018521,6.0,14,97.30460056678902,0
TRAIN-4022,Chicago-Seattle,1718,Snow,2055,52,53.58557311219314,4.0,23,90.08019059041652,0
TRAIN-4023,Texas-Portland,1132,Clear,7164,35,43.9389103293003,11.0,24,68.79749681768223,1
TRAIN-4024,Texas-Portland,1214,Rain,4471,70,80.44484856742149,19.0,27,80.7214536909318,1
TRAIN-4025,Texas-Portland,1784,Clear,1930,69,66.56685061804957,19.0,12,96.91727808901516,0
TRAIN-4026,Chicago-Seattle,517,Clear,1819,32,33.61355323591597,15.0,21,98.55789786087112,0
TRAIN-4027,Denver-LA,1320,Clear,1628,28,22.072095588287546,12.0,16,66.25730613922943,0
TRAIN-4028,Chicago-Seattle,1392,Clear,7983,87,94.176474639281,12.0,8,69.10547839004275,1
TRAIN-4029,Chicago-Seattle,1836,Fog,7163,80,86.83310265520517,14.0,17,69.40115271011568,1
TRAIN-4030,Denver-LA,1408,Snow,3924,89,95.10741915745517,19.0,24,83.15217676182259,1
TRAIN-4031,Texas-Portland,1365,Rain,2699,30,30.410847191315447,20.0,25,61.853258044907456,0
TRAIN-4032,Texas-Portland,522,Clear,2612,48,48.89912501494037,10.0,27,,0
TRAIN-4033,Chicago-Seattle,1941,Clear,2131,77,71.96614485551456,,18,97.19875919603211,0
TRAIN-4034,Chicago-Seattle,1736,Snow,6756,57,71.79502934912553,11.0,11,68.13328055793646,1
TRAIN-4035,Denver-LA,943,Clear,7089,26,34.16552093411363,12.0,3,70.76047971733973,1
TRAIN-4036,Texas-Portland,644,Clear,5146,85,88.03875298929397,8.0,2,74.63139445225926,1
TRAIN-4037,Texas-Portland,629,Snow,1025,24,25.67235084153111,21.0,27,60.99683282699707,0
TRAIN-4038,Texas-Portland,935,Snow,5302,28,35.94768244347415,15.0,20,98.19925745817835,1
TRAIN-4039,Denver-LA,668,Fog,6521,63,75.87849301837096,1.0,18,78.65068905135996,1
TRAIN-4040,Chicago-Seattle,896,Clear,5353,52,59.19361871168683,10.0,24,77.60080460281115,1
TRAIN-4041,Denver-LA,1334,Rain,5134,85,94.2097527360267,13.0,29,82.42587549608322,1
TRAIN-4042,Texas-Portland,1273,Clear,2789,61,51.65876103358178,1.0,1,80.54428986939286,0
TRAIN-4043,Texas-Portland,1976,Snow,4313,63,71.99857217632044,9.0,19,70.87063463520018,1
TRAIN-4044,Denver-LA,1375,Snow,2310,63,62.88579516104933,5.0,1,88.5356294985074,0
TRAIN-4045,Chicago-Seattle,812,Fog,7317,86,96.13330890583096,24.0,18,79.14449845216205,1
TRAIN-4046,Texas-Portland,1267,Snow,7560,33,44.02470112034944,24.0,27,86.6089094260733,1
TRAIN-4047,Texas-Portland,579,Rain,4855,69,72.11136905078197,19.0,16,92.53861488110891,1
TRAIN-4048,Denver-LA,1693,Snow,3256,41,47.999208064846286,11.0,25,94.54646155068242,1
TRAIN-4049,Denver-LA,849,Fog,6832,67,78.80945380111834,4.0,20,85.08532772137283,1
TRAIN-4050,Chicago-Seattle,727,Fog,3766,83,86.76272592946594,12.0,15,97.72894138684055,1
TRAIN-4051,Texas-Portland,634,Rain,2945,53,54.13019544394456,10.0,24,99.95974851827346,0
TRAIN-4052,Texas-Portland,1296,Fog,7560,26,37.927049622069546,18.0,29,,1
TRAIN-4053,Denver-LA,1568,Fog,1199,71,73.94667741277297,16.0,28,91.01521748019087,1
TRAIN-4054,Denver-LA,1923,Clear,1021,37,33.61147383247665,17.0,25,98.83788404770456,0
TRAIN-4055,Denver-LA,959,Snow,7761,66,82.55562520628928,1.0,17,78.10136191077487,1
TRAIN-4056,Denver-LA,637,Rain,5370,70,74.35300949564397,8.0,3,80.6561846847662,1
TRAIN-4057,Chicago-Seattle,740,Clear,7962,61,67.03830233087712,13.0,11,78.22867016716219,1
TRAIN-4058,Chicago-Seattle,1256,Snow,2584,58,58.875019942326986,20.0,3,74.09660640787938,0
TRAIN-4059,Texas-Portland,715,Fog,1188,29,31.71961413589465,6.0,27,60.5545437602967,1
TRAIN-4060,Texas-Portland,1301,Fog,6932,26,30.10881765975114,8.0,27,67.95732351263564,1
TRAIN-4061,Chicago-Seattle,1180,Clear,5696,39,39.745285918622216,17.0,1,81.1634110648184,0
TRAIN-4062,Denver-LA,1333,Clear,3732,46,40.08278345158046,8.0,11,97.04082555480412,0
TRAIN-4063,Texas-Portland,1820,Clear,1467,76,69.66442974580345,23.0,3,80.45309992803028,0
TRAIN-4064,Denver-LA,867,Clear,4139,79,78.59725217638793,6.0,12,79.78409653417737,0
TRAIN-4065,Denver-LA,1665,Clear,5425,35,39.65593157332978,23.0,6,69.7063680061776,1
TRAIN-4066,Texas-Portland,855,Snow,1710,70,72.10511206607441,4.0,25,98.994862983999,1
TRAIN-4067,Denver-LA,1239,Snow,5230,27,34.0349257456231,21.0,23,77.54401493064378,1
TRAIN-4068,Texas-Portland,1520,Fog,1130,79,75.84242459674823,,29,91.92802325309732,0
TRAIN-4069,Texas-Portland,1755,Clear,4716,44,38.19385198332854,18.0,3,76.00907160484076,0
TRAIN-4070,Denver-LA,767,Clear,2155,55,50.681858073121234,4.0,6,63.57541367166241,0
TRAIN-4071,Texas-Portland,1702,Fog,6458,68,77.8229494462062,9.0,22,98.13820428441127,1
TRAIN-4072,Texas-Portland,1495,Fog,5144,35,41.443256272200024,11.0,10,68.46544961018733,1
TRAIN-4073,Texas-Portland,1597,Clear,2851,25,24.234733285270938,11.0,27,79.81470709247645,0
TRAIN-4074,Texas-Portland,1186,Snow,6378,45,53.54528634364955,20.0,4,85.42528621229455,1
TRAIN-4075,Texas-Portland,1673,Clear,4524,45,47.3311188280173,13.0,29,69.47438999563775,1
TRAIN-4076,Texas-Portland,1435,Rain,7568,86,92.91634245727953,7.0,6,95.31006476273744,1
TRAIN-4077,Chicago-Seattle,897,Fog,4282,77,77.64288041882159,16.0,27,67.33698597540297,0
TRAIN-4078,Texas-Portland,1708,Snow,1045,31,25.5379142109635,10.0,10,82.07178212726349,0
TRAIN-4079,Texas-Portland,987,Snow,2272,86,83.31316254063728,23.0,6,96.12681267848842,0
TRAIN-4080,Chicago-Seattle,1915,Fog,2790,74,76.22828811844232,24.0,10,77.58258621412098,1
TRAIN-4081,Texas-Portland,802,Fog,7467,49,59.458433067542806,6.0,24,91.57009337130009,1
TRAIN-4082,Texas-Portland,719,Rain,5585,61,69.27003830711574,3.0,4,66.01379811961205,1
TRAIN-4083,Denver-LA,1870,Rain,7349,85,96.57361306598364,1.0,20,96.13988237300869,1
TRAIN-4084,Chicago-Seattle,867,Fog,5334,76,78.02587898059112,20.0,4,91.34848369771737,1
TRAIN-4085,Denver-LA,550,Fog,2705,59,64.26053323781593,23.0,10,72.62669570543602,1
TRAIN-4086,Denver-LA,1736,Snow,5141,69,80.31396083459089,4.0,21,84.80582550946777,1
TRAIN-4087,Texas-Portland,940,Snow,2522,95,97.60156877011988,15.0,26,92.36713659860825,1
TRAIN-4088,Texas-Portland,1090,Snow,1716,40,40.03827255382349,10.0,16,93.12631339240492,0
TRAIN-4089,Texas-Portland,825,Clear,4981,87,90.01993158410667,10.0,5,64.69826804171714,1
TRAIN-4090,Texas-Portland,716,Snow,6558,27,39.061920342670824,1.0,19,68.3135008225571,1
TRAIN-4091,Chicago-Seattle,798,Fog,6799,85,96.460677846013,5.0,27,76.37284937452134,1
TRAIN-4092,Denver-LA,1291,Fog,3436,44,48.63484248597615,3.0,22,75.32029032745538,1
TRAIN-4093,Denver-LA,1006,Fog,4005,62,68.77133945104913,20.0,18,75.20442838818347,1
TRAIN-4094,Texas-Portland,891,Rain,7743,83,92.00107520749478,4.0,22,83.32064070987518,1
TRAIN-4095,Texas-Portland,1724,Rain,1063,48,51.04455707761578,18.0,24,94.23421183051201,1
TRAIN-4096,Denver-LA,1314,Snow,7474,53,61.56876547073627,23.0,16,63.461123800668126,1
TRAIN-4097,Texas-Portland,1755,Rain,5905,56,60.28268716445429,9.0,23,89.67639669507426,1
TRAIN-4098,Texas-Portland,1360,Fog,3035,47,48.113349311992174,18.0,7,67.57324747888717,0
TRAIN-4099,Chicago-Seattle,1033,Clear,6291,70,73.84170476938353,5.0,27,99.59572768056768,1
TRAIN-4100,Denver-LA,1313,Rain,3272,33,36.260910343182644,21.0,7,68.18211876717662,1
TRAIN-4101,Texas-Portland,1870,Rain,1073,71,67.57344151956924,21.0,4,99.11469589518484,0
TRAIN-4102,Denver-LA,1470,Fog,2615,26,25.606728511404704,9.0,6,96.36416478629442,0
TRAIN-4103,Chicago-Seattle,1432,Fog,7534,33,42.186588440168485,11.0,6,93.84737596831195,1
TRAIN-4104,Denver-LA,549,Clear,2868,64,60.09537375113767,5.0,5,81.90261451465263,0
TRAIN-4105,Texas-Portland,551,Snow,7047,63,77.77889958651821,1.0,23,70.96453497944043,1
TRAIN-4106,Texas-Portland,516,Clear,7669,64,69.54935290496537,15.0,6,79.78340966211121,1
TRAIN-4107,Texas-Portland,1520,Rain,3336,70,74.78321107916831,13.0,21,85.49114262126824,1
TRAIN-4108,Chicago-Seattle,802,Snow,2175,30,28.833865602614342,1.0,26,84.65435682441012,0
TRAIN-4109,Chicago-Seattle,573,Clear,3297,39,41.09923775766488,3.0,6,71.92678250294293,1
TRAIN-4110,Chicago-Seattle,839,Rain,3133,41,39.528820093493025,17.0,17,90.61813589544778,0
TRAIN-4111,Texas-Portland,927,Clear,5573,58,62.78620432432344,10.0,20,90.32085258003644,1
TRAIN-4112,Texas-Portland,927,Fog,4363,95,98.46739934149448,24.0,14,67.44133656443185,1
TRAIN-4113,Chicago-Seattle,1478,Clear,4352,74,75.65481398724579,18.0,8,72.17352232762266,0
TRAIN-4114,Texas-Portland,1740,Snow,2605,64,68.34346676557313,13.0,2,81.89857147537478,1
TRAIN-4115,Chicago-Seattle,1569,Rain,5331,88,96.55873162927861,22.0,26,93.7372144367949,1
TRAIN-4116,Chicago-Seattle,999,Fog,2767,68,73.69446607450519,10.0,21,64.65161507566893,1
TRAIN-4117,Chicago-Seattle,1097,Rain,1874,86,84.03980538611032,24.0,14,65.1595271247275,0
TRAIN-4118,Denver-LA,1650,Fog,3372,52,49.57845048822723,15.0,15,74.89138604191123,0
TRAIN-4119,Chicago-Seattle,1200,Snow,5796,59,74.14972966792901,2.0,14,91.01966767857724,1
TRAIN-4120,Texas-Portland,1446,Snow,5220,27,31.34471270587383,24.0,5,77.24058598983733,1
TRAIN-4121,Texas-Portland,1406,Snow,4999,40,51.721800902916854,22.0,19,64.66557656607876,1
TRAIN-4122,Denver-LA,1727,Clear,4977,61,64.38909894094668,13.0,22,90.97052927184727,1
TRAIN-4123,Texas-Portland,1945,Fog,7115,28,31.919935490390152,13.0,10,88.03013035026511,1
TRAIN-4124,Denver-LA,1822,Rain,4815,74,80.45998568956271,17.0,22,79.00060783853853,1
TRAIN-4125,Texas-Portland,628,Rain,3531,94,95.01997537034447,11.0,19,90.34994703145173,0
TRAIN-4126,Chicago-Seattle,1307,Clear,3469,63,58.914159090114175,15.0,4,85.62052768762592,0
TRAIN-4127,Chicago-Seattle,980,Snow,6568,40,50.9734789542719,14.0,24,68.19295657989743,1
TRAIN-4128,Texas-Portland,1579,Fog,7947,94,107.89441529882211,16.0,28,,1
TRAIN-4129,Chicago-Seattle,1089,Rain,6787,62,70.04054692033175,10.0,6,76.73581688161221,1
TRAIN-4130,Texas-Portland,1359,Snow,1224,46,45.76944577233182,6.0,9,77.07944181931722,0
TRAIN-4131,Denver-LA,565,Fog,1708,71,71.20108715462075,14.0,28,98.47704095958709,0
TRAIN-4132,Chicago-Seattle,991,Fog,3158,82,84.24418254276382,24.0,17,66.393287204269,1
TRAIN-4133,Texas-Portland,1526,Rain,7962,38,54.771574957586644,13.0,2,86.41423936833678,1
TRAIN-4134,Denver-LA,1576,Fog,4604,82,84.38975807828545,4.0,5,98.07031767429076,1
TRAIN-4135,Chicago-Seattle,1804,Rain,6529,86,94.74989199354373,17.0,17,82.56380057813647,1
TRAIN-4136,Chicago-Seattle,1888,Clear,5777,36,45.20169288246341,23.0,16,82.83752276292695,1
TRAIN-4137,Texas-Portland,1646,Fog,1672,83,83.19932182624414,9.0,9,78.4522829478395,0
TRAIN-4138,Texas-Portland,1509,Fog,6060,36,46.53842186519389,12.0,19,78.4662264676333,1
TRAIN-4139,Chicago-Seattle,560,Fog,3237,74,78.80387714335141,2.0,27,70.30057634131106,1
TRAIN-4140,Texas-Portland,1355,Snow,4592,47,55.82271662526445,9.0,28,66.64419823433603,1
TRAIN-4141,Texas-Portland,1904,Fog,3531,64,65.69694049727929,20.0,14,66.78648851626207,0
TRAIN-4142,Chicago-Seattle,1676,Rain,6950,30,37.2534344817478,22.0,5,89.65097421452174,1
TRAIN-4143,Chicago-Seattle,1074,Clear,3614,55,56.250719080655074,22.0,15,88.55288560583182,0
TRAIN-4144,Texas-Portland,1309,Snow,3332,59,65.69036538061886,23.0,19,70.46056081735102,1
TRAIN-4145,Denver-LA,1727,Snow,5346,85,96.60076059874531,12.0,25,66.52548990164331,1
TRAIN-4146,Denver-LA,1653,Fog,3975,90,100.33558114831965,13.0,20,72.98574835042656,1
TRAIN-4147,Chicago-Seattle,583,Fog,4347,38,47.002575912761436,23.0,28,98.22542066005562,1
TRAIN-4148,Texas-Portland,882,Snow,7949,56,73.17132314242144,20.0,10,77.74077624956796,1
TRAIN-4149,Chicago-Seattle,1431,Rain,2036,81,83.96251949854519,12.0,14,61.313571493404496,1
TRAIN-4150,Denver-LA,1592,Fog,7625,66,75.62714897366706,8.0,18,66.95642656941999,1
TRAIN-4151,Chicago-Seattle,1411,Fog,6632,27,34.186314122864765,1.0,4,87.67990907513791,1
TRAIN-4152,Texas-Portland,781,Rain,5146,50,56.10759036587508,2.0,28,81.93764081158052,1
TRAIN-4153,Denver-LA,555,Clear,6246,68,67.18768833584559,3.0,17,95.95446358573676,0
TRAIN-4154,Texas-Portland,1205,Snow,3493,66,73.79040127607342,,29,91.02149151781455,1
TRAIN-4155,Texas-Portland,1677,Snow,1302,94,95.1683746004662,18.0,22,91.22602741540234,0
TRAIN-4156,Texas-Portland,1229,Clear,5580,32,42.044499432162745,3.0,18,82.08131617181024,1
TRAIN-4157,Texas-Portland,620,Clear,1064,60,59.68326924377876,23.0,5,76.01057265814607,0
TRAIN-4158,Denver-LA,1030,Clear,2400,86,82.15479996812331,11.0,3,96.0865194261467,0
TRAIN-4159,Denver-LA,887,Fog,1439,65,60.22185661648177,2.0,29,95.78139813341687,0
TRAIN-4160,Texas-Portland,1257,Fog,4090,88,90.2095456830274,18.0,23,74.43354602983364,1
TRAIN-4161,Chicago-Seattle,1691,Fog,5896,73,80.0967502096515,6.0,17,72.77954964366367,1
TRAIN-4162,Chicago-Seattle,1357,Clear,4743,26,27.658747749067576,18.0,9,77.85709421241125,0
TRAIN-4163,Chicago-Seattle,754,Clear,4034,64,66.0025552991269,5.0,13,87.28988763650267,1
TRAIN-4164,Texas-Portland,603,Snow,7427,47,62.002878499193926,15.0,22,90.00991694570838,1
TRAIN-4165,Denver-LA,1199,Snow,7231,94,106.89636608810832,18.0,12,,1
TRAIN-4166,Denver-LA,1391,Fog,5622,82,97.65522333164957,20.0,25,66.03768954126795,1
TRAIN-4167,Chicago-Seattle,535,Clear,6663,48,56.02644789789375,20.0,12,78.91522020234424,1
TRAIN-4168,Denver-LA,874,Snow,2571,90,98.81324457940855,5.0,19,94.81440201454768,1
TRAIN-4169,Denver-LA,1199,Clear,2349,84,82.90129669837292,2.0,20,91.08465920690985,0
TRAIN-4170,Chicago-Seattle,644,Rain,6096,91,100.03159016192629,15.0,5,60.419032560866505,1
TRAIN-4171,Denver-LA,1708,Fog,3110,75,73.88812707187277,21.0,5,83.54403371759349,0
TRAIN-4172,Denver-LA,912,Fog,1560,63,63.41704175963792,2.0,18,68.67305598598678,0
TRAIN-4173,Texas-Portland,1036,Fog,1414,33,31.12898455510514,22.0,15,91.76325269724451,0
TRAIN-4174,Texas-Portland,903,Rain,2868,47,50.668736064297825,14.0,8,99.29570746688876,1
TRAIN-4175,Denver-LA,1343,Fog,3380,41,41.158815518288534,18.0,10,74.74405006848653,0
TRAIN-4176,Chicago-Seattle,1854,Clear,1344,78,68.98319672031276,19.0,14,72.24811699493146,0
TRAIN-4177,Denver-LA,1097,Clear,5188,81,91.45551366065602,22.0,21,93.78098030445722,1
TRAIN-4178,Denver-LA,817,Rain,3613,53,51.93351954585141,19.0,15,79.85987694847827,0
TRAIN-4179,Chicago-Seattle,1295,Clear,7240,87,97.0077963188568,18.0,14,91.19451509574034,1
TRAIN-4180,Texas-Portland,975,Fog,7439,89,95.6761590115774,17.0,14,62.59391204735727,1
TRAIN-4181,Denver-LA,883,Clear,4148,26,27.737450200294006,24.0,14,96.22041102668427,0
TRAIN-4182,Texas-Portland,1473,Snow,1177,34,36.999577075741925,24.0,26,76.26460937031223,1
TRAIN-4183,Texas-Portland,1879,Clear,7454,50,58.286371150640605,,23,90.1674574519915,1
TRAIN-4184,Texas-Portland,935,Snow,5664,64,73.6575508201549,18.0,10,77.17594338259528,1
TRAIN-4185,Chicago-Seattle,1022,Clear,7916,45,53.77085446270997,2.0,5,72.34366767017859,1
TRAIN-4186,Denver-LA,1936,Rain,3655,82,86.60897314962841,18.0,2,80.58761714382464,1
TRAIN-4187,Chicago-Seattle,550,Clear,5649,76,81.88788892415252,10.0,9,86.51090376062047,1
TRAIN-4188,Denver-LA,1357,Clear,5313,47,52.72264031057712,7.0,21,91.38001137072563,1
TRAIN-4189,Chicago-Seattle,1719,Fog,6033,90,101.32589419976738,21.0,19,95.05049427034695,1
TRAIN-4190,Texas-Portland,686,Snow,7552,54,70.35364879700762,10.0,26,87.82595345947698,1
TRAIN-4191,Texas-Portland,916,Fog,1066,80,77.6830148266241,3.0,17,70.20351627491334,0
TRAIN-4192,Chicago-Seattle,1350,Snow,2820,74,78.20166945282124,1.0,11,65.04480542818438,1
TRAIN-4193,Texas-Portland,1725,Snow,7417,29,50.56351544959002,1.0,21,79.27441373161696,1
TRAIN-4194,Chicago-Seattle,544,Rain,2429,74,75.11883228142655,16.0,26,97.97503387157263,0
TRAIN-4195,Denver-LA,1648,Clear,5613,81,77.23576701133771,9.0,4,68.80030416271129,0
TRAIN-4196,Chicago-Seattle,1746,Rain,4301,52,65.51997442384466,16.0,27,68.34777432795012,1
TRAIN-4197,Denver-LA,1106,Clear,1807,53,55.35178323077327,24.0,5,80.20097819636072,1
TRAIN-4198,Chicago-Seattle,1994,Fog,2797,31,34.88515220406788,10.0,10,86.44806389625025,1
TRAIN-4199,Chicago-Seattle,1747,Fog,4961,68,70.34658004650412,7.0,2,93.08872739869976,1
TRAIN-4200,Texas-Portland,1938,Fog,7359,93,102.95954468084807,9.0,11,77.8041019742326,1
TRAIN-4201,Texas-Portland,1440,Fog,4878,46,50.651082601388154,20.0,18,73.50169115474186,1
TRAIN-4202,Denver-LA,1425,Clear,6906,45,53.500850912059086,6.0,5,71.7310707245063,1
TRAIN-4203,Chicago-Seattle,731,Snow,3286,70,71.16534222063704,12.0,3,82.72293720903306,0
TRAIN-4204,Texas-Portland,1550,Clear,6087,76,78.5165935385853,15.0,18,,1
TRAIN-4205,Chicago-Seattle,1237,Clear,6230,92,99.1475945965124,14.0,14,,1
TRAIN-4206,Chicago-Seattle,1512,Snow,2046,64,64.57565564146947,6.0,11,89.82333198393512,0
TRAIN-4207,Chicago-Seattle,1204,Rain,2525,61,63.67990835646201,18.0,3,74.6562376125344,1
TRAIN-4208,Denver-LA,904,Clear,7659,30,35.87720625602341,17.0,17,,1
TRAIN-4209,Chicago-Seattle,1403,Fog,2003,91,91.64054319794721,5.0,2,72.66196584378734,0
TRAIN-4210,Texas-Portland,1350,Snow,5282,88,99.6939198097956,11.0,2,93.24870215792669,1
TRAIN-4211,Denver-LA,601,Snow,3935,47,58.65306514893851,17.0,29,95.87402114046373,1
TRAIN-4212,Chicago-Seattle,1902,Fog,3029,35,43.47460776003369,12.0,16,88.69623015757384,1
TRAIN-4213,Texas-Portland,911,Snow,5075,43,50.69900444985193,1.0,13,60.68141155999347,1
TRAIN-4214,Chicago-Seattle,504,Rain,6714,78,87.37833143125077,16.0,17,60.33882989801131,1
TRAIN-4215,Denver-LA,1553,Clear,2024,33,29.117760207736488,2.0,10,79.4240733841302,0
TRAIN-4216,Denver-LA,660,Clear,4826,26,33.01687345434673,12.0,26,70.3554350039526,1
TRAIN-4217,Texas-Portland,607,Fog,2166,60,55.9295869882975,1.0,8,80.96559639761544,0
TRAIN-4218,Chicago-Seattle,1994,Snow,4250,57,66.68216520974624,22.0,29,66.4615429956426,1
TRAIN-4219,Denver-LA,716,Clear,2928,84,81.30601428158049,5.0,4,88.19400825607525,0
TRAIN-4220,Chicago-Seattle,1951,Fog,4011,44,44.96025665201843,5.0,14,95.58776312919368,0
TRAIN-4221,Texas-Portland,1051,Snow,7753,91,108.72097815492306,22.0,17,94.67977354789494,1
TRAIN-4222,Texas-Portland,1559,Clear,6535,74,84.70418232056177,2.0,22,70.5522769344797,1
TRAIN-4223,Denver-LA,1521,Fog,3737,49,52.74093476657107,5.0,22,92.17702030898596,1
TRAIN-4224,Chicago-Seattle,858,Clear,1600,24,17.04445987036148,7.0,10,78.68919285812774,0
TRAIN-4225,Chicago-Seattle,1820,Clear,7324,47,51.65190840213884,19.0,4,,1
TRAIN-4226,Denver-LA,1894,Snow,2944,88,90.9088596597088,19.0,17,92.53830262852962,1
TRAIN-4227,Chicago-Seattle,1484,Snow,7169,32,50.99736766639577,6.0,28,85.71034613262799,1
TRAIN-4228,Chicago-Seattle,753,Rain,5741,78,83.91837369507653,5.0,1,76.56625733020113,1
TRAIN-4229,Denver-LA,874,Fog,6227,78,88.0139943676221,18.0,23,73.19876567733947,1
TRAIN-4230,Chicago-Seattle,997,Rain,3039,50,61.42930303721903,9.0,10,74.54699444767873,1
TRAIN-4231,Denver-LA,532,Clear,4507,69,66.48502938624428,16.0,5,99.26676629271677,0
TRAIN-4232,Texas-Portland,1841,Snow,6507,54,62.33642165964737,7.0,12,91.99915988673013,1
TRAIN-4233,Texas-Portland,1820,Fog,2550,70,66.71655942625165,20.0,4,94.60729559522031,0
TRAIN-4234,Chicago-Seattle,689,Snow,2654,81,84.74276618883232,8.0,12,91.7311909392931,1
TRAIN-4235,Chicago-Seattle,1229,Clear,5815,77,83.12793246449725,12.0,21,81.97670051634599,1
TRAIN-4236,Texas-Portland,596,Clear,2348,50,46.82742727075041,10.0,12,77.36882806602794,0
TRAIN-4237,Chicago-Seattle,1599,Fog,2065,87,93.39253815033943,17.0,7,65.62156510287026,1
TRAIN-4238,Denver-LA,1623,Fog,6946,43,56.928361254608205,22.0,23,97.99048122295184,1
TRAIN-4239,Texas-Portland,1441,Rain,7064,33,45.50342704645253,22.0,16,60.51586741943302,1
TRAIN-4240,Chicago-Seattle,1872,Fog,1105,40,37.64844972550445,18.0,22,76.50613219199425,0
TRAIN-4241,Chicago-Seattle,510,Clear,1259,53,52.97088463299726,18.0,21,98.20909221586592,0
TRAIN-4242,Texas-Portland,736,Rain,1935,51,53.60275878077951,16.0,27,83.11182493054388,1
TRAIN-4243,Chicago-Seattle,790,Fog,3221,62,65.5305335882488,19.0,9,89.79595342557101,1
TRAIN-4244,Chicago-Seattle,1144,Rain,2815,36,35.20540735781405,23.0,3,78.45458295761414,0
TRAIN-4245,Texas-Portland,1685,Snow,2635,43,49.925718798266814,10.0,3,87.82095647735659,1
TRAIN-4246,Texas-Portland,1728,Snow,5188,63,73.67344909225255,15.0,29,96.9502536072795,1
TRAIN-4247,Denver-LA,980,Rain,7002,34,50.49780260264458,18.0,29,80.63848031806151,1
TRAIN-4248,Denver-LA,1190,Rain,2628,66,69.47970916971228,4.0,23,78.40184896373232,1
TRAIN-4249,Chicago-Seattle,1333,Rain,6031,31,40.01741823444916,5.0,28,76.16019002905726,1
TRAIN-4250,Chicago-Seattle,1245,Fog,3744,43,48.36982006424603,16.0,13,75.4597196674573,1
TRAIN-4251,Chicago-Seattle,1341,Snow,4160,44,54.440455793051356,15.0,1,73.58136226348532,1
TRAIN-4252,Chicago-Seattle,1602,Clear,1417,91,87.916577127873,,14,61.528117023937135,0
TRAIN-4253,Chicago-Seattle,1966,Fog,5644,46,53.050762685706445,2.0,2,99.72831908494581,1
TRAIN-4254,Chicago-Seattle,1052,Fog,4579,92,99.16080876107526,22.0,14,66.0228426627396,1
TRAIN-4255,Chicago-Seattle,1178,Clear,3035,48,45.54864372005316,10.0,15,67.58905715768798,0
TRAIN-4256,Texas-Portland,1997,Clear,6034,72,76.68565276714975,17.0,28,83.53920692512965,1
TRAIN-4257,Denver-LA,1984,Snow,6666,81,90.20112634427586,1.0,27,66.8364547926558,1
TRAIN-4258,Chicago-Seattle,570,Snow,6888,90,97.45792779440859,17.0,2,88.05292890038166,1
TRAIN-4259,Texas-Portland,856,Fog,7772,75,87.38820847328658,14.0,7,94.72324779553578,1
TRAIN-4260,Chicago-Seattle,1519,Fog,1107,60,61.946217108108314,3.0,28,,0
TRAIN-4261,Denver-LA,1678,Rain,6706,81,94.99787315056206,4.0,22,63.86426954445803,1
TRAIN-4262,Chicago-Seattle,1680,Rain,2200,24,18.530329732939155,17.0,4,64.13687983582011,0
TRAIN-4263,Texas-Portland,923,Clear,5350,49,55.580933914033615,22.0,3,96.27495092529517,1
TRAIN-4264,Texas-Portland,1070,Fog,3264,53,62.880944910406086,23.0,19,64.83477410835908,1
TRAIN-4265,Chicago-Seattle,1549,Rain,4286,26,29.708063266386596,8.0,9,72.03593356335415,1
TRAIN-4266,Denver-LA,665,Clear,2905,90,93.97182195719047,20.0,11,92.20210375661858,1
TRAIN-4267,Denver-LA,841,Snow,1887,28,28.41688918479821,14.0,2,69.86866535635306,0
TRAIN-4268,Texas-Portland,576,Fog,5571,55,58.05051827941229,4.0,12,94.42439038302555,1
TRAIN-4269,Chicago-Seattle,1476,Snow,7321,57,66.15368593482789,7.0,10,68.61363685457829,1
TRAIN-4270,Chicago-Seattle,926,Snow,6072,40,49.52479545099837,8.0,12,,1
TRAIN-4271,Denver-LA,676,Clear,7461,58,61.65319429979122,7.0,28,62.02600865415593,1
TRAIN-4272,Texas-Portland,1266,Rain,6140,80,90.11772378095239,8.0,28,87.02364551275942,1
TRAIN-4273,Texas-Portland,1257,Clear,2620,84,82.63828870329183,21.0,21,75.37774436970183,0
TRAIN-4274,Chicago-Seattle,1602,Rain,5174,36,43.57058782181908,2.0,5,75.66879351829947,1
TRAIN-4275,Denver-LA,851,Rain,4545,32,36.29247130438478,7.0,12,89.8426603698871,1
TRAIN-4276,Chicago-Seattle,1303,Clear,3781,90,88.14126317891245,3.0,4,91.27892748371973,0
TRAIN-4277,Texas-Portland,724,Fog,4846,88,91.14932425608504,9.0,3,86.08404284584441,1
TRAIN-4278,Denver-LA,870,Clear,5045,56,63.91543790341018,7.0,8,,1
TRAIN-4279,Denver-LA,1354,Rain,1052,28,24.702866514834433,13.0,13,,0
TRAIN-4280,Texas-Portland,1649,Fog,2766,58,57.21564304838751,19.0,8,,0
TRAIN-4281,Chicago-Seattle,1369,Snow,3804,84,92.30800417228501,3.0,9,74.70040702882844,1
TRAIN-4282,Chicago-Seattle,852,Snow,7136,25,38.15584167426875,1.0,6,60.208473708138065,1
TRAIN-4283,Chicago-Seattle,583,Snow,6039,83,90.9205469470995,3.0,1,77.48088348036822,1
TRAIN-4284,Chicago-Seattle,1360,Clear,7538,95,106.23806625114044,1.0,13,62.10721872168997,1
TRAIN-4285,Denver-LA,737,Rain,1238,51,47.40961474272465,16.0,14,68.38802770472044,0
TRAIN-4286,Chicago-Seattle,1226,Rain,1587,84,82.47874983533433,4.0,23,81.47013551228518,0
TRAIN-4287,Denver-LA,685,Fog,3101,39,45.9362859019525,14.0,27,94.5726652544364,1
TRAIN-4288,Denver-LA,761,Snow,5186,63,73.09097341805995,18.0,12,67.08594262250509,1
TRAIN-4289,Denver-LA,1738,Fog,1888,32,35.38598357351756,6.0,20,67.62436355659453,1
TRAIN-4290,Denver-LA,840,Rain,7869,36,49.419272877904426,1.0,16,61.15044830607065,1
TRAIN-4291,Denver-LA,619,Rain,7939,68,82.50881718861422,2.0,18,93.74895411567957,1
TRAIN-4292,Denver-LA,817,Snow,4522,29,34.52763454222752,6.0,20,83.67336303267587,1
TRAIN-4293,Denver-LA,1858,Fog,7936,49,62.01696620182716,7.0,29,93.5819032722538,1
TRAIN-4294,Denver-LA,957,Fog,5142,64,71.56300797142408,14.0,24,97.90012780892124,1
TRAIN-4295,Chicago-Seattle,1389,Rain,4862,33,27.647854031635305,3.0,13,91.00710555816102,0
TRAIN-4296,Chicago-Seattle,907,Rain,2769,93,94.37204302874,14.0,13,65.62541221663105,0
TRAIN-4297,Texas-Portland,1383,Rain,6452,87,94.96787345212998,5.0,28,84.69221526620561,1
TRAIN-4298,Chicago-Seattle,1076,Clear,3433,49,52.75145794419418,16.0,29,92.41803337003712,1
TRAIN-4299,Chicago-Seattle,1170,Fog,7266,25,36.09522947585809,16.0,26,82.67737554652379,1
TRAIN-4300,Texas-Portland,1295,Snow,5672,52,59.5772971229135,5.0,2,65.44049374691785,1
TRAIN-4301,Denver-LA,690,Clear,1146,50,48.39800777475022,9.0,14,,0
TRAIN-4302,Denver-LA,874,Rain,2489,37,36.80807244035828,10.0,22,63.4799372548997,0
TRAIN-4303,Denver-LA,1889,Fog,6102,76,87.35765194200167,7.0,3,99.12235159872753,1
TRAIN-4304,Denver-LA,686,Clear,4081,40,42.045043592589046,7.0,5,80.86406836776244,1
TRAIN-4305,Denver-LA,1001,Rain,7098,61,74.94967638034782,13.0,26,64.33349458854657,1
TRAIN-4306,Denver-LA,1889,Rain,6032,41,50.49406376257571,23.0,1,66.75308637165799,1
TRAIN-4307,Texas-Portland,1395,Fog,5086,85,95.4166115214588,,19,61.45425380903081,1
TRAIN-4308,Chicago-Seattle,724,Clear,6986,53,55.94437623573741,13.0,6,68.83098935363901,1
TRAIN-4309,Denver-LA,1606,Rain,4730,48,50.805846467680304,20.0,1,96.56634068602763,1
TRAIN-4310,Denver-LA,1922,Rain,7938,50,56.6956809534312,18.0,11,97.20855862242001,1
TRAIN-4311,Texas-Portland,932,Clear,7510,59,65.69572392326381,14.0,4,90.90563190817285,1
TRAIN-4312,Chicago-Seattle,1690,Snow,7439,74,83.78462655174934,4.0,22,73.59406508666927,1
TRAIN-4313,Denver-LA,1136,Rain,5967,38,46.191850488380915,19.0,27,95.55724702206145,1
TRAIN-4314,Denver-LA,1887,Clear,2642,69,62.08748088800884,4.0,18,62.762226098574445,0
TRAIN-4315,Texas-Portland,584,Snow,6377,86,101.15434049594582,1.0,26,64.68106273571924,1
TRAIN-4316,Texas-Portland,1172,Fog,5066,53,58.69104790205842,16.0,7,71.3131875209989,1
TRAIN-4317,Denver-LA,1761,Fog,7619,41,52.28660028648767,18.0,26,73.35610872998866,1
TRAIN-4318,Chicago-Seattle,1855,Rain,2894,28,31.206282440019198,13.0,7,76.94118102339286,1
TRAIN-4319,Chicago-Seattle,623,Clear,4210,89,94.03844735358055,10.0,18,79.46385600433358,1
TRAIN-4320,Denver-LA,1676,Rain,7273,94,107.11393387587648,,24,74.25504618330302,1
TRAIN-4321,Denver-LA,1073,Clear,1154,87,83.94190729457165,15.0,10,65.00108633393286,0
TRAIN-4322,Denver-LA,1738,Rain,2231,32,32.83746763654436,3.0,1,82.3818283141458,0
TRAIN-4323,Chicago-Seattle,552,Rain,5315,77,82.69741827282122,24.0,12,94.03236782819118,1
TRAIN-4324,Texas-Portland,1796,Fog,3406,59,65.45764401280456,1.0,28,90.39189050265233,1
TRAIN-4325,Texas-Portland,640,Snow,2912,93,99.82604696225046,3.0,25,83.23594605685658,1
TRAIN-4326,Texas-Portland,1441,Fog,3855,41,44.2471284017436,5.0,13,65.61925964446071,1
TRAIN-4327,Denver-LA,834,Clear,6967,72,80.98747806315907,10.0,12,60.00066844460801,1
TRAIN-4328,Chicago-Seattle,1823,Snow,1462,39,45.91215911059463,15.0,12,87.86036471672392,1
TRAIN-4329,Denver-LA,1021,Rain,5999,44,52.68604344888744,5.0,7,86.28877485692968,1
TRAIN-4330,Chicago-Seattle,572,Clear,1297,81,81.41346648725289,7.0,20,82.85185725686546,0
TRAIN-4331,Denver-LA,1001,Rain,3474,73,75.49974735271672,22.0,21,89.62093095392024,1
TRAIN-4332,Texas-Portland,1321,Rain,3712,86,90.42153986158826,23.0,4,90.29125337414933,1
TRAIN-4333,Denver-LA,974,Rain,4676,26,28.91024906511948,1.0,4,82.48734165665454,1
TRAIN-4334,Texas-Portland,1922,Clear,1913,40,38.243574563393594,10.0,26,66.57884156769695,0
TRAIN-4335,Denver-LA,1957,Snow,4381,93,99.79426736952921,15.0,8,60.498898591213774,1
TRAIN-4336,Chicago-Seattle,792,Rain,5641,68,70.46898954206766,1.0,10,66.04234061255644,1
TRAIN-4337,Chicago-Seattle,1669,Clear,4702,92,100.41345277867242,2.0,24,72.51529406655362,1
TRAIN-4338,Denver-LA,1987,Rain,4586,72,81.65189441037052,17.0,20,80.4729741970209,1
TRAIN-4339,Texas-Portland,995,Rain,3171,86,88.37296631467022,12.0,7,,1
TRAIN-4340,Texas-Portland,671,Fog,4216,79,81.8624368199257,18.0,13,85.11836921113886,1
TRAIN-4341,Chicago-Seattle,1972,Rain,3857,31,34.289200033372126,4.0,26,87.10971410075693,1
TRAIN-4342,Denver-LA,1849,Snow,5385,36,38.849906456372615,23.0,18,75.57319145163896,1
TRAIN-4343,Chicago-Seattle,846,Rain,3065,73,79.51567787175097,23.0,21,82.35810459965336,1
TRAIN-4344,Chicago-Seattle,1592,Rain,3680,61,63.70187028909728,8.0,29,97.69538704759157,1
TRAIN-4345,Denver-LA,765,Rain,6530,62,72.08878862257083,17.0,27,86.50072438000896,1
TRAIN-4346,Denver-LA,1751,Fog,3167,60,61.70609865245886,4.0,26,85.55996503029849,0
TRAIN-4347,Texas-Portland,566,Clear,5728,84,84.26920432397199,19.0,23,85.40260650732598,0
TRAIN-4348,Denver-LA,856,Fog,3061,77,77.74486344905493,9.0,24,62.50064734370362,0
TRAIN-4349,Texas-Portland,1678,Clear,4852,51,52.95659114874459,6.0,8,88.23520351493775,0
TRAIN-4350,Chicago-Seattle,591,Fog,2365,71,72.43174618075913,18.0,10,63.15756667093395,0
TRAIN-4351,Texas-Portland,1495,Clear,7150,58,66.85487453120332,14.0,18,62.65156576888852,1
TRAIN-4352,Chicago-Seattle,1688,Fog,6763,41,46.28132745906012,4.0,2,72.0085423550175,1
TRAIN-4353,Denver-LA,511,Fog,7878,79,91.84761855192478,4.0,16,96.79713414946976,1
TRAIN-4354,Chicago-Seattle,1913,Clear,3720,64,66.43691216157156,15.0,5,61.009676743677346,1
TRAIN-4355,Chicago-Seattle,1499,Fog,2249,77,74.09621927401479,4.0,6,65.61050279035199,0
TRAIN-4356,Texas-Portland,1667,Snow,5284,25,36.258674189907914,8.0,29,,1
TRAIN-4357,Texas-Portland,1872,Rain,2668,44,43.65011802687835,9.0,23,74.55809068014091,0
TRAIN-4358,Texas-Portland,990,Snow,5867,82,95.22723440947094,15.0,28,84.42222932209143,1
TRAIN-4359,Texas-Portland,1678,Clear,7251,76,82.17648442622006,1.0,21,80.65684281769629,1
TRAIN-4360,Chicago-Seattle,638,Rain,6875,54,64.65104262568508,2.0,3,95.07677050556816,1
TRAIN-4361,Texas-Portland,1517,Rain,1211,53,51.95711006144983,17.0,7,79.35737050749954,0
TRAIN-4362,Chicago-Seattle,515,Fog,6824,27,35.70069623693881,15.0,15,,1
TRAIN-4363,Denver-LA,556,Fog,6112,68,79.71288010062426,11.0,19,96.70945872046056,1
TRAIN-4364,Texas-Portland,1948,Snow,5938,36,45.03376687149889,23.0,2,80.32994677450966,1
TRAIN-4365,Denver-LA,634,Fog,5223,63,75.2463519212442,8.0,25,83.90186167753183,1
TRAIN-4366,Chicago-Seattle,1208,Clear,2897,70,66.51338155216132,8.0,5,91.96014179333444,0
TRAIN-4367,Chicago-Seattle,1522,Rain,6904,86,91.49114619619722,10.0,10,92.27444491288902,1
TRAIN-4368,Chicago-Seattle,1131,Fog,4445,52,60.513083971031065,18.0,25,98.50772990465107,1
TRAIN-4369,Chicago-Seattle,1116,Rain,3521,24,29.88602810021692,19.0,28,93.07593565774256,1
TRAIN-4370,Denver-LA,1606,Rain,4672,35,33.93897783047616,15.0,19,66.66372518599651,0
TRAIN-4371,Denver-LA,767,Clear,5396,50,53.36411937257985,2.0,4,64.95047828100235,1
TRAIN-4372,Texas-Portland,633,Fog,3090,74,73.07703902872385,18.0,15,70.50198307794444,0
TRAIN-4373,Texas-Portland,1115,Rain,4925,34,33.78278220007383,22.0,16,64.04947124372,0
TRAIN-4374,Texas-Portland,1387,Rain,2776,83,85.33083769771731,9.0,13,93.75127270127588,1
TRAIN-4375,Denver-LA,1775,Snow,1211,84,80.01269932020762,10.0,1,83.88323954041405,0
TRAIN-4376,Texas-Portland,1773,Clear,1701,83,78.92243321598478,8.0,13,62.82674666793592,0
TRAIN-4377,Denver-LA,799,Rain,1109,78,76.52604847265577,13.0,19,70.34544559064307,0
TRAIN-4378,Texas-Portland,792,Fog,6198,63,70.17037461820854,4.0,21,90.685049663285,1
TRAIN-4379,Denver-LA,687,Snow,5568,64,71.32741515064644,3.0,24,92.69950388335276,1
TRAIN-4380,Texas-Portland,1555,Fog,6814,54,69.09626437192823,23.0,6,98.00475159680647,1
TRAIN-4381,Denver-LA,1397,Rain,4943,43,46.919492171149194,2.0,1,82.00614912864204,1
TRAIN-4382,Chicago-Seattle,1794,Snow,1207,32,35.460125449778026,20.0,16,68.9290488797986,1
TRAIN-4383,Texas-Portland,1334,Rain,5390,37,43.921583328340205,17.0,17,62.48738533841059,1
TRAIN-4384,Chicago-Seattle,746,Rain,7829,85,95.09932892941947,24.0,11,86.86392571406961,1
TRAIN-4385,Chicago-Seattle,1802,Snow,3852,69,74.14411236484999,7.0,5,66.02877260256506,1
TRAIN-4386,Chicago-Seattle,703,Snow,2937,63,68.02344852187058,6.0,23,68.15480107917865,1
TRAIN-4387,Denver-LA,1713,Rain,6856,81,89.5130522753022,2.0,15,85.39496285153842,1
TRAIN-4388,Texas-Portland,536,Fog,7275,62,73.18721495728641,3.0,4,79.2276117091197,1
TRAIN-4389,Denver-LA,566,Clear,4008,44,47.92371278733196,20.0,23,64.16061866080743,1
TRAIN-4390,Texas-Portland,823,Clear,5695,33,39.58731208420752,12.0,21,75.73218390759884,1
TRAIN-4391,Denver-LA,691,Rain,3758,53,52.88936768917439,3.0,12,70.5983255575047,0
TRAIN-4392,Chicago-Seattle,1776,Snow,5874,41,52.99162820757048,24.0,20,96.21032512901616,1
TRAIN-4393,Chicago-Seattle,1972,Snow,4663,39,48.36323506593513,18.0,15,62.559585861518755,1
TRAIN-4394,Chicago-Seattle,961,Snow,5813,63,74.19203939366335,7.0,6,92.75942583160389,1
TRAIN-4395,Texas-Portland,878,Snow,7898,44,61.501961795836706,1.0,25,64.66831793024802,1
TRAIN-4396,Denver-LA,1009,Rain,4365,54,57.59455113875737,10.0,3,73.20560636636569,1
TRAIN-4397,Chicago-Seattle,758,Fog,4016,81,82.46274518448786,8.0,11,88.13695418535055,0
TRAIN-4398,Denver-LA,1707,Fog,3474,94,96.1413737763364,9.0,26,80.61023096385625,1
TRAIN-4399,Denver-LA,1054,Fog,2926,51,59.4412302559379,18.0,17,66.40627111485136,1
TRAIN-4400,Chicago-Seattle,1371,Clear,5123,88,90.4933637358968,14.0,24,77.97871391933548,1
TRAIN-4401,Texas-Portland,704,Fog,7987,50,58.452614139102906,14.0,4,74.23346875120102,1
TRAIN-4402,Denver-LA,1047,Clear,1546,81,80.69758952597246,22.0,5,76.9554585591801,0
TRAIN-4403,Chicago-Seattle,1645,Clear,3789,45,44.09342674509074,19.0,20,98.79863217119697,0
TRAIN-4404,Chicago-Seattle,1701,Clear,2015,65,65.18652412828496,1.0,28,67.5206326061075,0
TRAIN-4405,Texas-Portland,1915,Rain,1029,36,28.33260091024072,6.0,29,85.71482200599237,0
TRAIN-4406,Chicago-Seattle,1045,Fog,2553,60,61.85628899574766,19.0,13,73.29494875689593,0
TRAIN-4407,Texas-Portland,1860,Clear,3663,36,32.407257491289954,14.0,1,60.18258159368682,0
TRAIN-4408,Texas-Portland,1874,Fog,6727,95,107.51642644745333,11.0,5,94.84690811781809,1
TRAIN-4409,Chicago-Seattle,1784,Rain,2002,52,48.701005548781744,19.0,25,74.51819154170775,0
TRAIN-4410,Denver-LA,1376,Rain,3906,56,58.86399922364084,18.0,3,68.92152051965118,1
TRAIN-4411,Denver-LA,1184,Fog,7506,78,83.17966366059566,22.0,21,66.70653202598389,1
TRAIN-4412,Texas-Portland,1318,Snow,5535,54,64.88044956555723,9.0,19,69.15046966417506,1
TRAIN-4413,Denver-LA,871,Rain,4167,86,86.27665025638453,10.0,1,91.31410387177282,0
TRAIN-4414,Denver-LA,1480,Snow,7783,66,80.20914210480468,13.0,21,70.65739518869631,1
TRAIN-4415,Chicago-Seattle,1850,Clear,6896,49,59.41179359689351,4.0,24,63.69167082566372,1
TRAIN-4416,Chicago-Seattle,1318,Snow,4835,28,37.55517869486747,5.0,25,92.36287651215162,1
TRAIN-4417,Texas-Portland,1467,Clear,3002,59,56.54948278720454,15.0,24,86.2235183506931,0
TRAIN-4418,Texas-Portland,1028,Clear,1631,69,69.0155112569519,16.0,29,69.77389017614139,0
TRAIN-4419,Texas-Portland,1032,Rain,1404,55,50.06379645823535,20.0,9,81.03094459919686,0
TRAIN-4420,Denver-LA,1180,Snow,3468,89,93.85847866377546,15.0,6,66.52214122354935,1
TRAIN-4421,Chicago-Seattle,1083,Rain,1170,29,29.868235156461925,21.0,14,68.37555339510907,0
TRAIN-4422,Texas-Portland,580,Clear,4537,43,44.89224962360216,13.0,13,86.37184569099723,0
TRAIN-4423,Texas-Portland,1654,Clear,4727,55,60.724265475161076,9.0,6,78.17511610285678,1
TRAIN-4424,Texas-Portland,1082,Snow,3029,58,57.74430637222276,20.0,3,74.19664747021886,0
TRAIN-4425,Denver-LA,928,Snow,1166,58,54.53105128729474,6.0,8,70.00388989697652,0
TRAIN-4426,Chicago-Seattle,659,Clear,6992,45,49.312979455887074,12.0,9,84.83948215060411,1
TRAIN-4427,Texas-Portland,1894,Snow,4492,41,41.08966373357815,21.0,23,99.763548616268,0
TRAIN-4428,Denver-LA,1371,Clear,6565,74,71.7642853910185,21.0,6,91.9136617393945,0
TRAIN-4429,Chicago-Seattle,1982,Fog,1085,47,45.38198106465448,3.0,8,81.92594891517817,0
TRAIN-4430,Chicago-Seattle,1421,Clear,7418,60,71.61849991018646,9.0,27,73.99914860963793,1
TRAIN-4431,Chicago-Seattle,829,Clear,2330,84,84.09814809800841,5.0,21,76.72769722196315,0
TRAIN-4432,Texas-Portland,698,Fog,5162,73,83.30082524094962,19.0,4,88.64551004344426,1
TRAIN-4433,Chicago-Seattle,904,Clear,3165,25,25.98828576866088,13.0,5,93.65674843177831,0
TRAIN-4434,Denver-LA,1975,Rain,6827,94,103.75172415113698,19.0,14,62.36119355583617,1
TRAIN-4435,Chicago-Seattle,1568,Fog,7001,76,87.24096408963962,16.0,10,70.97411977795576,1
TRAIN-4436,Denver-LA,1900,Fog,7364,24,36.631842062138155,23.0,23,85.89334182060703,1
TRAIN-4437,Denver-LA,735,Fog,5380,75,79.0749188372001,16.0,20,73.01308285896876,1
TRAIN-4438,Denver-LA,1677,Snow,5128,66,74.7311264539004,2.0,15,91.82154490566354,1
TRAIN-4439,Chicago-Seattle,1027,Snow,1667,86,86.42379799039759,17.0,15,92.53263173395835,0
TRAIN-4440,Denver-LA,1157,Rain,4414,29,34.4140146766982,5.0,5,60.49954050051411,1
TRAIN-4441,Denver-LA,1548,Fog,2910,72,80.25961240940376,10.0,26,76.76124268016369,1
TRAIN-4442,Texas-Portland,1327,Fog,2527,28,27.029964890264367,1.0,13,75.7106839899893,0
TRAIN-4443,Chicago-Seattle,1867,Fog,5236,55,63.80094235854651,10.0,4,71.95428837530179,1
TRAIN-4444,Denver-LA,783,Rain,1901,50,51.57017243585305,8.0,24,73.57402802872693,0
TRAIN-4445,Texas-Portland,946,Clear,7360,40,44.49472720023405,10.0,18,74.21938080001334,1
TRAIN-4446,Denver-LA,1641,Rain,3661,52,55.730268444919915,8.0,21,,1
TRAIN-4447,Texas-Portland,1823,Fog,6855,46,64.1962796223638,15.0,18,90.36165735397859,1
TRAIN-4448,Chicago-Seattle,1742,Rain,7930,54,67.44446996471278,12.0,5,71.92991727506575,1
TRAIN-4449,Denver-LA,1633,Snow,5446,94,103.2412595058426,10.0,18,74.61034754133765,1
TRAIN-4450,Denver-LA,942,Fog,3722,65,70.64252523296368,7.0,9,99.03632509322875,1
TRAIN-4451,Chicago-Seattle,751,Fog,2277,83,82.88292091979116,14.0,11,77.43160210171477,0
TRAIN-4452,Chicago-Seattle,1763,Snow,6246,65,79.01232844399513,8.0,8,71.6832594470195,1
TRAIN-4453,Texas-Portland,1640,Fog,6093,53,63.31588708299716,21.0,29,94.80635524673835,1
TRAIN-4454,Texas-Portland,1043,Clear,6078,78,77.67269882278958,1.0,2,83.93482393523549,0
TRAIN-4455,Denver-LA,1213,Snow,3466,33,42.22803738915224,7.0,26,63.05017049719427,1
TRAIN-4456,Denver-LA,1687,Fog,6732,68,79.63519851616607,20.0,18,,1
TRAIN-4457,Denver-LA,960,Snow,5242,36,42.570116046320216,9.0,9,94.8368671104456,1
TRAIN-4458,Denver-LA,1648,Rain,4439,44,45.85773404800538,22.0,16,77.28245442091722,0
TRAIN-4459,Texas-Portland,1687,Snow,6159,68,80.64065516832515,21.0,5,79.57035017361024,1
TRAIN-4460,Chicago-Seattle,1100,Snow,6733,24,34.81769765858219,9.0,15,,1
TRAIN-4461,Texas-Portland,1812,Rain,6382,53,61.06342446628372,23.0,20,83.82682938300965,1
TRAIN-4462,Texas-Portland,1952,Rain,5739,65,74.52225499865627,2.0,2,91.2308491525362,1
TRAIN-4463,Chicago-Seattle,1923,Fog,6684,66,77.26029053139501,22.0,17,60.88647977680931,1
TRAIN-4464,Denver-LA,1564,Clear,6736,36,43.55948875668586,12.0,10,,1
TRAIN-4465,Denver-LA,891,Clear,1804,46,43.92426782546833,13.0,26,60.60166649973935,0
TRAIN-4466,Chicago-Seattle,667,Clear,2420,25,23.861304032578534,13.0,9,84.98971081441127,0
TRAIN-4467,Chicago-Seattle,811,Snow,3718,24,28.561352563430226,9.0,24,90.69056858250715,1
TRAIN-4468,Texas-Portland,1784,Rain,3970,30,32.842780731231926,18.0,5,61.37557174966945,1
TRAIN-4469,Chicago-Seattle,1670,Rain,6910,40,52.256482494359325,17.0,26,68.72776292301803,1
TRAIN-4470,Denver-LA,1220,Clear,2342,36,32.25930443051733,4.0,19,99.8410973620789,0
TRAIN-4471,Chicago-Seattle,743,Snow,2506,33,40.59944931625846,16.0,21,68.41621969474389,1
TRAIN-4472,Chicago-Seattle,1037,Rain,6725,26,33.75280776592554,18.0,17,67.8078039737252,1
TRAIN-4473,Chicago-Seattle,1071,Snow,5093,40,45.93301687502409,16.0,25,81.7704737578994,1
TRAIN-4474,Denver-LA,921,Fog,5807,90,100.77562781431355,22.0,16,66.86140270699299,1
TRAIN-4475,Chicago-Seattle,1847,Snow,3912,54,59.700181737208545,9.0,20,68.01616913175823,1
TRAIN-4476,Denver-LA,868,Snow,2702,42,47.20615658386806,12.0,12,89.4653162754413,1
TRAIN-4477,Denver-LA,859,Fog,3957,52,54.610440864789375,7.0,5,94.61804151340837,1
TRAIN-4478,Chicago-Seattle,1378,Rain,6356,61,68.97627195714894,10.0,7,74.20050461866475,1
TRAIN-4479,Denver-LA,1672,Snow,5869,38,47.61494593827801,8.0,23,73.98622311484391,1
TRAIN-4480,Texas-Portland,1410,Snow,2655,58,61.82544517835253,22.0,28,78.69714070297931,1
TRAIN-4481,Chicago-Seattle,1961,Clear,6734,88,92.85399208212723,16.0,25,95.05230978609933,1
TRAIN-4482,Texas-Portland,1142,Clear,3766,57,60.93242040285078,2.0,26,70.15548536109621,1
TRAIN-4483,Chicago-Seattle,576,Fog,4951,94,105.0827612975176,18.0,7,97.68454396016712,1
TRAIN-4484,Texas-Portland,729,Snow,2893,24,28.46023568791163,3.0,6,94.42632380229924,1
TRAIN-4485,Texas-Portland,1571,Clear,5851,70,75.39218000817564,19.0,9,60.633985760084585,1
TRAIN-4486,Chicago-Seattle,681,Clear,1487,53,50.26118564526085,18.0,17,80.29332213300557,0
TRAIN-4487,Denver-LA,1708,Fog,1383,57,53.91723749396135,21.0,13,66.10954519414545,0
TRAIN-4488,Denver-LA,1311,Clear,2892,68,66.00411474449253,9.0,3,81.12223331870211,0
TRAIN-4489,Chicago-Seattle,1699,Snow,5921,41,61.42469488063312,1.0,16,75.91532693638813,1
TRAIN-4490,Chicago-Seattle,564,Fog,4410,49,54.69167345898733,12.0,16,72.16849180453914,1
TRAIN-4491,Chicago-Seattle,1306,Snow,1343,43,43.43687357452979,1.0,14,61.75703649457249,0
TRAIN-4492,Denver-LA,833,Rain,6990,49,63.56436712488728,13.0,4,87.61677307936759,1
TRAIN-4493,Chicago-Seattle,1693,Clear,1844,58,57.312599932033564,7.0,16,96.22924489540482,0
TRAIN-4494,Chicago-Seattle,1935,Clear,7399,62,62.67381407680481,13.0,16,92.61961606557543,0
TRAIN-4495,Chicago-Seattle,645,Snow,6586,25,35.82532155909239,17.0,26,,1
TRAIN-4496,Texas-Portland,993,Snow,2520,37,42.57400573582465,12.0,6,76.40427456761455,1
TRAIN-4497,Chicago-Seattle,1526,Fog,7131,40,52.39968126128218,11.0,22,91.42503173674115,1
TRAIN-4498,Chicago-Seattle,609,Fog,2320,39,38.06658116136419,21.0,20,63.79419965976043,0
TRAIN-4499,Denver-LA,1318,Snow,6985,83,91.72644890076917,1.0,21,67.60476742365708,1
TRAIN-4500,Chicago-Seattle,1602,Clear,4910,51,54.41496598854463,10.0,21,80.70689175186212,1
TRAIN-4501,Denver-LA,1055,Fog,6207,91,102.27146747944084,1.0,19,93.91583140389854,1
TRAIN-4502,Chicago-Seattle,1919,Snow,2998,91,97.47248661668793,14.0,13,79.5764013739499,1
TRAIN-4503,Texas-Portland,803,Clear,3752,77,82.81478075204156,22.0,19,89.5963074559624,1
TRAIN-4504,Denver-LA,1369,Fog,7054,75,85.08826350746223,6.0,11,70.80089938723378,1
TRAIN-4505,Texas-Portland,633,Snow,5650,83,97.00427373540666,,20,61.08891094267336,1
TRAIN-4506,Denver-LA,1013,Clear,2911,90,89.89802589468223,2.0,12,84.85957558737567,0
TRAIN-4507,Denver-LA,1515,Snow,1945,44,49.59897430885385,,7,78.80914483185194,1
TRAIN-4508,Texas-Portland,1157,Clear,6434,37,40.60835753523097,13.0,16,92.34625851137415,1
TRAIN-4509,Chicago-Seattle,986,Snow,6301,24,32.60083234820937,15.0,22,76.99596764987413,1
TRAIN-4510,Denver-LA,694,Snow,5692,67,77.84433757109352,3.0,26,81.14455598714801,1
TRAIN-4511,Texas-Portland,1183,Fog,1401,40,40.24813398894732,17.0,29,77.51563426153234,0
TRAIN-4512,Texas-Portland,1918,Rain,4573,60,66.6791600138263,2.0,24,67.06614781257167,1
TRAIN-4513,Chicago-Seattle,1605,Snow,6420,92,105.8680990410899,6.0,6,91.33470906705136,1
TRAIN-4514,Denver-LA,1172,Snow,1272,68,69.43802231237488,22.0,12,80.52062369450813,0
TRAIN-4515,Chicago-Seattle,743,Snow,5963,62,69.6565835527233,19.0,20,91.56566907497734,1
TRAIN-4516,Chicago-Seattle,1670,Clear,3562,31,31.22575735554475,14.0,16,92.34301229786689,0
TRAIN-4517,Chicago-Seattle,1043,Clear,1724,35,28.10821712323513,3.0,9,66.89893863988414,0
TRAIN-4518,Denver-LA,1246,Clear,1338,39,35.235761219156515,21.0,19,75.38461668268945,0
TRAIN-4519,Denver-LA,642,Rain,3821,67,74.56829484352367,11.0,21,90.87196529576634,1
TRAIN-4520,Texas-Portland,1518,Fog,3012,80,89.48822036113278,20.0,24,80.59612061088444,1
TRAIN-4521,Texas-Portland,1289,Clear,5058,83,86.17883749798793,18.0,26,83.56302051489271,1
TRAIN-4522,Texas-Portland,1371,Fog,5614,81,88.41986674550327,7.0,28,63.47014149832993,1
TRAIN-4523,Chicago-Seattle,1957,Clear,2456,56,54.45789542714248,4.0,22,75.83306897461594,0
TRAIN-4524,Texas-Portland,918,Fog,7672,61,75.44617131178433,18.0,6,79.71552694560046,1
TRAIN-4525,Texas-Portland,1380,Fog,4646,49,51.21916650850462,8.0,24,84.67161452344502,1
TRAIN-4526,Denver-LA,651,Clear,6460,92,96.79568194694068,10.0,11,90.89473307888676,1
TRAIN-4527,Chicago-Seattle,536,Fog,2563,84,86.8843250827185,21.0,15,,1
TRAIN-4528,Chicago-Seattle,1623,Clear,7827,42,53.96676896199462,17.0,21,85.42062324124853,1
TRAIN-4529,Chicago-Seattle,1243,Fog,1388,95,88.78838835543473,5.0,7,81.05428038217845,0
TRAIN-4530,Chicago-Seattle,1281,Rain,6076,55,64.05843863690797,2.0,24,81.68059155421022,1
TRAIN-4531,Texas-Portland,910,Clear,5050,35,36.729015398993376,19.0,29,81.68378737731783,0
TRAIN-4532,Texas-Portland,1782,Clear,3909,50,48.4589434733263,6.0,4,60.01459385751962,0
TRAIN-4533,Texas-Portland,562,Rain,7528,73,80.89523574299186,13.0,21,87.41372964121105,1
TRAIN-4534,Denver-LA,1459,Fog,5480,43,50.751075858095746,20.0,14,93.33750888971868,1
TRAIN-4535,Denver-LA,918,Clear,1104,79,74.0365039333574,10.0,25,,0
TRAIN-4536,Chicago-Seattle,539,Snow,5678,79,93.01050910768637,4.0,12,,1
TRAIN-4537,Chicago-Seattle,1204,Clear,7809,84,95.04741912245605,19.0,9,71.24933719136257,1
TRAIN-4538,Chicago-Seattle,1996,Fog,3030,95,101.51710643502435,17.0,24,81.82007358443163,1
TRAIN-4539,Chicago-Seattle,1065,Snow,4187,30,36.764845791099106,8.0,11,96.3376782975929,1
TRAIN-4540,Denver-LA,1696,Fog,1426,41,41.38368266175074,7.0,23,98.24006073798937,0
TRAIN-4541,Chicago-Seattle,1004,Clear,4168,58,61.34324892905671,3.0,26,96.30003492289381,1
TRAIN-4542,Chicago-Seattle,1163,Rain,5021,85,83.78476442821508,21.0,11,66.55130763758122,0
TRAIN-4543,Denver-LA,1117,Rain,5444,65,68.01940522249552,6.0,5,,1
TRAIN-4544,Denver-LA,645,Rain,6247,82,89.09055056486835,18.0,2,86.08087828751707,1
TRAIN-4545,Chicago-Seattle,1532,Clear,4648,65,70.77543110820706,15.0,16,65.51416922377487,1
TRAIN-4546,Texas-Portland,1311,Clear,1252,30,29.991189715757777,4.0,3,93.24478723615809,0
TRAIN-4547,Chicago-Seattle,1716,Clear,7402,89,98.08782878026281,23.0,24,84.57522081312733,1
TRAIN-4548,Denver-LA,1933,Rain,1576,53,52.4967114076042,3.0,3,72.77505282945478,0
TRAIN-4549,Chicago-Seattle,1669,Rain,4211,93,96.74686791612893,19.0,22,90.19111435805064,1
TRAIN-4550,Texas-Portland,999,Fog,5130,32,36.91524625009575,3.0,5,85.07562044610953,1
TRAIN-4551,Denver-LA,980,Clear,7768,91,102.00607773903131,4.0,27,74.88623655070133,1
TRAIN-4552,Denver-LA,1657,Fog,1606,58,53.523544669060804,10.0,3,95.44107703605297,0
TRAIN-4553,Denver-LA,568,Rain,2369,55,59.67362446600217,4.0,29,82.43386064694333,1
TRAIN-4554,Texas-Portland,1510,Clear,4485,56,52.84837570252061,12.0,3,67.47224474486804,0
TRAIN-4555,Texas-Portland,1595,Clear,2088,42,40.92869183339955,10.0,12,64.18516447514011,0
TRAIN-4556,Texas-Portland,1595,Clear,2932,61,59.05403306782306,3.0,14,61.03144064457396,0
TRAIN-4557,Texas-Portland,1855,Fog,5272,44,45.58197541769253,3.0,2,65.08859655851722,0
TRAIN-4558,Texas-Portland,1099,Fog,3047,77,77.79036797426562,15.0,17,65.00634954548144,0
TRAIN-4559,Chicago-Seattle,1712,Rain,7218,36,42.80232541284635,19.0,8,72.69032820055804,1
TRAIN-4560,Texas-Portland,691,Fog,4536,77,83.88634467839402,14.0,15,86.87051842776162,1
TRAIN-4561,Chicago-Seattle,1220,Rain,1471,91,87.29493899510697,6.0,4,80.40233835146614,0
TRAIN-4562,Chicago-Seattle,692,Fog,1419,85,85.26312468334717,18.0,3,97.00861769976234,0
TRAIN-4563,Texas-Portland,1332,Rain,5241,26,36.658008768958,16.0,14,86.3076960344513,1
TRAIN-4564,Chicago-Seattle,1697,Snow,5052,43,45.48918154072191,10.0,3,63.891071082995246,1
TRAIN-4565,Chicago-Seattle,913,Clear,5195,57,57.495696545660905,16.0,3,74.88882275421072,0
TRAIN-4566,Chicago-Seattle,1336,Rain,5370,90,95.60312652632294,10.0,20,87.66754111472913,1
TRAIN-4567,Chicago-Seattle,1554,Clear,4011,60,63.19201125641193,16.0,23,81.7152794364338,1
TRAIN-4568,Denver-LA,1101,Fog,6114,24,31.867794200684354,10.0,27,72.43723839643356,1
TRAIN-4569,Texas-Portland,685,Snow,7226,55,68.47197157598808,5.0,7,76.79023362911283,1
TRAIN-4570,Texas-Portland,1412,Snow,6712,76,85.87390265163053,21.0,8,99.68063048207559,1
TRAIN-4571,Denver-LA,837,Clear,6306,71,77.24748387723649,17.0,18,84.22887851696856,1
TRAIN-4572,Denver-LA,1466,Clear,5338,94,100.06620006176851,12.0,9,70.49954318125123,1
TRAIN-4573,Denver-LA,1548,Snow,7460,33,49.60364006766135,,11,65.22945984234062,1
TRAIN-4574,Chicago-Seattle,1289,Snow,1169,56,58.26466696937062,7.0,20,71.1157990561825,1
TRAIN-4575,Denver-LA,1293,Snow,2635,54,60.14608408617301,3.0,23,85.23562188483194,1
TRAIN-4576,Chicago-Seattle,1402,Rain,2901,26,28.13133618039882,9.0,15,84.27629427613724,1
TRAIN-4577,Chicago-Seattle,897,Rain,5554,39,46.1970592567917,13.0,15,80.13976377635589,1
TRAIN-4578,Chicago-Seattle,535,Snow,4557,74,84.45976031314571,15.0,16,86.52296386200258,1
TRAIN-4579,Denver-LA,975,Clear,2297,82,75.68613345600212,20.0,7,64.75696558408671,0
TRAIN-4580,Chicago-Seattle,1367,Clear,1250,37,31.438082897722992,15.0,16,94.40778293487357,0
TRAIN-4581,Denver-LA,1896,Clear,5999,94,100.4079631194953,19.0,28,64.98292345735383,1
TRAIN-4582,Chicago-Seattle,1104,Snow,6870,48,57.704565870126586,8.0,11,63.16987003032815,1
TRAIN-4583,Texas-Portland,1484,Fog,2638,61,64.15972599348157,15.0,18,67.14828570137742,1
TRAIN-4584,Texas-Portland,536,Snow,3448,78,80.91441171906102,7.0,9,74.35251788438505,1
TRAIN-4585,Texas-Portland,933,Snow,4929,43,51.90491590289298,9.0,14,85.38179566868084,1
TRAIN-4586,Denver-LA,1702,Rain,1635,95,95.18193469558824,4.0,23,74.22088069832566,0
TRAIN-4587,Denver-LA,1041,Clear,6970,70,82.58376079158701,19.0,16,86.11284032892188,1
TRAIN-4588,Denver-LA,1647,Clear,7978,33,42.02648291244231,24.0,1,98.05261683491213,1
TRAIN-4589,Texas-Portland,1402,Fog,2315,51,51.86805837807076,2.0,6,62.39004718491524,0
TRAIN-4590,Denver-LA,670,Snow,2642,38,37.479352557335424,3.0,28,81.16661788506998,0
TRAIN-4591,Texas-Portland,750,Snow,3882,26,28.999670979733214,18.0,8,63.18177263237571,1
TRAIN-4592,Chicago-Seattle,1007,Snow,3807,40,42.4491639877423,7.0,3,66.42900906242018,1
TRAIN-4593,Texas-Portland,1212,Rain,4582,70,80.06035504002374,18.0,6,89.43198407645596,1
TRAIN-4594,Texas-Portland,830,Clear,3375,78,83.73306548174936,23.0,7,94.49299880718571,1
TRAIN-4595,Chicago-Seattle,1069,Clear,4337,42,44.69750684541343,7.0,1,98.80553481710383,1
TRAIN-4596,Chicago-Seattle,1254,Snow,5559,30,43.83413579283405,17.0,23,62.47890670259547,1
TRAIN-4597,Texas-Portland,973,Clear,3663,63,60.20383316364418,9.0,20,61.423597792658654,0
TRAIN-4598,Denver-LA,574,Rain,2352,71,78.3684046267276,9.0,16,78.21641875427254,1
TRAIN-4599,Denver-LA,778,Snow,3564,25,30.430714020596596,23.0,1,82.45341156216335,1
TRAIN-4600,Denver-LA,1140,Clear,7054,35,42.49556385968689,3.0,14,76.49169503726448,1
TRAIN-4601,Denver-LA,1169,Clear,7528,38,48.97837630035513,19.0,2,76.16475070380298,1
TRAIN-4602,Denver-LA,1051,Snow,1099,45,50.12182548788863,15.0,22,72.6030998148537,1
TRAIN-4603,Texas-Portland,1495,Snow,3237,73,79.12695551756852,9.0,23,74.14577757077825,1
TRAIN-4604,Chicago-Seattle,1727,Snow,1224,63,61.10468494844179,14.0,18,72.57170620095717,0
TRAIN-4605,Texas-Portland,1455,Clear,1361,29,26.66813778669929,13.0,26,79.09184915018518,0
TRAIN-4606,Denver-LA,1056,Rain,7930,81,91.883058622272,13.0,26,84.33614537809382,1
TRAIN-4607,Texas-Portland,1826,Rain,5169,38,45.98415432624496,2.0,25,78.80438050900425,1
TRAIN-4608,Denver-LA,1953,Fog,7224,28,39.15547624724766,3.0,10,60.68773487471266,1
TRAIN-4609,Chicago-Seattle,1198,Clear,3265,87,85.94396342981864,12.0,16,86.39768460066315,0
TRAIN-4610,Denver-LA,763,Rain,5492,93,101.15835914787117,2.0,15,90.1571340324586,1
TRAIN-4611,Denver-LA,586,Rain,4233,71,70.76277730091076,2.0,13,94.50284926910815,0
TRAIN-4612,Texas-Portland,1842,Clear,2815,25,30.841717144297075,17.0,26,71.08195133425072,1
TRAIN-4613,Denver-LA,974,Fog,1991,57,57.6279871015374,24.0,22,61.03495903655541,0
TRAIN-4614,Chicago-Seattle,1938,Fog,1971,64,63.710049007611175,20.0,12,90.04564534019634,0
TRAIN-4615,Texas-Portland,723,Snow,1010,33,32.961690573037984,19.0,11,82.94095441965663,0
TRAIN-4616,Texas-Portland,1522,Clear,6844,72,79.76451088434426,12.0,2,65.3066438898842,1
TRAIN-4617,Chicago-Seattle,1581,Clear,4413,71,74.46481635777808,14.0,4,77.03305838626993,1
TRAIN-4618,Chicago-Seattle,1614,Fog,3046,65,65.45364247488897,3.0,29,90.27667973789718,0
TRAIN-4619,Chicago-Seattle,578,Snow,7746,55,69.32727801717078,9.0,29,97.59073312471688,1
TRAIN-4620,Chicago-Seattle,731,Clear,6605,24,32.87120249519561,5.0,3,70.75777355867625,1
TRAIN-4621,Texas-Portland,1323,Fog,6649,50,62.30850288613083,2.0,10,73.19507335795095,1
TRAIN-4622,Chicago-Seattle,1572,Fog,4140,73,76.69869889433416,7.0,5,,1
TRAIN-4623,Chicago-Seattle,817,Snow,6446,85,97.39550988044593,12.0,4,99.80425762224587,1
TRAIN-4624,Chicago-Seattle,877,Fog,6458,47,53.23253969093103,3.0,15,69.41343783403741,1
TRAIN-4625,Chicago-Seattle,1822,Snow,1732,63,74.23818901081133,1.0,17,77.070271868058,1
TRAIN-4626,Denver-LA,1991,Fog,6091,87,100.04618260219,22.0,9,77.43975539249774,1
TRAIN-4627,Denver-LA,1812,Clear,4476,37,41.257168157835125,3.0,25,91.96284139553376,1
TRAIN-4628,Chicago-Seattle,504,Fog,2885,25,30.35633942114299,2.0,25,83.25425362072033,1
TRAIN-4629,Denver-LA,1872,Rain,2149,26,25.93905778279913,15.0,1,87.41100367019274,0
TRAIN-4630,Texas-Portland,650,Rain,4756,91,95.15005456847236,9.0,18,67.82989894673635,1
TRAIN-4631,Chicago-Seattle,1457,Rain,2390,84,86.45377957744833,14.0,26,,1
TRAIN-4632,Denver-LA,1929,Rain,5665,26,30.12115376083765,22.0,8,93.36069329246142,1
TRAIN-4633,Chicago-Seattle,1371,Clear,3146,81,78.93021537981744,12.0,26,75.49714872230945,0
TRAIN-4634,Texas-Portland,982,Fog,2825,75,74.97418757662302,20.0,14,72.36542059047372,0
TRAIN-4635,Denver-LA,1890,Fog,5808,83,90.1590080282211,15.0,18,,1
TRAIN-4636,Chicago-Seattle,1014,Fog,1993,43,44.99483192240659,11.0,18,69.28022486267139,0
TRAIN-4637,Texas-Portland,1094,Clear,4174,85,89.78610594314898,7.0,24,61.26337582542564,1
TRAIN-4638,Chicago-Seattle,530,Clear,4347,28,32.868052710984344,8.0,15,89.38678096015093,1
TRAIN-4639,Texas-Portland,1093,Rain,7437,52,66.80042647431388,20.0,15,60.21259540443349,1
TRAIN-4640,Chicago-Seattle,1498,Rain,4652,47,50.822168655845815,15.0,18,94.08157397884398,1
TRAIN-4641,Chicago-Seattle,1619,Fog,3342,48,54.451666094671936,5.0,25,68.5340104421015,1
TRAIN-4642,Denver-LA,1979,Fog,4578,84,98.24937125255404,19.0,28,,1
TRAIN-4643,Chicago-Seattle,845,Rain,4039,75,71.79991470506536,6.0,4,71.57151941482384,0
TRAIN-4644,Texas-Portland,1097,Snow,3607,72,79.36083393661441,6.0,25,94.75945341104996,1
TRAIN-4645,Texas-Portland,928,Rain,2226,62,66.55707981622412,2.0,17,75.26933310479947,1
TRAIN-4646,Texas-Portland,1583,Clear,2226,34,30.815150124781535,10.0,13,72.12104460499515,0
TRAIN-4647,Denver-LA,589,Fog,5280,78,84.65812383821597,13.0,13,97.99043102539676,1
TRAIN-4648,Chicago-Seattle,1469,Clear,4497,27,34.74846689527217,14.0,29,74.37018923821252,1
TRAIN-4649,Denver-LA,744,Fog,7455,85,97.63828160867034,,27,94.43235609306237,1
TRAIN-4650,Texas-Portland,763,Clear,6275,73,80.19924249045532,15.0,22,77.28393258592426,1
TRAIN-4651,Denver-LA,1852,Rain,3555,81,86.77350515255878,21.0,26,82.33347227423815,1
TRAIN-4652,Chicago-Seattle,1529,Clear,1475,46,44.21360858677047,2.0,22,64.06646389064343,0
TRAIN-4653,Texas-Portland,1140,Rain,2712,50,51.42918424798532,1.0,20,62.895832616371735,0
TRAIN-4654,Texas-Portland,1806,Snow,5629,38,51.272680764749566,19.0,19,64.03438105475618,1
TRAIN-4655,Chicago-Seattle,1319,Fog,1189,25,21.69877603235894,8.0,15,86.39134434559722,0
TRAIN-4656,Chicago-Seattle,875,Clear,6816,83,90.15010244250757,24.0,12,91.54799110515553,1
TRAIN-4657,Chicago-Seattle,890,Rain,7655,94,105.30767561301333,3.0,22,80.01052157548465,1
TRAIN-4658,Texas-Portland,553,Fog,3141,90,96.92240348254657,21.0,22,95.7397080077098,1
TRAIN-4659,Denver-LA,540,Clear,3804,67,61.286218414177995,21.0,6,79.45352209495256,0
TRAIN-4660,Denver-LA,1033,Rain,5703,71,77.23789846982463,20.0,13,90.80944135885561,1
TRAIN-4661,Chicago-Seattle,1589,Fog,3451,90,102.52117208087807,1.0,27,85.1675441870936,1
TRAIN-4662,Texas-Portland,1202,Rain,7527,59,70.65183147613132,17.0,1,87.58443328640877,1
TRAIN-4663,Texas-Portland,1540,Fog,4369,38,45.3047951624451,18.0,24,65.7304618769772,1
TRAIN-4664,Texas-Portland,1523,Snow,7529,57,68.8767787034286,2.0,27,92.55945428026132,1
TRAIN-4665,Denver-LA,571,Fog,2190,58,60.40214301756802,6.0,21,75.77589868102983,1
TRAIN-4666,Denver-LA,1708,Snow,4933,59,67.315299070399,14.0,28,98.43426293005433,1
TRAIN-4667,Texas-Portland,1092,Fog,4464,89,91.00898131223418,7.0,3,93.69216831129843,1
TRAIN-4668,Texas-Portland,1453,Fog,4125,86,89.24948762559322,,23,80.14570191249368,1
TRAIN-4669,Texas-Portland,1734,Fog,4807,47,52.08073590250728,20.0,13,98.56847494544917,1
TRAIN-4670,Denver-LA,1107,Snow,5622,85,96.92999797911898,7.0,1,69.75411973539053,1
TRAIN-4671,Denver-LA,1179,Snow,5051,83,96.21819091588564,14.0,14,93.91077425463189,1
TRAIN-4672,Texas-Portland,576,Clear,7462,70,77.28601817472531,16.0,9,74.39071548968455,1
TRAIN-4673,Denver-LA,1964,Clear,6359,24,29.87181114218749,8.0,27,97.0408519586785,1
TRAIN-4674,Texas-Portland,1977,Snow,2649,47,48.558015544535614,13.0,7,74.01455915162136,0
TRAIN-4675,Denver-LA,1880,Snow,4936,90,89.18486208457996,12.0,14,99.69982205941976,0
TRAIN-4676,Texas-Portland,1856,Rain,2921,36,36.28616043553487,22.0,21,93.35615807020405,0
TRAIN-4677,Denver-LA,932,Rain,5292,47,54.38492835891363,8.0,15,72.07629216620579,1
TRAIN-4678,Denver-LA,1873,Snow,6551,57,69.53907777888121,7.0,2,71.78734993790833,1
TRAIN-4679,Chicago-Seattle,1567,Snow,1521,72,81.7444621206964,10.0,26,90.8585865157483,1
TRAIN-4680,Texas-Portland,1959,Snow,3877,48,56.94876809296608,11.0,29,72.06770879754282,1
TRAIN-4681,Texas-Portland,1791,Snow,1067,70,74.1975671266785,6.0,24,60.67997120868285,1
TRAIN-4682,Chicago-Seattle,1225,Rain,7980,70,82.47469656672358,17.0,10,72.9728980143241,1
TRAIN-4683,Denver-LA,1206,Snow,2885,72,72.28427796180158,21.0,11,89.9732538370679,0
TRAIN-4684,Chicago-Seattle,1856,Rain,7813,69,80.61483331234105,6.0,3,88.17167368757838,1
TRAIN-4685,Chicago-Seattle,1937,Fog,4667,51,53.33985637140756,13.0,25,93.41422793145254,1
TRAIN-4686,Texas-Portland,960,Clear,6289,62,64.93334746329607,7.0,24,87.67571212186901,1
TRAIN-4687,Chicago-Seattle,1155,Fog,2708,43,43.990402619076576,18.0,1,80.53166288544193,0
TRAIN-4688,Denver-LA,1452,Clear,4588,24,27.583175168708763,9.0,16,60.151970840051014,1
TRAIN-4689,Texas-Portland,1186,Snow,1986,64,67.79102254903643,6.0,9,90.3256230225544,1
TRAIN-4690,Chicago-Seattle,1032,Snow,3507,42,41.49131423479895,9.0,19,95.65859404895576,0
TRAIN-4691,Denver-LA,641,Fog,1086,27,22.215419703519494,12.0,1,81.0049067137767,0
TRAIN-4692,Chicago-Seattle,967,Clear,1792,39,34.88298086577817,7.0,24,70.57545887050539,0
TRAIN-4693,Denver-LA,816,Fog,2127,76,73.28779383820961,2.0,4,,0
TRAIN-4694,Chicago-Seattle,1834,Snow,6651,87,99.10906205042669,5.0,3,90.71778350503166,1
TRAIN-4695,Texas-Portland,554,Rain,4281,46,50.38546374928581,23.0,13,84.32854896876071,1
TRAIN-4696,Texas-Portland,1512,Rain,6325,83,88.65523793168087,22.0,1,94.54322945192104,1
TRAIN-4697,Denver-LA,1561,Rain,5504,74,86.02254734228902,16.0,28,95.30676838847126,1
TRAIN-4698,Texas-Portland,1063,Clear,5897,92,101.7434922356357,8.0,27,90.16550063748878,1
TRAIN-4699,Denver-LA,622,Rain,1878,86,84.75062925357419,1.0,10,84.87515379150493,0
TRAIN-4700,Chicago-Seattle,621,Fog,3279,59,59.92381445854378,6.0,25,95.88978481939517,0
TRAIN-4701,Texas-Portland,1905,Clear,5238,34,37.95376488069489,3.0,22,93.31409293805345,1
TRAIN-4702,Denver-LA,735,Snow,5375,77,90.7040557260589,4.0,3,79.34124460817395,1
TRAIN-4703,Texas-Portland,877,Rain,6022,39,46.65053637559645,15.0,28,95.74019365099937,1
TRAIN-4704,Chicago-Seattle,1750,Snow,6737,47,53.226982677762045,17.0,11,63.17826815541088,1
TRAIN-4705,Denver-LA,1336,Snow,6451,53,62.588377107052466,11.0,28,86.1590092211803,1
TRAIN-4706,Texas-Portland,1805,Snow,3059,74,81.8484031154537,21.0,26,82.45670064978054,1
TRAIN-4707,Chicago-Seattle,1469,Fog,4239,57,61.63299091324322,15.0,21,80.29455928266978,1
TRAIN-4708,Texas-Portland,845,Fog,5312,50,56.754568466019435,24.0,15,60.517871220114245,1
TRAIN-4709,Chicago-Seattle,755,Clear,2010,24,17.79917616287501,17.0,18,,0
TRAIN-4710,Texas-Portland,1101,Snow,1815,30,30.854835675850932,9.0,13,76.60073281817141,0
TRAIN-4711,Texas-Portland,589,Clear,6215,53,56.65268739685547,12.0,18,77.56239678210596,1
TRAIN-4712,Denver-LA,1596,Rain,7090,61,66.4431565584721,16.0,8,,1
TRAIN-4713,Chicago-Seattle,1770,Snow,6542,48,58.23671985130412,,15,94.51581956327372,1
TRAIN-4714,Denver-LA,604,Fog,7642,75,83.8454240883394,4.0,5,81.31837831694213,1
TRAIN-4715,Texas-Portland,1271,Rain,2825,59,65.86015793752853,4.0,24,70.77553582366986,1
TRAIN-4716,Chicago-Seattle,865,Snow,7198,60,72.45938534343254,9.0,21,,1
TRAIN-4717,Texas-Portland,1635,Snow,7322,48,60.27924917382556,1.0,29,69.4967412256552,1
TRAIN-4718,Denver-LA,1172,Rain,4621,69,75.91822195969831,,23,76.21513516978409,1
TRAIN-4719,Chicago-Seattle,1761,Fog,5420,84,97.44387110842273,6.0,19,72.36483578553116,1
TRAIN-4720,Denver-LA,1899,Fog,3779,32,33.82711651203918,24.0,11,88.78635451709557,0
TRAIN-4721,Texas-Portland,719,Snow,6110,42,50.43334320249016,7.0,20,63.47355002492497,1
TRAIN-4722,Denver-LA,1372,Clear,1395,62,55.45041036605093,13.0,15,86.67135282392219,0
TRAIN-4723,Texas-Portland,1328,Fog,2564,58,59.87520059262912,20.0,20,84.85189799480494,0
TRAIN-4724,Chicago-Seattle,1923,Clear,7828,72,83.08850137658567,10.0,12,63.6297843671749,1
TRAIN-4725,Chicago-Seattle,937,Rain,6758,64,69.79504879245471,22.0,21,62.262380482380706,1
TRAIN-4726,Chicago-Seattle,1216,Clear,5979,57,65.43163281343506,5.0,29,74.29108655115193,1
TRAIN-4727,Denver-LA,714,Fog,3087,84,86.42845761938047,10.0,7,82.13921376177052,1
TRAIN-4728,Denver-LA,797,Fog,2742,84,88.69761825449291,20.0,11,80.15101350180616,1
TRAIN-4729,Denver-LA,1494,Rain,2409,90,86.80716159012393,22.0,8,61.195010576415896,0
TRAIN-4730,Chicago-Seattle,748,Rain,3058,66,67.93118051998555,3.0,18,66.40401426191448,0
TRAIN-4731,Texas-Portland,1974,Fog,2309,90,96.76643400831406,17.0,23,87.97282071020449,1
TRAIN-4732,Chicago-Seattle,650,Clear,6874,61,73.13261747908763,15.0,11,61.582573296387395,1
TRAIN-4733,Texas-Portland,1025,Fog,2636,33,34.409004059149225,5.0,1,,0
TRAIN-4734,Denver-LA,1103,Fog,7938,84,95.24400142152462,22.0,7,84.1471623338904,1
TRAIN-4735,Chicago-Seattle,1676,Clear,4230,28,29.204221659907247,3.0,21,71.88677328902945,0
TRAIN-4736,Chicago-Seattle,1018,Fog,5679,57,62.864958871196016,3.0,4,99.03137691967387,1
TRAIN-4737,Chicago-Seattle,583,Rain,6663,71,83.55199425549628,9.0,25,88.68656228391364,1
TRAIN-4738,Chicago-Seattle,1074,Snow,1570,53,47.38113531534337,11.0,16,83.19942633778538,0
TRAIN-4739,Chicago-Seattle,892,Fog,3974,41,37.199298816292135,7.0,9,87.60698841680943,0
TRAIN-4740,Chicago-Seattle,809,Fog,5459,65,77.44963979185252,1.0,6,93.69983081337773,1
TRAIN-4741,Denver-LA,1989,Snow,4248,60,62.7211842705875,15.0,5,69.2587929460441,1
TRAIN-4742,Denver-LA,686,Fog,1792,63,63.159009383986195,18.0,17,70.72248141519725,0
TRAIN-4743,Denver-LA,1877,Fog,6834,95,104.09939409872707,21.0,16,88.41453662010704,1
TRAIN-4744,Chicago-Seattle,996,Rain,4207,27,30.369895290829817,17.0,5,67.04034319285944,1
TRAIN-4745,Denver-LA,1489,Clear,5282,63,63.509777755622565,13.0,18,84.48154796760831,0
TRAIN-4746,Texas-Portland,1459,Clear,4697,45,46.111396175913676,6.0,1,67.29979403748197,0
TRAIN-4747,Denver-LA,629,Clear,3418,85,82.41437517305475,19.0,22,67.86085162270336,0
TRAIN-4748,Texas-Portland,1204,Snow,6121,38,45.06561608039089,13.0,8,76.28006463338528,1
TRAIN-4749,Texas-Portland,1930,Snow,6814,51,63.29222119693795,17.0,2,79.56839553147283,1
TRAIN-4750,Denver-LA,836,Rain,6362,87,103.69452589056866,1.0,27,65.00501741097837,1
TRAIN-4751,Denver-LA,1085,Clear,2307,29,26.963420874484896,12.0,23,64.86852107943568,0
TRAIN-4752,Texas-Portland,772,Snow,4629,85,93.47038315288428,,11,70.53510705858712,1
TRAIN-4753,Texas-Portland,1996,Rain,4269,34,41.154518026056365,15.0,2,60.419397387132626,1
TRAIN-4754,Texas-Portland,1878,Clear,2134,93,94.37471222712793,9.0,4,84.17692592165685,0
TRAIN-4755,Texas-Portland,1766,Clear,6429,76,82.22256182696984,7.0,17,93.22527394710457,1
TRAIN-4756,Chicago-Seattle,1148,Clear,4441,83,86.53288897418842,18.0,3,99.84102631464194,1
TRAIN-4757,Chicago-Seattle,1963,Rain,2179,33,42.67457376047688,9.0,15,81.02139939854588,1
TRAIN-4758,Chicago-Seattle,1049,Snow,4468,47,53.28345626492475,22.0,28,87.629614977713,1
TRAIN-4759,Texas-Portland,752,Snow,6445,75,83.95264084092547,5.0,29,83.60547214791531,1
TRAIN-4760,Texas-Portland,1537,Snow,3040,33,37.44136082864191,3.0,17,66.33685866330067,1
TRAIN-4761,Chicago-Seattle,672,Snow,3839,75,78.01580875184743,12.0,13,64.52775102981862,1
TRAIN-4762,Denver-LA,997,Fog,6119,74,89.59412560760187,,20,61.35766261800199,1
TRAIN-4763,Denver-LA,1463,Rain,1995,56,57.090924597596505,16.0,23,80.82696852063137,0
TRAIN-4764,Denver-LA,1891,Clear,5381,59,67.32412213116721,,25,74.83573267195722,1
TRAIN-4765,Chicago-Seattle,1692,Snow,3230,83,85.26862038953932,17.0,7,98.22419698966857,1
TRAIN-4766,Texas-Portland,1150,Snow,5797,30,38.04350873500432,8.0,11,63.12766571376849,1
TRAIN-4767,Denver-LA,1275,Fog,5497,63,67.34796434735607,10.0,15,,1
TRAIN-4768,Texas-Portland,1429,Snow,7429,35,47.013468422120994,10.0,2,97.84542269082547,1
TRAIN-4769,Denver-LA,1845,Fog,4513,90,96.94601098628759,23.0,10,94.22302131755848,1
TRAIN-4770,Chicago-Seattle,509,Clear,2690,35,29.776549800796772,20.0,17,91.61783807332515,0
TRAIN-4771,Texas-Portland,1187,Rain,7267,83,90.78597144780959,23.0,5,91.0114711585662,1
TRAIN-4772,Denver-LA,1995,Rain,4721,83,87.12533233136821,7.0,1,78.38239650499241,1
TRAIN-4773,Denver-LA,922,Fog,5383,35,44.18238216981946,18.0,4,97.05093764844855,1
TRAIN-4774,Texas-Portland,822,Snow,7161,71,83.30487498072821,16.0,10,82.2813300830911,1
TRAIN-4775,Texas-Portland,1438,Clear,7435,75,84.66538625947835,20.0,21,97.27625590941167,1
TRAIN-4776,Texas-Portland,1206,Fog,2970,41,42.345671656886026,6.0,2,98.96269555469824,0
TRAIN-4777,Texas-Portland,690,Fog,4536,64,63.015785578208884,13.0,3,90.79793617933504,0
TRAIN-4778,Denver-LA,1396,Clear,3772,46,41.309526140739464,20.0,10,77.11237253283159,0
TRAIN-4779,Chicago-Seattle,894,Snow,3006,24,29.886934996655082,1.0,22,61.665348781781816,1
TRAIN-4780,Texas-Portland,1001,Snow,7178,77,85.86331407245635,16.0,26,83.85366051722066,1
TRAIN-4781,Chicago-Seattle,1542,Clear,1707,87,84.4576813886911,21.0,6,89.98486115286289,0
TRAIN-4782,Chicago-Seattle,1379,Fog,3259,78,78.94739472152281,21.0,29,98.01458915106949,0
TRAIN-4783,Denver-LA,1494,Clear,6033,81,90.3300034825571,8.0,27,86.21093456117322,1
TRAIN-4784,Denver-LA,758,Snow,5367,55,66.5680770535399,22.0,25,61.7200857491753,1
TRAIN-4785,Texas-Portland,1518,Snow,5853,83,91.4531273916392,20.0,19,,1
TRAIN-4786,Chicago-Seattle,1771,Rain,7542,82,93.28379195850127,5.0,23,61.216717262458644,1
TRAIN-4787,Texas-Portland,529,Rain,5453,31,36.45849414756161,19.0,16,81.90458434663807,1
TRAIN-4788,Denver-LA,1360,Snow,2609,75,80.18594394654212,20.0,14,86.11133973662021,1
TRAIN-4789,Chicago-Seattle,1714,Clear,5383,83,84.65481469334266,7.0,2,64.88664631984271,0
TRAIN-4790,Chicago-Seattle,1440,Snow,6063,45,56.40568741408315,21.0,2,93.868344361309,1
TRAIN-4791,Denver-LA,1749,Fog,7584,57,68.70141771214817,10.0,28,87.8513520307216,1
TRAIN-4792,Denver-LA,714,Clear,4059,72,70.20854582071183,,23,71.1833239128025,0
TRAIN-4793,Denver-LA,1444,Snow,7110,32,46.97457276898717,15.0,22,88.41111567235846,1
TRAIN-4794,Denver-LA,1553,Snow,4805,59,68.16305862999494,18.0,13,75.31403504062254,1
TRAIN-4795,Denver-LA,1033,Fog,7388,32,42.52433622750221,6.0,1,61.62558507942923,1
TRAIN-4796,Denver-LA,1927,Snow,6425,95,108.55028262912533,16.0,15,72.4722046521911,1
TRAIN-4797,Chicago-Seattle,1540,Snow,2141,71,73.83089541663877,16.0,19,70.30707058118884,1
TRAIN-4798,Chicago-Seattle,1436,Fog,5476,67,69.52975226555093,19.0,13,74.56074386046703,1
TRAIN-4799,Chicago-Seattle,1687,Fog,6590,52,61.22043661109034,2.0,15,73.65198353712906,1
TRAIN-4800,Texas-Portland,882,Clear,7974,39,47.94078765053578,6.0,14,79.83173332449896,1
TRAIN-4801,Texas-Portland,1125,Snow,6840,83,94.46848635944492,12.0,19,71.06581848637924,1
TRAIN-4802,Chicago-Seattle,1518,Rain,4670,48,56.13808877253008,16.0,23,65.77055670696518,1
TRAIN-4803,Denver-LA,727,Rain,1340,33,31.320499363061042,11.0,18,79.71748028408743,0
TRAIN-4804,Chicago-Seattle,941,Clear,4804,69,68.85570224251055,,2,96.16874579180953,0
TRAIN-4805,Texas-Portland,1117,Rain,3698,57,61.98815434260743,15.0,10,66.12545728259684,1
TRAIN-4806,Texas-Portland,1796,Snow,5174,62,69.36002268110282,,24,74.37229843456986,1
TRAIN-4807,Texas-Portland,834,Clear,6720,65,72.5033946666602,9.0,12,60.46316531262513,1
TRAIN-4808,Texas-Portland,1881,Rain,4138,50,46.54745986344659,14.0,16,66.79802383985971,0
TRAIN-4809,Denver-LA,1999,Rain,1852,52,50.02604706053328,4.0,18,78.36408687966136,0
TRAIN-4810,Chicago-Seattle,1370,Clear,2669,72,72.54622803252857,9.0,4,75.89405346399198,0
TRAIN-4811,Denver-LA,1112,Fog,1771,49,47.56020016337491,17.0,1,94.9201192319334,0
TRAIN-4812,Texas-Portland,1926,Clear,3990,67,64.5540986510368,3.0,29,61.98746373000462,0
TRAIN-4813,Texas-Portland,1985,Snow,1456,82,89.06153802221979,6.0,21,78.34955074253763,1
TRAIN-4814,Chicago-Seattle,1270,Snow,1076,73,74.18132203052053,23.0,10,91.48759846564785,0
TRAIN-4815,Denver-LA,584,Snow,3812,89,96.31386624414014,7.0,16,80.67528509557457,1
TRAIN-4816,Chicago-Seattle,575,Snow,3849,70,80.20655032477275,16.0,2,84.48271354716408,1
TRAIN-4817,Texas-Portland,1708,Rain,4461,50,49.26398001287407,17.0,19,88.30993369040897,0
TRAIN-4818,Chicago-Seattle,1269,Clear,5648,57,61.06976411141348,3.0,27,79.12096800042036,1
TRAIN-4819,Texas-Portland,724,Snow,1410,53,53.134592355928994,4.0,10,88.54453641372581,0
TRAIN-4820,Chicago-Seattle,1408,Snow,4925,29,36.37591743826956,16.0,14,61.57510459994838,1
TRAIN-4821,Chicago-Seattle,1609,Rain,6213,74,85.10676381549965,21.0,18,76.65120069719755,1
TRAIN-4822,Chicago-Seattle,1278,Rain,3128,70,69.18197251779401,11.0,9,62.13968800008839,0
TRAIN-4823,Texas-Portland,694,Snow,3064,37,40.758020730793454,23.0,25,76.74113526984408,1
TRAIN-4824,Chicago-Seattle,1086,Fog,1127,68,66.15563741921858,21.0,1,87.23634459063868,0
TRAIN-4825,Chicago-Seattle,1579,Rain,5562,51,56.56663964086096,5.0,28,71.70536633028797,1
TRAIN-4826,Denver-LA,714,Rain,7789,64,78.04092588461238,15.0,21,73.22436226678602,1
TRAIN-4827,Texas-Portland,1546,Fog,2362,65,70.3041300418984,24.0,18,70.12033961533139,1
TRAIN-4828,Denver-LA,1946,Snow,7601,28,43.00879282064142,22.0,8,73.20680724518637,1
TRAIN-4829,Chicago-Seattle,1062,Snow,6001,79,96.41511971581818,7.0,6,98.05810830041594,1
TRAIN-4830,Texas-Portland,750,Snow,3454,91,97.9454263253388,19.0,13,77.83081467095482,1
TRAIN-4831,Chicago-Seattle,1569,Fog,3863,86,89.93409456000751,6.0,25,80.9381722066872,1
TRAIN-4832,Chicago-Seattle,1832,Rain,2458,54,58.805596023765396,5.0,24,99.17520224767361,1
TRAIN-4833,Texas-Portland,1562,Rain,1127,66,61.49682051619424,18.0,2,68.58719804108839,0
TRAIN-4834,Chicago-Seattle,1295,Rain,1346,67,65.91972482672827,16.0,13,81.10494277257195,0
TRAIN-4835,Chicago-Seattle,1263,Fog,1909,72,72.49528526098662,10.0,2,90.89144269585425,0
TRAIN-4836,Texas-Portland,823,Fog,6427,70,78.24748388574521,17.0,27,94.19674564887077,1
TRAIN-4837,Denver-LA,1227,Fog,4693,75,79.90085423106434,6.0,5,97.56144658639488,1
TRAIN-4838,Denver-LA,1088,Clear,6692,71,80.95701637454872,4.0,12,72.53511830277169,1
TRAIN-4839,Texas-Portland,1463,Clear,6095,61,63.83362771552115,,29,71.94591450516367,1
TRAIN-4840,Chicago-Seattle,1021,Clear,6723,31,41.61831247170995,5.0,14,99.35674995893115,1
TRAIN-4841,Denver-LA,813,Rain,3705,92,89.76913631425361,18.0,25,78.74669285074248,0
TRAIN-4842,Texas-Portland,1581,Clear,1266,75,70.2379555006769,14.0,24,65.86416037751957,0
TRAIN-4843,Texas-Portland,1602,Clear,1995,76,74.06554309941912,8.0,25,60.84892171210373,0
TRAIN-4844,Denver-LA,881,Fog,6520,93,103.13632760484555,5.0,25,85.30488893285015,1
TRAIN-4845,Texas-Portland,1002,Clear,5484,42,49.099760911664816,16.0,9,79.23616262027605,1
TRAIN-4846,Chicago-Seattle,1770,Rain,1477,35,33.354990410477015,18.0,24,70.77343780653483,0
TRAIN-4847,Denver-LA,1723,Fog,4818,32,35.33484519784932,18.0,26,97.39649511382859,1
TRAIN-4848,Texas-Portland,702,Fog,5233,40,46.35532523327053,4.0,7,72.02296834912987,1
TRAIN-4849,Texas-Portland,543,Rain,3577,86,92.54244057591463,9.0,20,75.7975667470328,1
TRAIN-4850,Texas-Portland,589,Fog,2322,61,62.49929226699463,18.0,17,63.317724800457526,0
TRAIN-4851,Denver-LA,1692,Fog,7522,66,82.10349077899491,17.0,3,73.60698529486106,1
TRAIN-4852,Texas-Portland,1980,Fog,3881,79,82.63358712893215,15.0,14,77.41844169234099,1
TRAIN-4853,Chicago-Seattle,735,Snow,7239,37,49.2233713062661,18.0,16,86.13362390263096,1
TRAIN-4854,Denver-LA,648,Clear,7675,45,55.77353084955668,4.0,1,88.63451748162451,1
TRAIN-4855,Denver-LA,1415,Rain,7717,81,95.75402778887045,24.0,22,63.27782958790933,1
TRAIN-4856,Chicago-Seattle,1535,Fog,1060,83,81.94576185426556,24.0,13,93.25823412319363,0
TRAIN-4857,Chicago-Seattle,1830,Clear,5515,38,43.534137761916426,20.0,16,88.15977257344339,1
TRAIN-4858,Denver-LA,857,Snow,5066,52,65.66547527805002,21.0,24,97.1579823828238,1
TRAIN-4859,Chicago-Seattle,1830,Clear,4844,77,83.1982983869738,16.0,12,69.92832685937205,1
TRAIN-4860,Texas-Portland,569,Snow,2200,54,61.062576267782354,24.0,8,91.54340760349008,1
TRAIN-4861,Denver-LA,835,Fog,5543,50,55.91019859473523,19.0,11,99.00135336831772,1
TRAIN-4862,Chicago-Seattle,1383,Clear,5896,94,99.04476171050699,20.0,20,87.74217524341903,1
TRAIN-4863,Denver-LA,611,Fog,5478,54,59.376223964367014,15.0,25,66.19162605871122,1
TRAIN-4864,Denver-LA,1979,Rain,2696,59,60.451949414750466,17.0,25,,0
TRAIN-4865,Chicago-Seattle,599,Rain,1466,53,49.41925191038819,21.0,4,,0
TRAIN-4866,Denver-LA,895,Snow,1547,40,38.242703491561684,19.0,13,74.64211032765341,0
TRAIN-4867,Chicago-Seattle,1883,Clear,5766,68,77.9355302016084,7.0,18,73.91113339937101,1
TRAIN-4868,Texas-Portland,1301,Clear,3710,88,89.03795632289415,5.0,28,88.20468640465657,0
TRAIN-4869,Denver-LA,628,Clear,4473,30,25.71273689854098,24.0,1,98.03626728680233,0
TRAIN-4870,Chicago-Seattle,877,Snow,7734,29,44.1166111611117,1.0,17,80.48795003579083,1
TRAIN-4871,Denver-LA,1216,Clear,6202,53,58.21689810103805,18.0,27,63.041637351248006,1
TRAIN-4872,Texas-Portland,536,Snow,5439,75,85.69805577852466,22.0,17,72.69910988174281,1
TRAIN-4873,Denver-LA,1316,Snow,6622,91,96.22961511598808,3.0,18,61.10490599882731,1
TRAIN-4874,Denver-LA,1674,Clear,6474,45,52.756658238830816,24.0,16,62.04850450822329,1
TRAIN-4875,Chicago-Seattle,587,Rain,2640,40,39.1225605423616,8.0,15,99.62418658449462,0
TRAIN-4876,Texas-Portland,598,Snow,2918,36,41.67678058077264,19.0,15,92.63077637573001,1
TRAIN-4877,Texas-Portland,1008,Fog,2065,65,68.12140701231685,22.0,21,72.55527865346596,1
TRAIN-4878,Denver-LA,1778,Fog,3248,89,95.1548194222346,24.0,22,77.2799591285928,1
TRAIN-4879,Chicago-Seattle,601,Snow,7271,35,44.56518083912066,9.0,24,77.59495653341678,1
TRAIN-4880,Chicago-Seattle,1026,Clear,3168,31,33.448532511152294,8.0,14,87.2123906747633,1
TRAIN-4881,Denver-LA,1056,Fog,1547,38,39.036863292001286,9.0,4,88.45671589730611,0
TRAIN-4882,Chicago-Seattle,568,Rain,5775,62,64.65421879739934,2.0,7,61.47435658244198,1
TRAIN-4883,Denver-LA,1327,Rain,1542,79,78.15693925365011,19.0,9,61.51474256634693,0
TRAIN-4884,Texas-Portland,592,Fog,5855,75,83.86808660769832,10.0,26,97.45111431254263,1
TRAIN-4885,Denver-LA,1131,Rain,1613,57,56.61045886237273,24.0,26,95.08888009975144,0
TRAIN-4886,Denver-LA,526,Clear,2396,88,82.96798484593869,8.0,7,81.08348588873713,0
TRAIN-4887,Chicago-Seattle,1416,Rain,2939,36,34.39350969360859,7.0,5,72.59965454431841,0
TRAIN-4888,Denver-LA,1667,Rain,4226,76,82.42705794883003,14.0,12,68.72179122505926,1
TRAIN-4889,Texas-Portland,1329,Clear,3230,47,45.67650425246973,21.0,24,83.99990268986392,0
TRAIN-4890,Chicago-Seattle,1781,Snow,7882,46,58.723881559869305,18.0,17,98.91349233408343,1
TRAIN-4891,Texas-Portland,1668,Rain,1739,50,48.40417780305005,15.0,24,72.74164047790354,0
TRAIN-4892,Texas-Portland,1212,Fog,1278,60,55.565256869217016,,10,71.82724918707453,0
TRAIN-4893,Texas-Portland,763,Rain,4857,32,38.3094137174431,5.0,18,96.83450532042085,1
TRAIN-4894,Chicago-Seattle,1275,Clear,6963,70,81.68388074103284,3.0,29,88.80138944584601,1
TRAIN-4895,Texas-Portland,854,Clear,5007,50,55.28220684815774,6.0,14,63.4319382431636,1
TRAIN-4896,Texas-Portland,861,Clear,7558,44,51.543798013414396,6.0,22,62.65968305174833,1
TRAIN-4897,Denver-LA,1476,Clear,5796,59,64.80210491651303,17.0,9,82.52879565060996,1
TRAIN-4898,Denver-LA,1464,Fog,7656,32,42.434864800830354,2.0,8,74.54593141673386,1
TRAIN-4899,Denver-LA,1180,Snow,3095,62,60.30648047456703,17.0,3,84.09698985220965,0
TRAIN-4900,Chicago-Seattle,665,Clear,7527,72,78.66295818950472,16.0,27,62.80015826754634,1
TRAIN-4901,Denver-LA,1602,Clear,1041,68,66.25866189159692,5.0,13,67.00138054556764,0
TRAIN-4902,Chicago-Seattle,1264,Fog,6104,34,40.75815514946718,19.0,4,69.27121203909675,1
TRAIN-4903,Texas-Portland,528,Rain,3841,33,33.46348852205889,21.0,18,63.00689716959412,0
TRAIN-4904,Chicago-Seattle,1503,Rain,7090,48,59.07152221173213,13.0,13,94.5183680587555,1
TRAIN-4905,Chicago-Seattle,1528,Rain,6866,39,49.833118313771045,14.0,10,78.26817960792184,1
TRAIN-4906,Denver-LA,1323,Rain,3859,73,78.513414689988,13.0,3,93.71955456351182,1
TRAIN-4907,Denver-LA,1124,Fog,1639,84,79.70163565643234,17.0,20,88.7128233300085,0
TRAIN-4908,Texas-Portland,834,Clear,3828,41,39.40578100230182,13.0,24,64.20989815106765,0
TRAIN-4909,Texas-Portland,1737,Snow,7058,73,82.17113278706157,2.0,23,97.54614501476476,1
TRAIN-4910,Denver-LA,543,Snow,6398,68,83.61821993327301,4.0,8,67.95377793720455,1
TRAIN-4911,Chicago-Seattle,971,Fog,4261,42,46.445817043066775,3.0,5,81.44930592976623,1
TRAIN-4912,Chicago-Seattle,1948,Clear,2686,61,58.506131292030986,17.0,23,97.93238636915429,0
TRAIN-4913,Chicago-Seattle,730,Fog,4957,74,84.40008150780848,19.0,10,65.67715582886403,1
TRAIN-4914,Denver-LA,1410,Rain,5934,88,96.45079599174696,6.0,21,84.90012363517727,1
TRAIN-4915,Chicago-Seattle,1734,Clear,4876,24,22.59787608337196,14.0,22,,0
TRAIN-4916,Chicago-Seattle,633,Snow,5004,64,73.06158918575257,22.0,1,63.02323368546819,1
TRAIN-4917,Denver-LA,558,Rain,5051,42,46.13721230909142,20.0,2,91.30549248334049,1
TRAIN-4918,Denver-LA,551,Snow,3626,57,59.36104861481438,24.0,11,82.06719571746127,1
TRAIN-4919,Texas-Portland,1324,Fog,6177,34,40.105746307473424,8.0,5,69.49399527024296,1
TRAIN-4920,Texas-Portland,1304,Snow,3060,44,45.83966471207924,4.0,24,76.27111635369278,0
TRAIN-4921,Denver-LA,1504,Rain,4134,65,68.16026555421607,10.0,13,71.01107337536341,1
TRAIN-4922,Texas-Portland,1167,Rain,3988,88,87.51411207675685,14.0,27,81.03778480587128,0
TRAIN-4923,Denver-LA,1751,Snow,7924,79,98.18854038282561,17.0,22,73.59037078109144,1
TRAIN-4924,Denver-LA,1916,Snow,1116,94,92.79952981175526,3.0,17,92.98138125234883,0
TRAIN-4925,Chicago-Seattle,1613,Fog,6649,33,39.60072193330411,2.0,16,73.38508710865135,1
TRAIN-4926,Texas-Portland,788,Fog,7689,39,48.271580123020264,24.0,12,78.82996593403867,1
TRAIN-4927,Chicago-Seattle,1047,Rain,6074,46,52.72354572368356,4.0,8,75.32455954763023,1
TRAIN-4928,Texas-Portland,575,Clear,2214,64,65.61053094041618,20.0,17,63.12030083350075,0
TRAIN-4929,Chicago-Seattle,1366,Clear,2832,41,48.12679660153307,8.0,9,89.48487647509282,1
TRAIN-4930,Texas-Portland,1414,Rain,1922,24,21.528826632144828,5.0,20,69.06890363581908,0
TRAIN-4931,Denver-LA,1756,Fog,1986,73,79.93726064104037,2.0,27,82.59903915210086,1
TRAIN-4932,Denver-LA,1325,Clear,7794,58,68.80486207093098,4.0,29,75.40270175903741,1
TRAIN-4933,Denver-LA,1855,Fog,6418,46,59.014186591615406,1.0,26,78.16179068349231,1
TRAIN-4934,Texas-Portland,1647,Rain,4375,51,55.74912536454059,19.0,15,82.45937547251825,1
TRAIN-4935,Denver-LA,515,Clear,7751,68,76.14370614882306,16.0,8,80.14795807301655,1
TRAIN-4936,Texas-Portland,1934,Snow,1925,63,70.1076120982707,1.0,17,81.63119434079927,1
TRAIN-4937,Texas-Portland,785,Rain,7271,68,84.22335468752631,2.0,28,88.50319743595998,1
TRAIN-4938,Chicago-Seattle,772,Clear,5572,84,88.70236640916588,2.0,24,70.31493463875547,1
TRAIN-4939,Denver-LA,1020,Snow,2323,91,99.21360220433651,5.0,29,67.79398953079324,1
TRAIN-4940,Texas-Portland,1688,Snow,6592,82,88.0865852548231,18.0,12,81.01385257653085,1
TRAIN-4941,Denver-LA,1814,Snow,3563,63,68.53336598369948,4.0,24,77.272263067985,1
TRAIN-4942,Denver-LA,1477,Clear,2517,48,52.2287445816051,22.0,1,95.12064607201194,1
TRAIN-4943,Denver-LA,868,Rain,1099,81,79.44862715308724,11.0,25,,0
TRAIN-4944,Texas-Portland,1482,Clear,7409,43,47.62507314954666,22.0,1,84.66212346658256,1
TRAIN-4945,Denver-LA,1315,Snow,4863,28,35.557697312319235,14.0,11,86.65192337197516,1
TRAIN-4946,Chicago-Seattle,1026,Rain,4854,39,46.27124875302024,18.0,9,93.02552081188398,1
TRAIN-4947,Denver-LA,1464,Rain,7441,44,49.52607460936608,10.0,1,83.95894026089073,1
TRAIN-4948,Denver-LA,1953,Rain,7125,76,78.56785128109365,5.0,4,95.1131052958751,1
TRAIN-4949,Denver-LA,1878,Rain,5776,89,92.41166372807898,6.0,25,69.12206092996004,1
TRAIN-4950,Denver-LA,1267,Snow,6718,50,62.3608541426831,17.0,12,94.99011647618111,1
TRAIN-4951,Denver-LA,1959,Fog,1634,65,69.6258606860774,12.0,21,,1
TRAIN-4952,Chicago-Seattle,859,Clear,5449,69,70.91073643095544,12.0,2,98.85722322663145,0
TRAIN-4953,Denver-LA,1041,Fog,7759,69,82.5318902004543,17.0,19,84.54892915398503,1
TRAIN-4954,Chicago-Seattle,715,Rain,1222,89,87.15183405953161,17.0,24,81.12397902835889,0
TRAIN-4955,Chicago-Seattle,527,Clear,2194,81,78.55615956199182,8.0,11,64.51421928853915,0
TRAIN-4956,Chicago-Seattle,1206,Rain,3200,55,50.95553110175768,9.0,24,91.52120326178812,0
TRAIN-4957,Texas-Portland,636,Fog,3760,43,47.16848414734991,22.0,24,95.55685318628719,1
TRAIN-4958,Denver-LA,1489,Fog,6498,87,99.13203123678682,,9,63.57442085452569,1
TRAIN-4959,Texas-Portland,1507,Rain,3170,79,84.11589166213952,13.0,15,88.40801734759734,1
TRAIN-4960,Texas-Portland,1513,Rain,7587,45,51.5222164359531,1.0,2,74.87701401307844,1
TRAIN-4961,Chicago-Seattle,1962,Fog,5207,73,78.44748449812049,24.0,1,79.90279293421813,1
TRAIN-4962,Denver-LA,1646,Fog,1200,47,40.974247137837644,1.0,21,84.3065035733852,0
TRAIN-4963,Chicago-Seattle,1911,Clear,3691,56,60.41535060535069,5.0,28,65.02610809197054,1
TRAIN-4964,Chicago-Seattle,1003,Clear,3393,62,61.84841552182242,1.0,29,92.96949258396134,0
TRAIN-4965,Texas-Portland,1419,Clear,1246,54,48.71064906826662,16.0,1,92.98976589067708,0
TRAIN-4966,Texas-Portland,710,Fog,3641,37,40.049127357675516,9.0,23,82.50286130100253,1
TRAIN-4967,Texas-Portland,593,Clear,1580,65,65.17943805225525,6.0,11,82.11152944116289,0
TRAIN-4968,Texas-Portland,844,Fog,1918,90,87.16000107998175,24.0,9,60.61169876010168,0
TRAIN-4969,Chicago-Seattle,1887,Clear,2126,65,62.286737529149235,13.0,20,83.62125192963073,0
TRAIN-4970,Chicago-Seattle,1643,Clear,1281,87,79.90188104647426,10.0,22,85.31607685748372,0
TRAIN-4971,Chicago-Seattle,563,Rain,2481,77,73.77723780909001,5.0,8,91.83642377211959,0
TRAIN-4972,Denver-LA,862,Snow,6406,31,41.4004742946663,19.0,5,,1
TRAIN-4973,Chicago-Seattle,1794,Clear,5316,71,78.7332022117574,2.0,23,91.30376481627546,1
TRAIN-4974,Chicago-Seattle,810,Clear,4897,38,40.01361379075356,16.0,15,70.60607727805133,1
TRAIN-4975,Chicago-Seattle,559,Clear,2082,64,63.24006445813662,22.0,12,64.0368115867276,0
TRAIN-4976,Chicago-Seattle,1575,Clear,7382,89,97.5212608459345,4.0,17,86.53102636576907,1
TRAIN-4977,Texas-Portland,1336,Fog,4949,71,75.10797741373564,5.0,2,93.96378365030893,1
TRAIN-4978,Texas-Portland,1061,Clear,5414,53,58.2092704361989,24.0,11,73.0664335779632,1
TRAIN-4979,Texas-Portland,1766,Snow,5538,83,103.08429520219212,11.0,18,72.4875735664012,1
TRAIN-4980,Texas-Portland,1706,Snow,7000,51,61.469843567155166,5.0,15,71.3394526931004,1
TRAIN-4981,Chicago-Seattle,1163,Rain,7303,54,66.58664317901328,11.0,18,87.45416826492428,1
TRAIN-4982,Texas-Portland,1861,Rain,1566,42,42.26339201479536,2.0,24,65.68428082654641,0
TRAIN-4983,Chicago-Seattle,1985,Rain,1784,83,81.81943621989717,17.0,25,94.3636544171543,0
TRAIN-4984,Chicago-Seattle,1337,Fog,3329,28,29.377902147169916,,5,82.3446486522048,0
TRAIN-4985,Texas-Portland,1861,Rain,1363,75,65.25710513681967,3.0,27,89.12840244685731,0
TRAIN-4986,Chicago-Seattle,1743,Fog,5500,71,79.62148609167023,4.0,3,66.2310207069557,1
TRAIN-4987,Texas-Portland,1767,Rain,6114,27,34.10903835729553,22.0,22,96.80055736520708,1
TRAIN-4988,Chicago-Seattle,1769,Snow,3435,86,88.38623908322643,5.0,26,84.84347084397157,1
TRAIN-4989,Texas-Portland,608,Fog,5197,37,45.509631694074,6.0,21,76.78752459664574,1
TRAIN-4990,Denver-LA,1031,Snow,1434,46,46.16256505708696,1.0,17,62.52717908510417,0
TRAIN-4991,Chicago-Seattle,602,Rain,6244,46,54.30597539472727,16.0,10,69.46065036008045,1
TRAIN-4992,Chicago-Seattle,1876,Rain,7693,39,50.11207443728178,6.0,13,94.7597955380059,1
TRAIN-4993,Texas-Portland,751,Rain,3205,32,34.736569575820155,6.0,8,70.09623506404304,1
TRAIN-4994,Texas-Portland,1424,Rain,4744,31,34.09702663949223,11.0,15,86.01275935493229,1
TRAIN-4995,Denver-LA,523,Clear,7422,50,57.89292948499924,16.0,8,99.32311161889103,1
TRAIN-4996,Texas-Portland,851,Clear,2541,91,91.80422042122542,14.0,18,89.7328779428037,0
TRAIN-4997,Chicago-Seattle,1984,Rain,4277,35,36.98471225979238,24.0,10,94.8626146591385,0
TRAIN-4998,Denver-LA,1263,Clear,7376,48,55.767206406800476,20.0,1,97.0151840417494,1
TRAIN-4999,Denver-LA,762,Clear,3470,75,73.13872672988263,20.0,9,71.65509758360733,0
